id,name,facility_type,street,city,state,zip,county,latitude,longitude,accepts_septage,accepts_grease_trap,accepts_portable_toilet,pricing_notes,phone,email,website,frs_id,npdes_id,state_permit_id,first_seen_at,last_seen_at
0049c008-4a05-4661-aba5-a64d91d4113b,Parcel No. 78294 Masonry Ln. SFR,private_regional_septage_facility,,,NC,,Chatham,,,Unknown,Unknown,Unknown,,,,https://edocs.deq.nc.gov/WaterResources/Search.aspx?dbid=0&searchcommand=%7B%5B%5D%3A%5BID%20%23%5D%3D%22WQ0022916%22%7D,,,WQ0022916,2026-06-13 02:20:02.366830+00:00,2026-06-13 02:20:02.366830+00:00
004b2099-51d6-494c-ba96-a1bf33949710,CB Septic,private_regional_septage_facility,2211 Braswell Rushing Rd,Monroe,NC,,Union,,,Unknown,Unknown,Unknown,,937.-72.1901,,,,,NCS-01907,2026-06-13 02:20:14.798453+00:00,2026-06-13 02:20:14.798453+00:00
004bddb7-def7-4e4b-aa2c-487fc76a0126,"Gerald Temple Septic Service, LLC",private_regional_septage_facility,1896 Temple Road,Bunnlevel,NC,,Harnett,35.312892607921,-78.854498309644,Yes,Yes,Unknown,,(910) 893-4953,,,,,NCS-01692,2026-06-13 02:20:07.409760+00:00,2026-06-13 02:20:07.409760+00:00
00507f0b-c51c-48df-b208-821765260496,Wells Pork-Beef Products WWTF,private_regional_septage_facility,,,NC,,Pender,,,Unknown,Unknown,Unknown,,,,https://edocs.deq.nc.gov/WaterResources/Search.aspx?dbid=0&searchcommand=%7B%5B%5D%3A%5BID%20%23%5D%3D%22WQ0012709%22%7D,,,WQ0012709,2026-06-13 02:20:02.366830+00:00,2026-06-13 02:20:02.366830+00:00
0078149e-ced4-431d-927b-afcf8df994f1,Danny's Dumpster Compost Facility - Leicester,composting_facility,43 Poor Man's Hollow,Leicester,NC,28748,Buncombe,35.592768,-82.680572,Unknown,Unknown,Unknown,,(828) 380-9094,,,,,1120-COMPOST-2023,2026-06-13 02:20:07.409760+00:00,2026-06-13 02:20:07.409760+00:00
00abf1b4-1580-44a1-80c4-4404353f63a2,Reflow Septic Solutions Inc,private_regional_septage_facility,3350 Huffines Dr,Burlington,NC,,Alamance,36.157571502773,-79.444677853939,Unknown,Unknown,Unknown,,,,,,,NCS-01316,2026-06-13 02:20:07.409760+00:00,2026-06-13 02:20:07.409760+00:00
00ae4482-5a07-4e13-81bc-28b148283fca,LIQUID ENVIRONMENTAL SOLUTIONS OF TEXAS LP PROCESSING FACILITY,private_regional_septage_facility,250 GELLHORN DR,HOUSTON,TX,77013,HARRIS,29.785555,-95.260833,Yes,Yes,Unknown,,,,,,,2234D,2026-06-13 02:19:52.391210+00:00,2026-06-13 02:19:52.391210+00:00
00d7a122-5853-42c9-bfb8-86f8153444a1,EZ WASTE,transfer_station,10217 WALLISVILLE RD UNIT C,HOUSTON,TX,77013-4115,Harris,29.794501,-95.24968,Unknown,Unknown,Unknown,,,,,110070362519,TXR05CN07,2386,2026-06-13 02:11:43.714909+00:00,2026-06-13 02:19:52.391210+00:00
00e09f1b-ba94-4aff-a6a3-705e79dbebc0,Smokey Mountain Disposal,private_regional_septage_facility,PO Box 581,Sylva,NC,,Jackson,,,Unknown,Unknown,Unknown,,,,,,,NCS-01214,2026-06-13 02:20:14.798453+00:00,2026-06-13 02:20:14.798453+00:00
014d4d5e-c03f-4140-8703-22b2be03abd2,CITY OF MIDLAND EAST CITIZENS CONVENIENCE CENTER,transfer_station,1924 E CUTHBERT AVE,MIDLAND,TX,79701,MIDLAND,32.013111,-102.056028,Unknown,Unknown,Unknown,,,,,,,120216,2026-06-13 02:19:52.391210+00:00,2026-06-13 02:19:52.391210+00:00
0158ce45-0b31-436f-89fe-217d8789d87d,LIQUITEK ARLINGTON LIQUID WASTE PROC FAC,private_regional_septage_facility,408 113TH ST,ARLINGTON,TX,76011,TARRANT,32.7448,-97.0432,Unknown,Unknown,Unknown,,,,,,,2379,2026-06-13 02:19:41.329224+00:00,2026-06-13 02:19:41.329224+00:00
015fb5fc-be50-4fe8-8f47-18347835a409,Dogwood Veterinary Hospital and Pet Resort WWTF,private_regional_septage_facility,,,NC,,Chatham,,,Unknown,Unknown,Unknown,,,,https://edocs.deq.nc.gov/WaterResources/Search.aspx?dbid=0&searchcommand=%7B%5B%5D%3A%5BID%20%23%5D%3D%22WQ0030304%22%7D,,,WQ0030304,2026-06-13 02:20:02.366830+00:00,2026-06-13 02:20:02.366830+00:00
0160d834-90d0-43c4-849e-fa23005d0ce8,The Septic Guy,private_regional_septage_facility,P.O. Box 9089,Rocky Mount,NC,,Nash,,,Unknown,Unknown,Unknown,,(252) 442-9340,,,,,NCS-01096,2026-06-13 02:20:14.798453+00:00,2026-06-13 02:20:14.798453+00:00
0181fabe-e56e-4a81-ac64-9b8b61fe5ac8,Builders FirstSource - Apex Yard WWTF,private_regional_septage_facility,,,NC,,Chatham,,,Unknown,Unknown,Unknown,,,,https://edocs.deq.nc.gov/WaterResources/Search.aspx?dbid=0&searchcommand=%7B%5B%5D%3A%5BID%20%23%5D%3D%22WQ0014391%22%7D,,,WQ0014391,2026-06-13 02:20:02.366830+00:00,2026-06-13 02:20:02.366830+00:00
01c807f3-124c-4358-994a-abc742cb214a,GREEN GROUND COMPOST,composting_facility,7513 ANGLIN DR,FORT WORTH,TX,76140,TARRANT,32.643013,-97.250694,Unknown,Unknown,Unknown,,,,,,,47046,2026-06-13 02:19:52.391210+00:00,2026-06-13 02:19:52.391210+00:00
01fbde70-004a-40dd-a608-dab05ae2252d,Nourse Farms NC WWTP,potw_receiving_station,,,NC,,Henderson,,,Unknown,Unknown,Unknown,,,,https://edocs.deq.nc.gov/WaterResources/Search.aspx?dbid=0&searchcommand=%7B%5B%5D%3A%5BID%20%23%5D%3D%22WQ0041136%22%7D,,,WQ0041136,2026-06-13 02:20:02.366830+00:00,2026-06-13 02:20:02.366830+00:00
0211c413-3995-4da8-82fd-d8b31ca470ac,Haynes,private_regional_septage_facility,3572 Peppers Ferry Road,Wytheville,NC,,Alleghany,,,Yes,Yes,Yes,,(276) 228-3548,,,,,NCS-01188,2026-06-13 02:20:07.409760+00:00,2026-06-13 02:20:07.409760+00:00
021ebb0d-db00-49e3-a7df-c3907cbba73a,B&B Burns Septic Pumping,private_regional_septage_facility,1 Presley Branch Road,Arden,NC,,Buncombe,35.457670882585,-82.503402021883,Yes,Unknown,Unknown,,(828) 691-6911,,,,,NCS-01339,2026-06-13 02:20:07.409760+00:00,2026-06-13 02:20:07.409760+00:00
0236cbcb-9e52-437f-8eb3-41a20486bb04,Mulls Septic,private_regional_septage_facility,2416 Mt Home Church Road,Morganton,NC,,Burke,35.705434812791,-81.647344797728,Yes,Unknown,Unknown,,(828) 437-0959,,,,,NCS-00143,2026-06-13 02:20:07.409760+00:00,2026-06-13 02:20:07.409760+00:00
02397a1c-1148-4763-8826-cbf6d12829aa,Lloyds Portable Toilet Rentals & Septic Tank Pumping,private_regional_septage_facility,3748 South NC 87,Graham,NC,,Alamance,35.98668327093,-79.388946610048,Yes,Yes,Yes,,(336) 516-0444,,,,,NCS-00047,2026-06-13 02:20:07.409760+00:00,2026-06-13 02:20:07.409760+00:00
023d9372-ff2f-4e53-ae00-4557c17e3234,Wilson Septic Service,private_regional_septage_facility,724 Martin Road,Wadesboro,NC,,Anson,35.089201199838,-80.135196981159,Yes,Unknown,Unknown,,(704) 294-4789,,,,,NCS-01651,2026-06-13 02:20:07.409760+00:00,2026-06-13 02:20:07.409760+00:00
023dac50-e44a-4f10-adcc-351ad5ea4d5f,GREEN EARTH RESOURCES,composting_facility,14948 ROGERS RD,WILLIS,TX,77378,MONTGOMERY,30.45739,-95.45477,Unknown,Unknown,Unknown,,,,,,,100589,2026-06-13 02:19:52.391210+00:00,2026-06-13 02:19:52.391210+00:00
0292dea4-c530-448b-a116-97dcbcebceeb,CITY OF AMARILLO TRANSFER STATION,transfer_station,811 SE 27TH AVE,AMARILLO,TX,79103,POTTER,35.18833,-101.83083,Unknown,Unknown,Unknown,,,,,,,76A,2026-06-13 02:19:41.329224+00:00,2026-06-13 02:19:41.329224+00:00
02b40355-dd59-4e12-98f5-9d9c80ba11cb,Pro Pumping & Grading,private_regional_septage_facility,86 Honeysuckle Lane,Mill Spring,NC,,Polk,35.353014592247,-82.147480870583,Yes,Unknown,Unknown,,(828) 388-3821,,,,,NCS-01649,2026-06-13 02:20:14.798453+00:00,2026-06-13 02:20:14.798453+00:00
032f6eda-3045-424b-ad1a-95968eef1801,"Carolina Recycled Ag Materials, LLC.",composting_facility,3174 Boddie Mill Pond Road,Nashville,NC,27856,Nash,36.016338,-78.051238,Unknown,Unknown,Unknown,,(252) 343-1615,,,,,6406-COMPOST-2014,2026-06-13 02:20:07.409760+00:00,2026-06-13 02:20:07.409760+00:00
036e5c96-9bbd-4884-8a79-6e740e6ae636,ALPINE MATERIALS - SOUTHLAKE,composting_facility,1900 BRUMLOW AVE,SOUTHLAKE,TX,76092-9733,Tarrant,32.91837,-97.1266,Unknown,Unknown,Unknown,,,,,110061713007,TXR05EU01,100173,2026-06-13 02:09:43.387597+00:00,2026-06-13 02:19:52.391210+00:00
037251c0-37c5-44b7-a668-b8807b324346,BOWIE TRANSFER STATION,transfer_station,1201 EAST ROACH RD 4,BOWIE,TX,76230,Montague,33.56025,-97.82711,Unknown,Unknown,Unknown,,,,,110072003124,TXR05GU47,2295,2026-06-13 02:10:12.403798+00:00,2026-06-13 02:19:41.329224+00:00
037d5d03-d769-466f-8be3-647059d17131,Jordan Lake SRA - Parkers Creek WWTF,private_regional_septage_facility,,,NC,,Chatham,,,Unknown,Unknown,Unknown,,,,https://edocs.deq.nc.gov/WaterResources/Search.aspx?dbid=0&searchcommand=%7B%5B%5D%3A%5BID%20%23%5D%3D%22WQ0002665%22%7D,,,WQ0002665,2026-06-13 02:20:02.366830+00:00,2026-06-13 02:20:02.366830+00:00
037dad87-911f-4731-a986-29d6e53629bd,All About Plumbing & Septic,private_regional_septage_facility,P.O. Box 1041,Hendersonville,NC,,Henderson,,,Yes,Unknown,Unknown,,(828) 778-2423,,,,,NCS-01303,2026-06-13 02:20:07.409760+00:00,2026-06-13 02:20:07.409760+00:00
038d1f79-471f-4da1-94ea-8213222054a6,BURLESON COUNTY CCS #4,transfer_station,100 W BUCK ST STE 306,CALDWELL,TX,77836,BURLESON,30.390618,-96.553521,Unknown,Unknown,Unknown,,,,,,,120069,2026-06-13 02:19:52.391210+00:00,2026-06-13 02:19:52.391210+00:00
039305d5-a341-47a6-ad87-5b60bb339b67,SEABREEZE ENVIRONMENTAL LANDFILL,anaerobic_digester,10310 FM 523,ANGLETON,TX,77515,Brazoria,29.087945,-95.355625,Unknown,Unknown,Unknown,,,,,110070435083,TXR05Y288,1539C,2026-06-13 02:15:21.957466+00:00,2026-06-13 02:19:52.391210+00:00
03e03978-6629-4fdd-ab36-5452e3ef6630,Waste Management Of Carolinas,transfer_station,2712 Lowell Road,Gastonia,NC,28054,Gaston,35.278285,-81.123022,Unknown,Unknown,Unknown,,(919) 405-1497,,,,,3608-TRANSFER-1993,2026-06-13 02:20:07.409760+00:00,2026-06-13 02:20:07.409760+00:00
040b5dad-8723-41e4-a37d-a61e17c2ec5f,Sewer Rat Septic Tank Pumping,private_regional_septage_facility,294 Balsam Drive,Waynesville,NC,,Haywood,35.484574904502,-82.995647526844,Yes,Unknown,Unknown,,(828) 550-2525,,,,,NCS-01711,2026-06-13 02:20:07.409760+00:00,2026-06-13 02:20:07.409760+00:00
04494cd0-9881-44d0-8531-22a92c69d598,Brian's Septic Pumping,private_regional_septage_facility,20 Southview Mhp Drive,Leicester,NC,,Buncombe,,,Yes,Unknown,Unknown,,(828)458-4125,,,,,NCS-01844,2026-06-13 02:20:07.409760+00:00,2026-06-13 02:20:07.409760+00:00
04bb9689-caea-4ada-b9a5-326079a4ac76,Town of Dallas WTP Residuals Distribution Program,land_application_site,,,NC,,Gaston,,,Yes,Unknown,Unknown,,,,https://edocs.deq.nc.gov/WaterResources/Search.aspx?dbid=0&searchcommand=%7B%5B%5D%3A%5BID%20%23%5D%3D%22WQ0018688%22%7D,,,WQ0018688,2026-06-13 02:20:02.366830+00:00,2026-06-13 02:20:02.366830+00:00
04c01877-4b9a-42a2-92a2-85f9b81970f2,Pridgen Sanitation,private_regional_septage_facility,969 Paul Barnes Road,Chadbourn,NC,,Columbus,34.355701913986,-78.86944054487,Unknown,Unknown,Yes,,(910) 499-3768,,,,,NCS-01657,2026-06-13 02:20:07.409760+00:00,2026-06-13 02:20:07.409760+00:00
04ca7837-2d74-4368-8c3e-29b19b8f93a8,JACKSON COUNTY TRANSFER STATION FACILITY,transfer_station,205 CR 4141,EDNA,TX,77957,JACKSON,28.98083,-96.5675,Unknown,Unknown,Unknown,,,,,,,2181,2026-06-13 02:19:52.391210+00:00,2026-06-13 02:19:52.391210+00:00
04cd62eb-a59e-4884-ada6-d1eb02ac5747,Blue Ridge RV Park,private_regional_septage_facility,3490 NC Hwy 194 N.,Boone,NC,,Watauga,,,Unknown,Unknown,Unknown,,828.-40.2787,,,,,NCS-01601,2026-06-13 02:20:14.798453+00:00,2026-06-13 02:20:14.798453+00:00
05026f7c-d901-4dae-9719-371876273bbe,"Double Deuce Septic Service, LLC",private_regional_septage_facility,8511 Hopkins Road,Rougemont,NC,,Orange,36.186634532529,-78.963484713798,Yes,Unknown,Unknown,,(919) 450-6582,,,,,NCS-01586,2026-06-13 02:20:14.798453+00:00,2026-06-13 02:20:14.798453+00:00
053cdac0-edde-4cfe-bece-1db1df500ab0,KARNES COUNTY COLLECTION & RECYCLING STATION,transfer_station,120 W RIDDLEVILLE,KARNES CITY,TX,78118,KARNES,28.90167,-97.985,Unknown,Unknown,Unknown,,,,,,,120023,2026-06-13 02:19:52.391210+00:00,2026-06-13 02:19:52.391210+00:00
05705b0a-d5d0-4f89-b674-cc8b2a2079e6,CITY OF HEMPHILL WWTP,transfer_station,951 BECKOM RD,HEMPHILL,TX,75948,Sabine,31.332389,-93.853417,Unknown,Unknown,Unknown,,,,,110008996738,TX0060801,120102,2026-06-13 02:10:41.740925+00:00,2026-06-13 02:19:52.391210+00:00
0594112b-11b9-45a0-831e-583fa5c51d7d,JACKSBORO TRANSFER STATION - CONV CTR,transfer_station,1328 US HIGHWAY 380 W,JACKSBORO,TX,76458,JACK,33.206666,-98.198333,Unknown,Unknown,Unknown,,,,,,,120014,2026-06-13 02:19:41.329224+00:00,2026-06-13 02:19:41.329224+00:00
05a30c31-62b7-4bc6-a951-e0767f1c6f9e,Perdue Foods ? Murfreesboro Hatchery WWTF,private_regional_septage_facility,,,NC,,Northampton,,,Unknown,Unknown,Unknown,,,,https://edocs.deq.nc.gov/WaterResources/Search.aspx?dbid=0&searchcommand=%7B%5B%5D%3A%5BID%20%23%5D%3D%22WQ0005192%22%7D,,,WQ0005192,2026-06-13 02:20:02.366830+00:00,2026-06-13 02:20:02.366830+00:00
05b5bdaa-87f9-4f7b-a499-2b9cde580f0d,ACL Pumping,private_regional_septage_facility,P.O Box 595,Penrose,NC,,Transylvania,,,Unknown,Unknown,Unknown,,(828) 553-1064,,,,,NCS-01381,2026-06-13 02:20:14.798453+00:00,2026-06-13 02:20:14.798453+00:00
05c80df5-155d-49ed-a48b-55edafb7910b,Butterball Class B Residuals Program,land_application_site,,,NC,,Duplin,,,Yes,Unknown,Unknown,,,,https://edocs.deq.nc.gov/WaterResources/Search.aspx?dbid=0&searchcommand=%7B%5B%5D%3A%5BID%20%23%5D%3D%22WQ0006147%22%7D,,,WQ0006147,2026-06-13 02:20:02.366830+00:00,2026-06-13 02:20:02.366830+00:00
05d9da75-03a6-4461-81a2-2314977fdbfe,"Affordable Pumping, LLC",private_regional_septage_facility,7427 Matthews Mint Hill Road Ste #105,Mint Hill,NC,,Mecklenburg,35.175934250269,-80.653597094071,Unknown,Unknown,Unknown,,(704) 593-8744,,,,,NCS-01423,2026-06-13 02:20:14.798453+00:00,2026-06-13 02:20:14.798453+00:00
05deeab1-3a3e-4226-bf40-fa31b1313e72,Sam's Branch WRF,potw_receiving_station,,,NC,,Johnston,,,Unknown,Unknown,Unknown,,,,https://edocs.deq.nc.gov/WaterResources/Search.aspx?dbid=0&searchcommand=%7B%5B%5D%3A%5BID%20%23%5D%3D%22WQ0022224%22%7D,,,WQ0022224,2026-06-13 02:20:02.366830+00:00,2026-06-13 02:20:02.366830+00:00
05e00f61-ad8d-4024-9d95-35700d7df028,BURKEVILLE SITE 32,transfer_station,4150 FM 692,BURKEVILLE,TX,75932,NEWTON,31.04083,-93.62667,Unknown,Unknown,Unknown,,,,,,,120047,2026-06-13 02:19:52.391210+00:00,2026-06-13 02:19:52.391210+00:00
05ffa3b3-5858-4e22-bf3a-62875b3faf46,Central Carolina Septic Tank Service,private_regional_septage_facility,3655 Quail Meadow Dr,Hillsborough,NC,,Orange,36.140950457239,-79.014965610317,Unknown,Unknown,Yes,,(919) 697-6823,,,,,NCS-00836,2026-06-13 02:20:14.798453+00:00,2026-06-13 02:20:14.798453+00:00
06183b54-5690-4cec-9137-b27ace84253e,NM of Iredell LLC dba Stutts Marina,private_regional_septage_facility,124 S Cove Key Lane,Mooresville,NC,,Iredell,35.520686161986,-80.866562256365,Unknown,Yes,Unknown,,(704) 239-2432,,,,,NCS-01545,2026-06-13 02:20:14.798453+00:00,2026-06-13 02:20:14.798453+00:00
064056c0-d131-4e76-a03a-c1025a6966a5,The Tradition Golf Club CUS,potw_receiving_station,,,NC,,Mecklenburg,,,Unknown,Unknown,Unknown,,,,https://edocs.deq.nc.gov/WaterResources/Search.aspx?dbid=0&searchcommand=%7B%5B%5D%3A%5BID%20%23%5D%3D%22WQ0044044%22%7D,,,WQ0044044,2026-06-13 02:20:02.366830+00:00,2026-06-13 02:20:02.366830+00:00
064e22f6-723c-4fd0-86fb-a619796de734,Chantilly Septic Tank Service,private_regional_septage_facility,25140 NC Hwy 125,Scotland Neck,NC,,Halifax,36.138539898447,-77.440991302753,Yes,Unknown,Unknown,,,,,,,NCS-01197,2026-06-13 02:20:07.409760+00:00,2026-06-13 02:20:07.409760+00:00
06614dbb-b8ce-4239-bb65-ba7f012db772,DAWSON RECYCLING,composting_facility,398 HIGHWAY 181,GREGORY,TX,78359,San Patricio,27.92583,-97.29972,Unknown,Unknown,Unknown,,,,,110071296228,TXR05FN16,100565,2026-06-13 02:11:11.877410+00:00,2026-06-13 02:19:52.391210+00:00
0662671c-ace9-48e4-a226-fcb03ea51f4e,Wesson Septic Tank Service Inc,private_regional_septage_facility,707 Poplar Springs Church Rd,Shelby,NC,,Cleveland,35.273775019968,-81.597432608816,Yes,Yes,Yes,,(704) 487-9997,,,,,NCS-00574,2026-06-13 02:20:07.409760+00:00,2026-06-13 02:20:07.409760+00:00
06921304-8767-473e-9aa7-487015435132,Port City Marina,private_regional_septage_facility,10 Harnett Street,Wilmington,NC,,New Hanover,34.246529394558,-77.949858776383,Unknown,Unknown,Unknown,,(910) 251-6151,,,,,NCS-01366,2026-06-13 02:20:14.798453+00:00,2026-06-13 02:20:14.798453+00:00
06abfdce-447c-4f9d-9d40-505e60a7a92e,BLUE RIDGE LANDFILL GAS COMPRESSOR PLANT,anaerobic_digester,2190 FM 521,FRESNO,TX,77545,BRAZORIA,29.3558,-95.25627,Unknown,Unknown,Unknown,,,,,,,48035,2026-06-13 02:19:52.391210+00:00,2026-06-13 02:19:52.391210+00:00
06c58a2f-9ee3-41d3-a8f7-2b75e38cc132,S & J Villari Livestock Class B Residuals Program,land_application_site,,,NC,,Duplin,,,Unknown,Unknown,Unknown,,,,https://edocs.deq.nc.gov/WaterResources/Search.aspx?dbid=0&searchcommand=%7B%5B%5D%3A%5BID%20%23%5D%3D%22WQ0033357%22%7D,,,WQ0033357,2026-06-13 02:20:02.366830+00:00,2026-06-13 02:20:02.366830+00:00
06c72a80-7847-4b06-82f7-1972f9385d21,T-Bone Pumping Service,private_regional_septage_facility,703 Stoney Hill Circle,Greensboro,NC,,Guilford,35.975678216411,-79.783628739375,Unknown,Unknown,Unknown,,,,,,,NCS-00270,2026-06-13 02:20:07.409760+00:00,2026-06-13 02:20:07.409760+00:00
06e499ba-b374-429a-bf5e-8c6fa8a2cdbd,J C ELLIOTT TRANSFER STATION,transfer_station,7001 AYERS ST,CORPUS CHRISTI,TX,78415,NUECES,27.7075,-97.455,Unknown,Unknown,Unknown,,,,,,,40228,2026-06-13 02:19:52.391210+00:00,2026-06-13 02:19:52.391210+00:00
06f03230-4e2f-4a55-8e57-1cb303809bdf,B & C Port-A-Johns,private_regional_septage_facility,64 Parker Lane,Sparta,NC,,Alleghany,36.502171848881,-81.12219528862,Unknown,Unknown,Unknown,,,,,,,NCS-01086,2026-06-13 02:20:07.409760+00:00,2026-06-13 02:20:07.409760+00:00
06f09f7a-2004-4e25-8700-c54c091e6f05,Bayside Marina,private_regional_septage_facility,1056 Hubs Rec Road,Belhaven,NC,,Beaufort,35.515817326307,-76.651777553511,Unknown,Unknown,Unknown,,,,,,,NCS-01157,2026-06-13 02:20:07.409760+00:00,2026-06-13 02:20:07.409760+00:00
06f56178-b8f6-478d-a593-78e34e1d6f16,Mebane Shrubbery,composting_facility,1750 N. NC Hwy. 49,Burlington,NC,27217,Alamance,36.13,-79.347,Unknown,Unknown,Unknown,,,,,,,0109-COMPOST-2025,2026-06-13 02:20:07.409760+00:00,2026-06-13 02:20:07.409760+00:00
0737a9d1-1fc7-436a-8428-3666fc8d77d9,Mason Farm WWTP,potw_receiving_station,,,NC,,Orange,,,Unknown,Unknown,Unknown,,,,https://edocs.deq.nc.gov/WaterResources/Search.aspx?dbid=0&searchcommand=%7B%5B%5D%3A%5BID%20%23%5D%3D%22WQ0031506%22%7D,,,WQ0031506,2026-06-13 02:20:02.366830+00:00,2026-06-13 02:20:02.366830+00:00
073b0816-fc13-4b17-aa4c-a61fb7d6c8af,CACTUS RECLAMATION SERVICES LLC,private_regional_septage_facility,3851 MILLERS FERRY RD,WILMER,TX,75172,DALLAS,32.563055,-96.667222,Unknown,Yes,Unknown,,,,,,,2393,2026-06-13 02:19:41.329224+00:00,2026-06-13 02:19:41.329224+00:00
0763f230-9286-4fac-836a-8b7fec2e9831,WISE COUNTY BOYD CITIZEN COLLECTION STATION,transfer_station,546 S ALLEN ST,BOYD,TX,76023,WISE,33.071396,-97.565457,Unknown,Unknown,Unknown,,,,,,,120164,2026-06-13 02:19:52.391210+00:00,2026-06-13 02:19:52.391210+00:00
077ab121-a4f6-463b-9e53-7febe0dca11c,"Rocky Mount, City of Transfer Station #2",transfer_station,1221 Thorpe Road,Rocky Mount,NC,27804,Nash,35.972261,-77.796681,Unknown,Unknown,Unknown,,(252) 467-4956,,,,,6405T-TRANSFER-2001,2026-06-13 02:20:07.409760+00:00,2026-06-13 02:20:07.409760+00:00
0795967a-72be-42ad-b7eb-845bf9cb658d,Darling Ingredients - Wadesboro WWTP,private_regional_septage_facility,,,NC,,Anson,,,Yes,Yes,Unknown,,,,https://edocs.deq.nc.gov/WaterResources/Search.aspx?dbid=0&searchcommand=%7B%5B%5D%3A%5BID%20%23%5D%3D%22WQ0000957%22%7D,,,WQ0000957,2026-06-13 02:20:02.366830+00:00,2026-06-13 02:20:02.366830+00:00
07a9f8e9-a6fc-4fdf-a2db-4d43aeffc8dd,CITY OF BALLINGER,transfer_station,301 S 7TH ST,BALLINGER,TX,76821,RUNNELS,31.8295,-99.9748,,,,,,,,,,120220,2026-06-13 02:19:41.329224+00:00,2026-06-13 02:19:41.329224+00:00
07ce55a0-c449-4f3c-8d68-44c8a546c510,Piedmont Septic Tank Inc,private_regional_septage_facility,PO Box 8126,Landis,NC,,Rowan,,,Yes,Unknown,Unknown,,(704) 857-6426,,,,,NCS-00772,2026-06-13 02:20:14.798453+00:00,2026-06-13 02:20:14.798453+00:00
07e6fe6c-2abe-4712-a3f3-76a2cc0c5159,WASHINGTION COUNTY TRANSFER STATION,transfer_station,,,,,WASHINGTON,30.183,-96.4188,Unknown,Unknown,Unknown,,,,,,,40173,2026-06-13 02:19:52.391210+00:00,2026-06-13 02:19:52.391210+00:00
08283aea-5199-4974-b0b6-6bcc332bf998,Pamlico Regional WWTFs,private_regional_septage_facility,,,NC,,Pamlico,,,Unknown,Unknown,Unknown,,,,https://edocs.deq.nc.gov/WaterResources/Search.aspx?dbid=0&searchcommand=%7B%5B%5D%3A%5BID%20%23%5D%3D%22WQ0013348%22%7D,,,WQ0013348,2026-06-13 02:20:02.366830+00:00,2026-06-13 02:20:02.366830+00:00
08347499-ad0e-408c-9936-8309388cfa96,WHITTLESEY LANDSCAPE SUPPLIES & RECYCLING INC,composting_facility,629 DALTON LN,AUSTIN,TX,78742,TRAVIS,30.235109,-97.663522,Unknown,Unknown,Unknown,,,,,,,100153,2026-06-13 02:19:52.391210+00:00,2026-06-13 02:19:52.391210+00:00
083aca33-821a-4011-8582-738ed822db48,Stallings Septic Service,private_regional_septage_facility,7132 Hidden Valley Trail,Garner,NC,,Wake,35.617229382789,-78.595202193624,Yes,Unknown,Yes,,(919) 779-1074,,,,,NCS-00093,2026-06-13 02:20:14.798453+00:00,2026-06-13 02:20:14.798453+00:00
085a5c5a-c2ea-465f-83e3-0319e9bc138c,Grand Restrooms,private_regional_septage_facility,PO box 593,Clover,NC,,Mecklenburg,,,Unknown,Unknown,Yes,,(803) 628-7600,,,,,NCS-01554,2026-06-13 02:20:14.798453+00:00,2026-06-13 02:20:14.798453+00:00
08c3c73c-e595-4204-958c-dbc4df94e9f9,Town of Severn WWTF,private_regional_septage_facility,,,NC,,Northampton,,,Unknown,Unknown,Unknown,,,,https://edocs.deq.nc.gov/WaterResources/Search.aspx?dbid=0&searchcommand=%7B%5B%5D%3A%5BID%20%23%5D%3D%22WQ0001868%22%7D,,,WQ0001868,2026-06-13 02:20:02.366830+00:00,2026-06-13 02:20:02.366830+00:00
08f0f691-b1e4-4e59-acec-c70091054574,J & B Septic Service Portable Toilets,private_regional_septage_facility,2622 Chloe Lane,Creedmoor,NC,,Granville,36.101209647691,-78.644887879382,Yes,Unknown,Yes,,(919) 528-4422,,,,,NCS-01016,2026-06-13 02:20:07.409760+00:00,2026-06-13 02:20:07.409760+00:00
0927cbf1-9828-43b5-a668-8926c009e9be,ACME MATERIALS AND RECYCLING,composting_facility,4991 COUNTY ROAD 277,MELISSA,TX,75454,COLLIN,33.27804,-96.601271,Unknown,Unknown,Unknown,,,,,,,100452,2026-06-13 02:19:52.391210+00:00,2026-06-13 02:19:52.391210+00:00
09332768-2c47-4d80-9828-3597e9de24f3,Starnes Commercial Properties - Midland WWTF,private_regional_septage_facility,,,NC,,Cabarrus,,,Unknown,Unknown,Unknown,,,,https://edocs.deq.nc.gov/WaterResources/Search.aspx?dbid=0&searchcommand=%7B%5B%5D%3A%5BID%20%23%5D%3D%22WQ0000579%22%7D,,,WQ0000579,2026-06-13 02:20:02.366830+00:00,2026-06-13 02:20:02.366830+00:00
0935c885-21d9-4018-87ba-70924611ccf0,CITY OF SUNSET VALLEY MS4,transfer_station,AREA WITHIN THE CITY OF SUNSET VALLEY LIMITS LOCAT,SUNSET VALLEY,TX,78745,Travis,30.228055,-97.810555,Unknown,Unknown,Unknown,,,,,110041766283,TXRMW0044,120204,2026-06-13 02:10:47.633927+00:00,2026-06-13 02:19:52.391210+00:00
09715462-612e-40ae-a349-6bba4c44f6c6,Fisher Environmental Type 1 Compost Facility,composting_facility,1323 North Post Road,Shelby,NC,28150,Cleveland,35.32347009,-81.49683643,Unknown,Unknown,Unknown,,(704) 675-7034,,,,,2306-COMPOST-2021,2026-06-13 02:20:07.409760+00:00,2026-06-13 02:20:07.409760+00:00
097dc570-591c-4af8-aa6b-3f1067cfce67,WILLIAMSON COUNTY RECYCLING AND DISPOSAL FACILITY LANDFILL,anaerobic_digester,600 LANDFILL RD,HUTTO,TX,78634,WILLIAMSON,30.604166,-97.553333,Unknown,Unknown,Unknown,,,,,,,1405B,2026-06-13 02:19:52.391210+00:00,2026-06-13 02:19:52.391210+00:00
09896f1e-adbb-4308-b2bd-b40e5cfb308d,Hendren's Septic Tank Service,private_regional_septage_facility,5527 Regan Church Road,Lumberton,NC,,Robeson,34.717250604545,-78.900389077168,Yes,Unknown,Unknown,,(910) 618-4750,,,,,NCS-01453,2026-06-13 02:20:14.798453+00:00,2026-06-13 02:20:14.798453+00:00
09dbed4e-0bc8-4d28-a844-d717c4cc7d73,CITY OF WINDTHORST CCS,transfer_station,,,,,ARCHER,,,Unknown,Unknown,Unknown,,,,,,,120010,2026-06-13 02:19:41.329224+00:00,2026-06-13 02:19:41.329224+00:00
09ea3c06-f019-475c-b313-119b3dab171d,Asbury's Johnny On the Spot,private_regional_septage_facility,1511 Brentwood Pl,Morganton,NC,,Burke,35.762999901234,-81.819327729806,Yes,Unknown,Yes,,(828) 443-7104,,,,,NCS-01089,2026-06-13 02:20:07.409760+00:00,2026-06-13 02:20:07.409760+00:00
0a0b9405-86f0-41fe-9c43-c2ff13b4c469,WESTERN REFUSE OF TEXAS TRANSFER STATION FACILITY,transfer_station,,,,,BOWIE,33.42,-94.08,Unknown,Unknown,Unknown,,,,,,,1022,2026-06-13 02:19:52.391210+00:00,2026-06-13 02:19:52.391210+00:00
0a690d84-3951-437d-9fc3-790751289227,CITY OF COPPERAS COVE COMPOSTING FACILITY,composting_facility,,,,,CORYELL,31.06733,-97.90067,Unknown,Unknown,Unknown,,,,,,,42017,2026-06-13 02:19:52.391210+00:00,2026-06-13 02:19:52.391210+00:00
0a9cd1b2-c966-4289-8d04-54d5d5b4cbc0,Lyons Septic Tank Service,private_regional_septage_facility,1005 Church Street,Morrisville,NC,,Wake,35.852321374029,-78.84337839268,Yes,Yes,Unknown,,(919) 685-2770,,,,,NCS-00092,2026-06-13 02:20:14.798453+00:00,2026-06-13 02:20:14.798453+00:00
0a9cff50-73f3-4530-877b-004668063f0c,CITY OF NEWTON LOW VOLUME TRANSFER STATION,transfer_station,720 JAMESTOWN RD,NEWTON,TX,75966,NEWTON,,,Unknown,Unknown,Unknown,,,,,,,110024,2026-06-13 02:19:52.391210+00:00,2026-06-13 02:19:52.391210+00:00
0ab46726-00e0-4e90-92cb-2361799f9a3d,Key Landfill - Large Type 1,composting_facility,2380 Sandy Cross Road,Burlington,NC,27217,Alamance,36.13984,-79.35791,Unknown,No,Unknown,,(336) 350-8262,,,,,0111-COMPOST-2025,2026-06-13 02:20:07.409760+00:00,2026-06-13 02:20:07.409760+00:00
0b04f6b8-3ec7-41ad-aef2-41b4921385d4,Wilson's Portables,private_regional_septage_facility,63 Dover's Branch Road,Burnsville,NC,,Yancey,35.769279020066,-82.184102588506,Unknown,Unknown,Unknown,,,,,,,NCS-01092,2026-06-13 02:20:14.798453+00:00,2026-06-13 02:20:14.798453+00:00
0b0541e0-8242-40b0-9c33-47275577a1e0,Septic System Solutions,private_regional_septage_facility,2021 Sandy Plains Rd,Wake Forest,NC,,Wake,36.053447171214,-78.707654003524,Unknown,Unknown,Unknown,,(919) 451-5377,,,,,NCS-01367,2026-06-13 02:20:14.798453+00:00,2026-06-13 02:20:14.798453+00:00
0b1388ea-cf42-4503-9adb-1d81c87cd5ef,Bristol,private_regional_septage_facility,2990 Ervin Alston Road,Fayetteville,NC,,Cumberland,34.960217209659,-78.840805621289,Unknown,Unknown,Unknown,,,,,,,NCS-01053,2026-06-13 02:20:07.409760+00:00,2026-06-13 02:20:07.409760+00:00
0b3d0137-ac11-4904-a464-4496e41df7c7,Union County C&D,transfer_station,2125 Austin Chaney Road,Wingate,NC,28174,Union,35.035741,-80.462851,Unknown,Unknown,Unknown,,(704) 989-1949,,,,,9001-CDLF-1998,2026-06-13 02:20:07.409760+00:00,2026-06-13 02:20:07.409760+00:00
0b63a26d-ea9d-4176-868f-63a0f5692169,"Edwards Rentals, Inc. DBA Rent- A-John",private_regional_septage_facility,PO Box 15549,Wilmington,NC,,New Hanover,,,Unknown,Unknown,Yes,,(910) 791-8333,,,,,NCS-00746,2026-06-13 02:20:14.798453+00:00,2026-06-13 02:20:14.798453+00:00
0b961e92-2937-48ba-8900-76c8325d3b19,Laughlin Wash Station Class B Residuals Program,land_application_site,,,NC,,Wayne,,,Unknown,Unknown,Unknown,,,,https://edocs.deq.nc.gov/WaterResources/Search.aspx?dbid=0&searchcommand=%7B%5B%5D%3A%5BID%20%23%5D%3D%22WQ0033764%22%7D,,,WQ0033764,2026-06-13 02:20:02.366830+00:00,2026-06-13 02:20:02.366830+00:00
0b9fbdfc-7822-4b64-87d8-322bba1cb930,A2Z Septic Solutions LLC,private_regional_septage_facility,1110 Cooper Lane,Indian Trail,NC,,Rowan,35.044454538374,-80.659566861337,Yes,Unknown,Unknown,,(336)239-9812,,,,,NCS-01804,2026-06-13 02:20:14.798453+00:00,2026-06-13 02:20:14.798453+00:00
0c1e1cb6-d6f5-46c9-a86e-ebc86ef58974,STILL CREEK LIQUID WASTE PROCESSING FACILITY,private_regional_septage_facility,2028 QUALITY PARK LN,BRYAN,TX,77803,BRAZOS,30.667222,-96.414166,Yes,Yes,Yes,,,,,,,43026,2026-06-13 02:19:52.391210+00:00,2026-06-13 02:19:52.391210+00:00
0c80df6f-519f-4842-8c9b-e32b6e1860c8,Maple Grove WWTF,potw_receiving_station,,,NC,,Iredell,,,Unknown,Unknown,Unknown,,,,https://edocs.deq.nc.gov/WaterResources/Search.aspx?dbid=0&searchcommand=%7B%5B%5D%3A%5BID%20%23%5D%3D%22WQ0044734%22%7D,,,WQ0044734,2026-06-13 02:20:02.366830+00:00,2026-06-13 02:20:02.366830+00:00
0c980253-b3ba-499b-a697-49650983d5d7,Washington County Maintenance Yard WWTF,private_regional_septage_facility,,,NC,,Washington,,,Unknown,Unknown,Unknown,,,,https://edocs.deq.nc.gov/WaterResources/Search.aspx?dbid=0&searchcommand=%7B%5B%5D%3A%5BID%20%23%5D%3D%22WQ0000265%22%7D,,,WQ0000265,2026-06-13 02:20:02.366830+00:00,2026-06-13 02:20:02.366830+00:00
0cca9f81-0b8f-4a04-9426-e76904dbd946,CALICHE CANYON TRANSFER STATION FACILITY,transfer_station,8425 AVENUE P,LUBBOCK,TX,79423,LUBBOCK,33.67083,-101.86,Unknown,Unknown,Unknown,,,,,,,40176,2026-06-13 02:19:41.329224+00:00,2026-06-13 02:19:41.329224+00:00
0cda34ec-2777-42a1-814d-c226e4cdfca4,Novartis Vaccines and Diagnostics USFCC Facility,potw_receiving_station,,,NC,,Wake,,,Unknown,Unknown,Unknown,,,,https://edocs.deq.nc.gov/WaterResources/Search.aspx?dbid=0&searchcommand=%7B%5B%5D%3A%5BID%20%23%5D%3D%22WQ0031916%22%7D,,,WQ0031916,2026-06-13 02:20:07.409760+00:00,2026-06-13 02:20:07.409760+00:00
0ceec0dc-ad79-4683-97b2-5981f9e394fa,City of Kinston DCAR,land_application_site,,,NC,,Lenoir,,,Unknown,Unknown,Unknown,,,,https://edocs.deq.nc.gov/WaterResources/Search.aspx?dbid=0&searchcommand=%7B%5B%5D%3A%5BID%20%23%5D%3D%22WQ0041482%22%7D,,,WQ0041482,2026-06-13 02:20:02.366830+00:00,2026-06-13 02:20:02.366830+00:00
0d02d161-880f-48f7-a6e1-a514975985c8,"Carolina Trash Pickup, Inc.",private_regional_septage_facility,56 E Williams St.,Angier,NC,,Harnett,35.508055786017,-78.738668014645,Yes,Unknown,Unknown,,(919) 980-1448,,,,,NCS-01433,2026-06-13 02:20:07.409760+00:00,2026-06-13 02:20:07.409760+00:00
0d0abd80-0a2b-4c9c-8c77-ed9d788ceb34,ORGANIC RECYCLER - FORNEY,composting_facility,,,,,KAUFMAN,,,Unknown,Unknown,Unknown,,,,,,,47077,2026-06-13 02:19:52.391210+00:00,2026-06-13 02:19:52.391210+00:00
0d0b4c0f-6e4e-4654-afc1-4fbcf65485d9,Rockingham Raceway Park LLC,private_regional_septage_facility,2152 NC Highway 1 N.,Rockingham,NC,,Richmond,34.976678497067,-79.615051088133,Unknown,Unknown,Unknown,,,,,,,NCS-01097,2026-06-13 02:20:14.798453+00:00,2026-06-13 02:20:14.798453+00:00
0d112188-cdae-4468-95b3-723cea829da8,Drews Septic Service,private_regional_septage_facility,23401 NC Hwy 8,Denton,NC,,Davidson,35.562064770428,-80.15275987002,Unknown,Unknown,Unknown,,(336) 250-9520,,,,,NCS-01690,2026-06-13 02:20:07.409760+00:00,2026-06-13 02:20:07.409760+00:00
0d3d31a8-dba5-4e1a-8465-8f52c83cad53,Shorty's,private_regional_septage_facility,PO Box 1691,Rockingham,NC,,Richmond,,,Yes,Unknown,Yes,,(910) 995-9040,,,,,NCS-01268,2026-06-13 02:20:14.798453+00:00,2026-06-13 02:20:14.798453+00:00
0d6d23a5-ab60-4800-820b-0590f7f82776,GREEN GUY RECYCLING,transfer_station,937 HIGHWAY 80,SAN MARCOS,TX,78666-8120,Hays,29.88197,-97.918221,Unknown,Unknown,Unknown,,,,,110033880129,TXR05Y170,120193,2026-06-13 02:12:10.877706+00:00,2026-06-13 02:19:52.391210+00:00
0d82477f-73ea-4021-951d-1dcd847219ab,WestRock Kraft Paper Class A Residuals Program,land_application_site,,,NC,,Halifax,,,Unknown,Unknown,Unknown,,,,https://edocs.deq.nc.gov/WaterResources/Search.aspx?dbid=0&searchcommand=%7B%5B%5D%3A%5BID%20%23%5D%3D%22WQ0021577%22%7D,,,WQ0021577,2026-06-13 02:20:07.409760+00:00,2026-06-13 02:20:07.409760+00:00
0d842019-458a-4e7e-9bbe-379734bdee2c,Hatteras Ferry Operations,private_regional_septage_facility,159 Lucinda Lane,Powells Point,NC,,Dare,36.108656218657,-75.827049866515,Unknown,Unknown,Unknown,,(252) 241-2084,,,,,NCS-01524,2026-06-13 02:20:07.409760+00:00,2026-06-13 02:20:07.409760+00:00
0e0fab30-3e16-4b46-a8e9-4970ac99228a,Don Locklear Septic Tank Cleaning,private_regional_septage_facility,2161 Evergreen Church Rd,Pembroke,NC,,Robeson,34.692380735175,-79.121248045461,Yes,Yes,Unknown,,910.-73.7758,,,,,NCS-00691,2026-06-13 02:20:14.798453+00:00,2026-06-13 02:20:14.798453+00:00
0e266e44-f9a1-4dd6-be71-58807823ac71,Washington,potw_receiving_station,,,NC,,Washington,35.846204,-76.569901,Unknown,Unknown,Unknown,,,,https://edocs.deq.nc.gov/WaterResources/Search.aspx?dbid=0&searchcommand=%7B%5B%5D%3A%5BID%20%23%5D%3D%22WQ0019179%22%7D,,,WQ0019179,2026-06-13 02:09:01.189307+00:00,2026-06-13 02:20:07.409760+00:00
0e92342c-58b2-40bc-a004-8bdfc1529f63,"Matthews Sanitation Services, LLC",private_regional_septage_facility,1073 Hudson Rd.,Virginia,NC,,Person,,,Yes,Unknown,Yes,,(434) 572-6098,,,,,NCS-01123,2026-06-13 02:20:14.798453+00:00,2026-06-13 02:20:14.798453+00:00
0e940941-a298-4834-a148-899940a235a6,Gastonia Compost,composting_facility,3175 Duke Street,Gastonia,NC,28056,Gaston,35.2212,-81.1332,Unknown,Unknown,Unknown,,(704) 214-9080,,,,,3614-COMPOST-2011,2026-06-13 02:20:07.409760+00:00,2026-06-13 02:20:07.409760+00:00
0ea9fe62-6aed-490d-94de-218d75a74793,"Durham, City of Transfer Station",transfer_station,2115 East Club Blvd.,Durham,NC,27704,Durham,36.026614,-78.857557,Unknown,Unknown,Unknown,,(919) 560-4186,,,,,3212-TRANSFER-2014,2026-06-13 02:20:07.409760+00:00,2026-06-13 02:20:07.409760+00:00
0eab3327-8ca4-4d97-8971-15ad8c5b4322,Premium Tanks & Stone,private_regional_septage_facility,PO Box 1037,Roxboro,NC,,Person,,,Unknown,Unknown,Yes,,(336) 597-2005,,,,,NCS-01163,2026-06-13 02:20:14.798453+00:00,2026-06-13 02:20:14.798453+00:00
0eb16c1e-179c-49af-af91-69335a2cbaf4,Rivaclear Environmental LLC,private_regional_septage_facility,1371 Mine Mountain Road,Sealuda,NC,,Polk,35.201176822064,-82.360717470477,Unknown,Yes,Unknown,,828.-22.0205,,,,,NCS-01912,2026-06-13 02:20:14.798453+00:00,2026-06-13 02:20:14.798453+00:00
0ec19aff-30f5-4e13-8256-a9c95ba3b7ec,Midway Middle School WWTF,private_regional_septage_facility,,,NC,,Sampson,,,Unknown,Unknown,Unknown,,,,https://edocs.deq.nc.gov/WaterResources/Search.aspx?dbid=0&searchcommand=%7B%5B%5D%3A%5BID%20%23%5D%3D%22WQ0014785%22%7D,,,WQ0014785,2026-06-13 02:20:02.366830+00:00,2026-06-13 02:20:02.366830+00:00
0ed68a8c-6544-4a57-8828-62cddbd42e2e,A Countywide Septic,private_regional_septage_facility,373 Swift Creek Rd,Raeford,NC,,Hoke,34.978019130631,-79.059577317328,Unknown,Unknown,Unknown,,(910) 624-2587,,,,,NCS-01281,2026-06-13 02:20:14.798453+00:00,2026-06-13 02:20:14.798453+00:00
0ef1c9be-fc4d-477b-a757-5290bb526fd0,Hyde Correctional Institution WWTF,private_regional_septage_facility,,,NC,,Hyde,,,Unknown,Unknown,Unknown,,,,https://edocs.deq.nc.gov/WaterResources/Search.aspx?dbid=0&searchcommand=%7B%5B%5D%3A%5BID%20%23%5D%3D%22WQ0008489%22%7D,,,WQ0008489,2026-06-13 02:20:02.366830+00:00,2026-06-13 02:20:02.366830+00:00
0f07f9fe-b629-4661-b104-cdb8be5d0032,Rowland Enviro. Septic & Grease Services,private_regional_septage_facility,2538 Kimrey Rd.,Mebane,NC,,Alamance,36.054111412658,-79.320096676185,Yes,Unknown,Unknown,,(336) 516-6627,,,,,NCS-01066,2026-06-13 02:20:07.409760+00:00,2026-06-13 02:20:07.409760+00:00
0f0dcfb7-76eb-4d9d-8c4c-ab5b59a2e28d,Better Choice Grease Trap Pumping,private_regional_septage_facility,PO Box 222,Pleasant Garden,NC,,Guilford,,,Yes,Yes,Unknown,,(336) 674-0565,,,,,NCS-01050,2026-06-13 02:20:07.409760+00:00,2026-06-13 02:20:07.409760+00:00
0f0f22ca-bb50-4beb-b288-07a48c2aeb29,Beck's Septic,private_regional_septage_facility,419 Ash Hill Rd,Ararat,NC,,Surry,36.409007331694,-80.584303602163,Yes,Yes,Unknown,,(336) 353-8060,,,,,NCS-01267,2026-06-13 02:20:14.798453+00:00,2026-06-13 02:20:14.798453+00:00
0f1ba72f-11a3-46ee-bafa-091d9cf1ba31,Ben Harrelson DBA Rudolph Inman Septic Tank Service,private_regional_septage_facility,5454 James B White Hwy S,Whiteville,NC,,Columbus,34.271187014684,-78.742082503946,Yes,Unknown,Unknown,,(910) 840-0437,,,,,NCS-00984,2026-06-13 02:20:07.409760+00:00,2026-06-13 02:20:07.409760+00:00
0f2986fc-794e-4300-9b5e-842a9a888095,Chatham Park Water Recovery Center,potw_receiving_station,,,NC,,Chatham,,,Unknown,Unknown,Unknown,,,,https://edocs.deq.nc.gov/WaterResources/Search.aspx?dbid=0&searchcommand=%7B%5B%5D%3A%5BID%20%23%5D%3D%22WQ0039375%22%7D,,,WQ0039375,2026-06-13 02:20:02.366830+00:00,2026-06-13 02:20:02.366830+00:00
0f5566f0-2616-460c-9a1e-1ba10fe8d3f2,Nichols Plumbing & Piping Inc.,private_regional_septage_facility,332 NE 52nd Street,Oak Island,NC,,Cumberland,33.91797618254,-78.109724271159,Unknown,Unknown,Unknown,,(910) 484-4642,,,,,NCS-01252,2026-06-13 02:20:07.409760+00:00,2026-06-13 02:20:07.409760+00:00
0faf9a23-463a-4546-b519-11eb4bd2b9aa,AFFORDABLE DEWATERING SERVICE,private_regional_septage_facility,2201 S MIDKIFF RD,MIDLAND,TX,79701,MIDLAND,31.969028,-102.108218,Yes,Yes,Unknown,,,,,,,2373,2026-06-13 02:19:52.391210+00:00,2026-06-13 02:19:52.391210+00:00
0fb9b4eb-6b57-4056-aa5d-16c87a8188ae,SITEONE LANDSCAPE SUPPLY WAKA PIT,composting_facility,630 FARM ROAD 969,BASTROP,TX,78602,BASTROP,30.145912,-97.375641,Unknown,Unknown,Unknown,,,,,110071404359,TXR05GA75,100596,2026-06-13 02:15:37.068591+00:00,2026-06-13 02:19:52.391210+00:00
0ffae6f3-a08f-438b-8f04-baff0a50d276,Heck Yeah Septic,private_regional_septage_facility,7705 Matherly Dr,Wake Forest,NC,,Wake,36.003009889205,-78.543228951701,Yes,Yes,Unknown,,919.-54.6737,,,,,NCS-01869,2026-06-13 02:20:14.798453+00:00,2026-06-13 02:20:14.798453+00:00
0ffb5682-d3c0-4a28-87b2-0950b6766852,Island Septic,private_regional_septage_facility,5003 The Woods Rd,Kitty Hawk,NC,,Dare,36.085094530885,-75.727488255931,Yes,Yes,Unknown,,(252) 489-3366,,,,,NCS-01377,2026-06-13 02:20:07.409760+00:00,2026-06-13 02:20:07.409760+00:00
1024bcd5-101a-4541-a36c-7a50e78e0d73,Miles G Langston Jr Septic Services,private_regional_septage_facility,P.O. Box 274,Gatesville,NC,,Gates,,,Yes,Unknown,Unknown,,,,,,,NCS-00668,2026-06-13 02:20:07.409760+00:00,2026-06-13 02:20:07.409760+00:00
110ba1ee-5e31-483f-a9a2-c6fb150e743a,Blue Ridge Pumping,private_regional_septage_facility,PO Box 474,Glade Valley,NC,,Alleghany,,,Unknown,Unknown,Unknown,,(336) 657-0966,,,,,NCS-00865,2026-06-13 02:20:07.409760+00:00,2026-06-13 02:20:07.409760+00:00
11361c17-730f-4040-a117-95f4fd6047b1,SHELBYVILLE COUNTY,transfer_station,1004 SHELBYVILLE ST,CENTER,TX,75935,SHELBY,31.79,-94.17,Unknown,Unknown,Unknown,,,,,,,120013,2026-06-13 02:19:52.391210+00:00,2026-06-13 02:19:52.391210+00:00
115575fa-f014-48af-b697-b91c47c12658,Hometown Septic Service LLC,private_regional_septage_facility,56 Burnette Cemetary Rd,Spruce Pine,NC,,Mitchell,35.857157210442,-82.103104089998,Yes,Unknown,Unknown,,(828) 284-4095,,,,,NCS-01723,2026-06-13 02:20:14.798453+00:00,2026-06-13 02:20:14.798453+00:00
117b5cf5-7f7a-4a0d-86ba-b65322ad234a,Laney Brothers Septic Pumping,private_regional_septage_facility,4709 Traywick Farm Rd,Marshville,NC,,Union,34.996063647909,-80.398312096083,Yes,Unknown,Unknown,,(704) 363-7150,,,,,NCS-00245,2026-06-13 02:20:14.798453+00:00,2026-06-13 02:20:14.798453+00:00
117e35d5-9dee-47ed-8bda-9ac4a0e305ba,Goldsboro WRF Reclaimed Water Program,potw_receiving_station,,,NC,,Wayne,,,Unknown,Yes,Unknown,,,,https://edocs.deq.nc.gov/WaterResources/Search.aspx?dbid=0&searchcommand=%7B%5B%5D%3A%5BID%20%23%5D%3D%22WQ0017791%22%7D,,,WQ0017791,2026-06-13 02:20:07.409760+00:00,2026-06-13 02:20:07.409760+00:00
1231c5bb-c4c4-4118-9130-0d49e91e0336,HBGB United,private_regional_septage_facility,14460 Falls of Neuse Road,Raleigh,NC,,Wake,35.945749113517,-78.543370207852,Yes,Unknown,Yes,,984.-92.2950,,,,,NCS-01721,2026-06-13 02:20:14.798453+00:00,2026-06-13 02:20:14.798453+00:00
12337f80-6e38-4f64-b2c2-40d16610238a,GASTON SANITATION SERVICE,transfer_station,214 S FM 779,EMORY,TX,75440,RAINS,32.864894,-95.729649,Unknown,Unknown,Unknown,,,,,,,110041,2026-06-13 02:19:52.391210+00:00,2026-06-13 02:19:52.391210+00:00
12471351-c57e-411f-b8a8-f45d726a58a2,BURLESON COUNTY CCS # 2,transfer_station,,,,,BURLESON,30.542254,-96.523522,Unknown,Unknown,Unknown,,,,,,,120049,2026-06-13 02:19:52.391210+00:00,2026-06-13 02:19:52.391210+00:00
129df393-185c-4305-a22d-33221c18d5c1,City of Goldsboro Class A Residuals Composting Program,land_application_site,,,NC,,Wayne,,,Unknown,Unknown,Unknown,,,,https://edocs.deq.nc.gov/WaterResources/Search.aspx?dbid=0&searchcommand=%7B%5B%5D%3A%5BID%20%23%5D%3D%22WQ0018201%22%7D,,,WQ0018201,2026-06-13 02:20:07.409760+00:00,2026-06-13 02:20:07.409760+00:00
12e4bac3-dd9a-4104-a78d-340e48aaeae0,Blue Ridge Mountain Club WWTP,private_regional_septage_facility,,,NC,,Watauga,,,Unknown,Unknown,Unknown,,,,https://edocs.deq.nc.gov/WaterResources/Search.aspx?dbid=0&searchcommand=%7B%5B%5D%3A%5BID%20%23%5D%3D%22WQ0029346%22%7D,,,WQ0029346,2026-06-13 02:20:02.366830+00:00,2026-06-13 02:20:02.366830+00:00
131251a5-797a-4feb-82c1-ff00392bb730,Pearce Concrete,private_regional_septage_facility,5795 Hwy 903,Roanoke Rapids,NC,,Halifax,36.397110511676,-77.744117113302,Yes,Unknown,Unknown,,(252) 537-2410,,,,,NCS-00334,2026-06-13 02:20:07.409760+00:00,2026-06-13 02:20:07.409760+00:00
13411f96-32cc-468c-879b-44e9e54e3b96,Warren County Transfer Station,transfer_station,559 Baltimore Road,Warrenton,NC,27589,Warren,36.387912,-78.145221,Unknown,Unknown,Unknown,,(252) 257-1948,,,,,9302T-TRANSFER-1995,2026-06-13 02:20:07.409760+00:00,2026-06-13 02:20:07.409760+00:00
138dd7f0-9c6c-45be-8238-0a37f2902796,BEACH CITY CITIZENS COLLECTION STATION,transfer_station,5121 LAWRENCE RD,BEACH CITY,TX,77523,CHAMBERS,29.69,-94.68,Unknown,Unknown,Unknown,,,,,,,120034,2026-06-13 02:19:52.391210+00:00,2026-06-13 02:19:52.391210+00:00
13a0a498-3b7b-4d74-811c-cad3f67ad7c4,Greater Cleggs Chapel Community Missionary Baptist Church WWTF,private_regional_septage_facility,,,NC,,Person,,,Unknown,Unknown,Unknown,,,,https://edocs.deq.nc.gov/WaterResources/Search.aspx?dbid=0&searchcommand=%7B%5B%5D%3A%5BID%20%23%5D%3D%22WQ0021950%22%7D,,,WQ0021950,2026-06-13 02:20:02.366830+00:00,2026-06-13 02:20:02.366830+00:00
13b3eff0-ea4b-4064-afc8-4fd278785573,TAP Barricade Rentals,private_regional_septage_facility,668 Bryan Road,Newton Grove,NC,,Sampson,35.225753222664,-78.357527510043,Unknown,Unknown,Yes,,(919) 889-9699,,,,,NCS-01756,2026-06-13 02:20:14.798453+00:00,2026-06-13 02:20:14.798453+00:00
13b59236-82e8-4236-a8a4-d5b54b3c78de,"Travel Resorts of North Carolina, LLC",private_regional_septage_facility,1059 Sycamore Lane,Jackson Springs,NC,,Richmond,35.141215936251,-79.627832206531,Unknown,No,Unknown,,(910) 420-3840,,,,,NCS-00880,2026-06-13 02:20:14.798453+00:00,2026-06-13 02:20:14.798453+00:00
13c4ce01-3cc5-4925-b865-0fa83d5342ae,BURR PILE,composting_facility,3126 E SLATON RD,SLATON,TX,79364,LUBBOCK,,,Unknown,Unknown,Unknown,,,,,,,100101,2026-06-13 02:19:41.329224+00:00,2026-06-13 02:19:41.329224+00:00
13c9ff2a-334e-4aaf-819a-ff8afc708a01,Biggs Septic & Sewer Services,private_regional_septage_facility,298 Shipwash Drive,Garner,NC,,Johnston,35.592492158898,-78.572261301777,Yes,Yes,Unknown,,(919)329-8288,,,,,NCS-01777,2026-06-13 02:20:14.798453+00:00,2026-06-13 02:20:14.798453+00:00
13f56f8f-7823-4beb-bcc0-1fa9b63bed19,Falls Lake SRA ? Rolling View WWTF,private_regional_septage_facility,,,NC,,Durham,,,Unknown,Unknown,Unknown,,,,https://edocs.deq.nc.gov/WaterResources/Search.aspx?dbid=0&searchcommand=%7B%5B%5D%3A%5BID%20%23%5D%3D%22WQ0005247%22%7D,,,WQ0005247,2026-06-13 02:20:02.366830+00:00,2026-06-13 02:20:02.366830+00:00
140c3ad7-a799-48d3-9478-e270793f2191,Seagrove-Ulah Metropolitan Water District WWTP,private_regional_septage_facility,,,NC,,Randolph,,,Unknown,Unknown,Unknown,,,,https://edocs.deq.nc.gov/WaterResources/Search.aspx?dbid=0&searchcommand=%7B%5B%5D%3A%5BID%20%23%5D%3D%22WQ0002648%22%7D,,,WQ0002648,2026-06-13 02:20:02.366830+00:00,2026-06-13 02:20:02.366830+00:00
1425b19a-a981-4a8b-b4b8-270f98a096c8,AUSTIN TREE EXPERTS,composting_facility,15527 FM 969 RD,AUSTIN,TX,78724,TRAVIS,30.246204,-97.574154,Yes,Unknown,Yes,,,,,,,100418,2026-06-13 02:19:52.391210+00:00,2026-06-13 02:19:52.391210+00:00
144c6d05-1ec8-4e15-903b-66eeb19fe2f1,Dudley's Septic Tank Service,private_regional_septage_facility,2852 Hwy 258 South,Kinston,NC,,Lenoir,35.215695750716,-77.621545830233,Yes,Unknown,Unknown,,(252) 523-9634,,,,,NCS-00388,2026-06-13 02:20:14.798453+00:00,2026-06-13 02:20:14.798453+00:00
14595b54-964e-4d08-a079-0b563dade5c6,Progressive Service Company,private_regional_septage_facility,110 Fortune Way,Raleigh,NC,,Wake,35.894259502215,-78.749724136055,Unknown,Yes,Unknown,,(919) 325-0180,,,,,NCS-01333,2026-06-13 02:20:14.798453+00:00,2026-06-13 02:20:14.798453+00:00
1476792e-18ae-4220-9d03-b58467094c80,Franklin County Transfer Station,transfer_station,1640 Timberlake Road,Franklinton,NC,27525,Franklin,36.05658,-78.37636,Unknown,Unknown,Unknown,,(919) 340-4670,,,,,3503-TRANSFER-,2026-06-13 02:20:07.409760+00:00,2026-06-13 02:20:07.409760+00:00
14a18249-7439-4e38-beeb-7b1d0bdfc2ce,CLINT LANDFILL PUBLIC DROP OFF AREA,transfer_station,2300 DARRINGTON RD,EL PASO,TX,79928,EL PASO,31.591666,-106.178611,Unknown,Unknown,Unknown,,,,,,,120064,2026-06-13 02:19:52.391210+00:00,2026-06-13 02:19:52.391210+00:00
14ad3c04-4014-40b8-80b1-678b954653d1,Burke Portable Toilet Service,private_regional_septage_facility,PO Box 1013,Morganton,NC,,Burke,,,Unknown,Unknown,Yes,,(828) 584-0999,,,,,NCS-00327,2026-06-13 02:20:07.409760+00:00,2026-06-13 02:20:07.409760+00:00
14bf382d-60fb-41e6-b65c-70240207b3c4,"Redbox + of the Triangle, LLC DBA Redbox + (Durham)",private_regional_septage_facility,11525 AULDBURY WAY,Raleigh,NC,,Wake,35.90869946227,-78.807927341868,Unknown,Unknown,Unknown,,(919) 452-4291,,,,,NCS-01488,2026-06-13 02:20:14.798453+00:00,2026-06-13 02:20:14.798453+00:00
14ddf42a-0a44-4ed6-afce-9626266d722e,Parcel No. 129342 Altamahaw Union Ridge Rd. SFR,private_regional_septage_facility,,,NC,,Alamance,,,Unknown,Unknown,Unknown,,,,https://edocs.deq.nc.gov/WaterResources/Search.aspx?dbid=0&searchcommand=%7B%5B%5D%3A%5BID%20%23%5D%3D%22WQ0003426%22%7D,,,WQ0003426,2026-06-13 02:20:02.366830+00:00,2026-06-13 02:20:02.366830+00:00
14f7c00f-eedd-47e6-8e5d-3286f30e5944,CITY OF ARCHER CITY WTP,transfer_station,614 W SOUTH ST,ARCHER CITY,TX,76351,Archer,33.587917,-98.639056,Unknown,Unknown,Unknown,,,,,110020038074,TX0127019,120006,2026-06-13 02:10:41.740925+00:00,2026-06-13 02:19:41.329224+00:00
14fb4abe-435f-4847-8a21-8e5bcfd407ee,Craven Ag Service Compost Facility,composting_facility,2115 Hwy 55 West,New Bern,NC,28562,Craven,35.25194,-77.18391,Yes,Yes,Yes,,(252) 633-5334,,,,,2514-COMPOST-2014,2026-06-13 02:20:07.409760+00:00,2026-06-13 02:20:07.409760+00:00
15089368-8e13-4937-a264-ab2e65ac774a,Ingle Dirtworks,private_regional_septage_facility,5039 Mt. Herman Rock Creek Rd,Snow Camp,NC,,Alamance,35.968892018653,-79.433849230169,Yes,Unknown,Unknown,,(336)269-0369,,,,,NCS-01815,2026-06-13 02:20:07.409760+00:00,2026-06-13 02:20:07.409760+00:00
1510905d-0c38-4404-ad88-94ce1d2e1f92,JASPER CO PRECINCT 3 CCS,transfer_station,13615 US HWY 96 S,KIRBYVILLE,TX,75956,JASPER,,,Unknown,Unknown,Unknown,,,,,,,120113,2026-06-13 02:19:52.391210+00:00,2026-06-13 02:19:52.391210+00:00
153b8149-ccd6-4f60-b623-a252395220ec,LIQUID ENVIRONMENTAL SOLUTIONS OF TEXAS WESLACO FACILITY,private_regional_septage_facility,1821 E SUGARCANE DR,WESLACO,TX,78599,HIDALGO,26.183,-97.9705,Yes,Yes,Unknown,,,,,,,2346,2026-06-13 02:19:52.391210+00:00,2026-06-13 02:19:52.391210+00:00
158373ad-484c-4f3c-ab3b-3aa3576e404b,Wayne County Facility Services,private_regional_septage_facility,804-C Corporate Drive,Goldsboro,NC,,Wayne,35.398971758424,-77.977214051179,Unknown,Unknown,Unknown,,(919) 920-2630,,,,,NCS-01473,2026-06-13 02:20:14.798453+00:00,2026-06-13 02:20:14.798453+00:00
159901e5-8e2c-4b56-956e-da533808f07b,Sanford Health and Rehabilitation WWTF,private_regional_septage_facility,,,NC,,Lee,,,Unknown,Unknown,Unknown,,,,https://edocs.deq.nc.gov/WaterResources/Search.aspx?dbid=0&searchcommand=%7B%5B%5D%3A%5BID%20%23%5D%3D%22WQ0007026%22%7D,,,WQ0007026,2026-06-13 02:20:02.366830+00:00,2026-06-13 02:20:02.366830+00:00
159b234f-78e1-4955-b5a3-6a818ee50c52,Halifax County Landfill,transfer_station,921 Liles Road,Littleton,NC,27850,Halifax,36.374326,-77.812305,Unknown,Unknown,Unknown,,(252) 583-1451,,,,,4204-CDLF-2013,2026-06-13 02:20:07.409760+00:00,2026-06-13 02:20:07.409760+00:00
15a0306b-ed58-45a6-a9b7-805a919a279a,Triad Restroom Rentals,private_regional_septage_facility,6205 Calendula Ct,Summerfield,NC,,Guilford,36.213054694719,-79.923905387696,Unknown,Unknown,Yes,,(336) 687-6540,,,,,NCS-00971,2026-06-13 02:20:07.409760+00:00,2026-06-13 02:20:07.409760+00:00
15a4ad8b-4145-48d2-b4db-949330127cc7,PILKINTON AND VESTAL PROPERTY,transfer_station,3850 FM 222,COLDSPRING,TX,77331,SAN JACINTO,,,Unknown,Unknown,Unknown,,,,,,,110038,2026-06-13 02:19:52.391210+00:00,2026-06-13 02:19:52.391210+00:00
15b6bdfb-a6e0-41e3-ae3f-948a7bcba032,Novozymes Class A Residuals Program,land_application_site,,,NC,,Franklin,,,Unknown,Unknown,Unknown,,,,https://edocs.deq.nc.gov/WaterResources/Search.aspx?dbid=0&searchcommand=%7B%5B%5D%3A%5BID%20%23%5D%3D%22WQ0003487%22%7D,,,WQ0003487,2026-06-13 02:20:02.366830+00:00,2026-06-13 02:20:02.366830+00:00
1604d0c7-9982-4a0b-a030-9f81ba5b8dbf,WALLISVILLE CITIZENS COLLECTION STATION,transfer_station,24138 IH 10 E,WALLISVILLE,TX,77597,CHAMBERS,,,Unknown,Unknown,Unknown,,,,,,,120027,2026-06-13 02:19:52.391210+00:00,2026-06-13 02:19:52.391210+00:00
16098610-3fb2-4e83-838c-eaf67a75ca73,CITY OF ALAMO PUBLIC WORKS SERVICE CENTER,transfer_station,803 S TOWER RD,ALAMO,TX,78516,HIDALGO,26.173925,-98.113227,Unknown,Unknown,Unknown,,,,,,,120093,2026-06-13 02:19:52.391210+00:00,2026-06-13 02:19:52.391210+00:00
16315e5b-5652-4fb4-85c1-032553ed97aa,Town of Bladenboro Class B Residuals Program,land_application_site,,,NC,,Bladen,,,Unknown,Unknown,Unknown,,,,https://edocs.deq.nc.gov/WaterResources/Search.aspx?dbid=0&searchcommand=%7B%5B%5D%3A%5BID%20%23%5D%3D%22WQ0014452%22%7D,,,WQ0014452,2026-06-13 02:20:02.366830+00:00,2026-06-13 02:20:02.366830+00:00
1649724f-8ce0-4d48-b42b-7b49474b8d75,LA FERIA TRANSFER STATION,transfer_station,,,,,CAMERON,26.170833,-97.845833,Unknown,Unknown,Unknown,,,,,,,2375,2026-06-13 02:19:52.391210+00:00,2026-06-13 02:19:52.391210+00:00
16599bd1-49a1-4ae2-9f42-754abf2fc903,City of Eden Class B Residuals Program,land_application_site,,,NC,,Rockingham,,,Unknown,Unknown,Unknown,,,,https://edocs.deq.nc.gov/WaterResources/Search.aspx?dbid=0&searchcommand=%7B%5B%5D%3A%5BID%20%23%5D%3D%22WQ0003035%22%7D,,,WQ0003035,2026-06-13 02:20:02.366830+00:00,2026-06-13 02:20:02.366830+00:00
165d1e92-2ae2-4882-9edb-7ce3130f9d76,Cooke Rentals,private_regional_septage_facility,PO Box 872,Mount Airy,NC,,Surry,,,Unknown,Unknown,Yes,,(336) 789-5068,,,,,NCS-00123,2026-06-13 02:20:14.798453+00:00,2026-06-13 02:20:14.798453+00:00
1677f207-0b94-4b39-87aa-f74a7651add6,Titan Septic and Rentals,private_regional_septage_facility,446 Copperfield Lane,Lexington,NC,,Davidson,35.778706633195,-80.210543031452,Unknown,Unknown,Unknown,,(336)596-8585,,,,,NCS-01809,2026-06-13 02:20:07.409760+00:00,2026-06-13 02:20:07.409760+00:00
16891254-79f0-4250-99c8-47201617b206,WINNIE STOWELL CITIZENS COLLECTION STATION,transfer_station,47414 IH 10 E,WINNIE,TX,77665,CHAMBERS,29.69,-94.68,Unknown,Unknown,Unknown,,,,,,,120033,2026-06-13 02:19:52.391210+00:00,2026-06-13 02:19:52.391210+00:00
1696ff81-10f0-414d-a116-24c2ebb18261,Weyerhaeuser ? Elkin OSB Mill WWTF,private_regional_septage_facility,,,NC,,Surry,,,Unknown,Unknown,Unknown,,,,https://edocs.deq.nc.gov/WaterResources/Search.aspx?dbid=0&searchcommand=%7B%5B%5D%3A%5BID%20%23%5D%3D%22WQ0005555%22%7D,,,WQ0005555,2026-06-13 02:20:02.366830+00:00,2026-06-13 02:20:02.366830+00:00
16a0a2de-542c-408d-ad25-fb34cd0066f2,Toi Toi USA(Charlotte),private_regional_septage_facility,2201 Stafford st Ext,Monroe,NC,,Mecklenburg,35.006555455544,-80.526210295429,Unknown,Unknown,Yes,,(704) 903-2203,,,,,NCS-01512,2026-06-13 02:20:14.798453+00:00,2026-06-13 02:20:14.798453+00:00
16b81850-2270-406a-b994-dc3b03fa4ecd,City of Raleigh Class B Residuals Program,land_application_site,,,NC,,Wake,,,Yes,No,Yes,,,,https://edocs.deq.nc.gov/WaterResources/Search.aspx?dbid=0&searchcommand=%7B%5B%5D%3A%5BID%20%23%5D%3D%22WQ0001730%22%7D,,,WQ0001730,2026-06-13 02:20:02.366830+00:00,2026-06-13 02:20:02.366830+00:00
16f01d89-a208-4555-9b24-2178fd909013,Restroom Trailer Solutions (Gastonia),private_regional_septage_facility,PO Box 22033,Savannah,NC,,Gaston,,,Unknown,Unknown,Yes,,866.-65.3255,,,,,NCS-01470,2026-06-13 02:20:07.409760+00:00,2026-06-13 02:20:07.409760+00:00
16fd213a-f48d-49e9-a711-d9ba5dd1741f,Duvaltex RLAP,land_application_site,,,NC,,Surry,,,Unknown,Unknown,Unknown,,,,https://edocs.deq.nc.gov/WaterResources/Search.aspx?dbid=0&searchcommand=%7B%5B%5D%3A%5BID%20%23%5D%3D%22WQ0013982%22%7D,,,WQ0013982,2026-06-13 02:20:02.366830+00:00,2026-06-13 02:20:02.366830+00:00
1708b890-ee7f-4b32-b308-31b347650da1,CITY OF WOODVILLE TRANSFER STATION FACILITY,transfer_station,,,,,TYLER,30.7843,-94.3559,Unknown,Unknown,Unknown,,,,,,,40013,2026-06-13 02:19:52.391210+00:00,2026-06-13 02:19:52.391210+00:00
17176e69-80c5-4da8-b3ae-3ca09e1a573e,CTS - South WWTF,private_regional_septage_facility,,,NC,,Pender,,,Unknown,Unknown,Unknown,,,,https://edocs.deq.nc.gov/WaterResources/Search.aspx?dbid=0&searchcommand=%7B%5B%5D%3A%5BID%20%23%5D%3D%22WQ0024053%22%7D,,,WQ0024053,2026-06-13 02:20:07.409760+00:00,2026-06-13 02:20:07.409760+00:00
1720a25d-3755-451e-818e-cbe7c3ff4343,SURE-LOCK COMPOSTING,composting_facility,1300 MISSION RIDGE BLVD,EL PASO,TX,79928,EL PASO,31.721111,-106.249444,Unknown,Unknown,Unknown,,,,,,,100241,2026-06-13 02:19:52.391210+00:00,2026-06-13 02:19:52.391210+00:00
174c637f-029d-46a3-8593-ac2b431cab1b,WILLIAMSON TRANSFER STATION,transfer_station,,,,,WILLIAMSON,30.5976,-97.56,Unknown,Unknown,Unknown,,,,,,,2398,2026-06-13 02:19:52.391210+00:00,2026-06-13 02:19:52.391210+00:00
175766b4-258b-431f-87a8-7b5740a92864,R&W Septic Tank Services,private_regional_septage_facility,126 Holly Springs Rd,Newport,NC,,Carteret,34.799931477084,-76.903641998141,Yes,Unknown,Unknown,,(252) 726-7390,,,,,NCS-01186,2026-06-13 02:20:07.409760+00:00,2026-06-13 02:20:07.409760+00:00
176655e1-3269-4584-92ec-b3f78562029e,CITY OF SILSBEE CITIZENS COLLECTION STATION,transfer_station,735 HWY 92 NORTH,SILSBEE,TX,77656,HARDIN,30.36,-94.15,Unknown,Unknown,Unknown,,,,,,,120080,2026-06-13 02:19:52.391210+00:00,2026-06-13 02:19:52.391210+00:00
1767faaf-95ff-415b-b8dc-3010b25e468c,Cross Culture at Leesville Road WWTF,private_regional_septage_facility,,,NC,,Durham,,,Unknown,Unknown,Unknown,,,,https://edocs.deq.nc.gov/WaterResources/Search.aspx?dbid=0&searchcommand=%7B%5B%5D%3A%5BID%20%23%5D%3D%22WQ0003298%22%7D,,,WQ0003298,2026-06-13 02:20:07.409760+00:00,2026-06-13 02:20:07.409760+00:00
176c8eb8-934c-4cb9-a632-dbe439457ce5,Reliable Onsite Services,private_regional_septage_facility,791 East 64th Avenue,Denver,NC,,Mecklenburg,,,Unknown,Unknown,Unknown,,(704) 345-4273,,,,,NCS-01432,2026-06-13 02:20:14.798453+00:00,2026-06-13 02:20:14.798453+00:00
177939be-b1b7-448f-932e-fcc05f271879,Affordable Oils of America LLC,private_regional_septage_facility,1334 E Western Blvd #3,Jacksonville,NC,,Onslow,34.786596043303,-77.401512812115,Unknown,Unknown,Unknown,,,,,,,NCS-01237,2026-06-13 02:20:14.798453+00:00,2026-06-13 02:20:14.798453+00:00
1816cbc6-89c3-419e-86b6-8822162044b7,DIRT CHEAP MULCH 1,composting_facility,4460 FM 1960 RD E,HUMBLE,TX,77346-3727,Harris,29.99931,-95.20672,Unknown,Unknown,Unknown,,,,,110034229902,TXR05GU71,100113,2026-06-13 02:11:17.851089+00:00,2026-06-13 02:19:52.391210+00:00
184c5aea-376f-4214-96ae-81907aa47b3f,Parcel No. 63577 Hickory Trace Ln. SFR,private_regional_septage_facility,,,NC,,Chatham,,,Unknown,Unknown,Unknown,,,,https://edocs.deq.nc.gov/WaterResources/Search.aspx?dbid=0&searchcommand=%7B%5B%5D%3A%5BID%20%23%5D%3D%22WQ0011826%22%7D,,,WQ0011826,2026-06-13 02:20:02.366830+00:00,2026-06-13 02:20:02.366830+00:00
18551927-3897-4b41-9d20-21da5e60cf0b,Sprinkle Septic Tank,private_regional_septage_facility,PO Box 37,Rural Hall,NC,,Forsyth,,,Yes,Unknown,Unknown,,(336) 924-8677,,,,,NCS-00052,2026-06-13 02:20:07.409760+00:00,2026-06-13 02:20:07.409760+00:00
18563a12-88a8-4b30-87d6-b3bcdeb0d132,TRAILER TRASH,composting_facility,1911 HIGHWAY 35 BYP,ARANSAS PASS,TX,78336,ARANSAS,27.943,-97.1455,Unknown,Unknown,Unknown,,,,,,,100057,2026-06-13 02:19:52.391210+00:00,2026-06-13 02:19:52.391210+00:00
189e66d9-ddc8-4ffc-98ae-4bba81d4fc7d,Town of Jefferson DCAR,land_application_site,,,NC,,Unknown,,,Yes,Yes,Unknown,,,,https://edocs.deq.nc.gov/WaterResources/Search.aspx?dbid=0&searchcommand=%7B%5B%5D%3A%5BID%20%23%5D%3D%22WQ0022155%22%7D,,,WQ0022155,2026-06-13 02:20:02.366830+00:00,2026-06-13 02:20:02.366830+00:00
18b8209b-c9d2-436a-a9f2-f475c5fef25e,Hensons' Inc. Mulch & More Pineville (formerly 6015TP-COMPOST-),composting_facility,13010 Lancaster Hwy,Pineville,NC,28134,Mecklenburg,35.065235,-80.878004,Unknown,Unknown,Unknown,,(828) 859-5836,,,,,6015-COMPOST-,2026-06-13 02:20:07.409760+00:00,2026-06-13 02:20:07.409760+00:00
191eeae7-278d-462f-8281-41a3c7fa27b6,The Retreat at Haw River WWTP,potw_receiving_station,,,NC,,Chatham,,,Unknown,Unknown,Unknown,,,,https://edocs.deq.nc.gov/WaterResources/Search.aspx?dbid=0&searchcommand=%7B%5B%5D%3A%5BID%20%23%5D%3D%22WQ0043977%22%7D,,,WQ0043977,2026-06-13 02:20:02.366830+00:00,2026-06-13 02:20:02.366830+00:00
1920d1e7-6221-413b-8538-88da758623e9,Green Mountain Waste Management,private_regional_septage_facility,123 Lyman St.,Asheville,NC,,Randolph,35.584232499111,-82.562801294465,Unknown,Unknown,Yes,,828.-20.3867,,,,,NCS-01880,2026-06-13 02:20:14.798453+00:00,2026-06-13 02:20:14.798453+00:00
192d17d9-991d-4657-92a0-d5ef9b0e01e2,Rachel Locklear Porta John Service,private_regional_septage_facility,2161 Evergreen Church Rd,Pembroke,NC,,Robeson,34.692380735175,-79.121248045461,Unknown,Unknown,Yes,,(910) 734-1759,,,,,NCS-00834,2026-06-13 02:20:14.798453+00:00,2026-06-13 02:20:14.798453+00:00
1933ea94-66ef-4e07-bd33-d438b087300d,Liquid Environmental Solutions,private_regional_septage_facility,4826 Worth Place,Charlotte,NC,,Mecklenburg,35.275719171176,-80.88225686374,Unknown,Yes,Unknown,,(910) 323-4672,,,,,NCS-01331,2026-06-13 02:20:14.798453+00:00,2026-06-13 02:20:14.798453+00:00
193fa4a5-c183-408d-8b19-a83896362c9a,"Gann Brothers Septic Tank Service, Inc.",private_regional_septage_facility,191 Percy Lane,Mayodan,NC,,Rockingham,36.429873009493,-80.008774934073,Yes,Yes,Unknown,,(336) 548-2971,,,,,NCS-00404,2026-06-13 02:20:14.798453+00:00,2026-06-13 02:20:14.798453+00:00
1941cd95-80ef-46e5-bdcf-7ec070eed22e,Granville Family Park WWTF,private_regional_septage_facility,,,NC,,Granville,,,Unknown,Unknown,Unknown,,,,https://edocs.deq.nc.gov/WaterResources/Search.aspx?dbid=0&searchcommand=%7B%5B%5D%3A%5BID%20%23%5D%3D%22WQ0004410%22%7D,,,WQ0004410,2026-06-13 02:20:07.409760+00:00,2026-06-13 02:20:07.409760+00:00
197e1d5c-2198-40d5-9473-6ab90817cd7f,"Shady Knoll Septic Service, LLC",private_regional_septage_facility,213 Shady Knoll Ln,Mocksville,NC,,Davie,35.882920296801,-80.653562493344,Yes,Unknown,Unknown,,(336) 940-7397,,,,,NCS-01757,2026-06-13 02:20:07.409760+00:00,2026-06-13 02:20:07.409760+00:00
19c784f4-409a-4aec-83b3-387d8219e4a0,Swann Septic LLC,private_regional_septage_facility,698 Old NC Hwy 86 N,Yanceyville,NC,,Caswell,36.407751820236,-79.333844410034,Yes,Unknown,Yes,,(336) 694-4811,,,,,NCS-00061,2026-06-13 02:20:07.409760+00:00,2026-06-13 02:20:07.409760+00:00
19cfc61e-a477-47a0-b17b-c56e75ba74ff,Kearns Pumping Service,private_regional_septage_facility,PO BOX 115,Troy,NC,,Montgomery,,,Yes,Unknown,Unknown,,(910) 576-0681,,,,,NCS-00637,2026-06-13 02:20:14.798453+00:00,2026-06-13 02:20:14.798453+00:00
1a047ae6-f877-407b-a6df-38b97992fae2,Frit Car - Bridgeton WWTF,private_regional_septage_facility,,,NC,,Craven,,,Unknown,Unknown,Unknown,,,,https://edocs.deq.nc.gov/WaterResources/Search.aspx?dbid=0&searchcommand=%7B%5B%5D%3A%5BID%20%23%5D%3D%22WQ0002503%22%7D,,,WQ0002503,2026-06-13 02:20:07.409760+00:00,2026-06-13 02:20:07.409760+00:00
1a0a7ce6-8db9-418c-964f-50b4615fdc9a,"Brite N Clean Portables, LLC.",private_regional_septage_facility,312 N Louisburg Rd,Spring Hope,NC,,Nash,35.955896433553,-78.105931684703,Unknown,Unknown,Unknown,,(252) 883-8024,,,,,NCS-01088,2026-06-13 02:20:14.798453+00:00,2026-06-13 02:20:14.798453+00:00
1a0d9cef-45d2-4700-8875-a23fb6362668,Town of Pollocksville WWTP,private_regional_septage_facility,,,NC,,Jones,,,Unknown,Unknown,Unknown,,,,https://edocs.deq.nc.gov/WaterResources/Search.aspx?dbid=0&searchcommand=%7B%5B%5D%3A%5BID%20%23%5D%3D%22WQ0007283%22%7D,,,WQ0007283,2026-06-13 02:20:02.366830+00:00,2026-06-13 02:20:02.366830+00:00
1a609468-ffcc-4c5f-b27f-762eb64753a7,"Central Septic Tanks, Inc.",private_regional_septage_facility,5115 E NC 10 HWY,Catawba,NC,,Catawba,35.694211133139,-81.086772357356,Unknown,Unknown,Yes,,(828) 244-8248,,,,,NCS-01032,2026-06-13 02:20:07.409760+00:00,2026-06-13 02:20:07.409760+00:00
1a6caaf0-8ac6-47c0-9339-1473e60692c6,ACH Septic Services,private_regional_septage_facility,PO Box 1473,Boone,NC,,Watauga,,,Yes,Unknown,Yes,,(828)616-9985,,,,,NCS-01849,2026-06-13 02:20:14.798453+00:00,2026-06-13 02:20:14.798453+00:00
1a855393-f269-4e7e-be9b-1f88ff4b8084,HST LLC,private_regional_septage_facility,1356 Race Path Church Rd,Mooresboro,NC,,Rutherford,35.289292010085,-81.751314378636,Yes,Unknown,Yes,,(828) 453-0548,,,,,NCS-00703,2026-06-13 02:20:14.798453+00:00,2026-06-13 02:20:14.798453+00:00
1a86e1dd-66c6-44e9-9ba7-95ae18feaa83,U.S. Biosolids Class A Residuals Program,land_application_site,,,NC,,Wilkes,,,Unknown,No,Unknown,,,,https://edocs.deq.nc.gov/WaterResources/Search.aspx?dbid=0&searchcommand=%7B%5B%5D%3A%5BID%20%23%5D%3D%22WQ0038071%22%7D,,,WQ0038071,2026-06-13 02:20:02.366830+00:00,2026-06-13 02:20:02.366830+00:00
1afa97d1-7cf0-44e1-b9b9-938eb8df5f81,Davidson Water DCAR,land_application_site,,,NC,,Davidson,,,Unknown,Unknown,Unknown,,,,https://edocs.deq.nc.gov/WaterResources/Search.aspx?dbid=0&searchcommand=%7B%5B%5D%3A%5BID%20%23%5D%3D%22WQ0031712%22%7D,,,WQ0031712,2026-06-13 02:20:02.366830+00:00,2026-06-13 02:20:02.366830+00:00
1b1db2db-6828-4039-bf69-758a9f48ec8e,RIO BREWSTER WASTE MANAGEMENT,transfer_station,1059 DRY BRANCH RD,LEAKEY,TX,78873,REAL,29.687777,-99.698611,Unknown,Unknown,Unknown,,,,,,,110048,2026-06-13 02:19:52.391210+00:00,2026-06-13 02:19:52.391210+00:00
1b38993a-7511-4414-9684-ef5f5b17e6fd,Engelhard Sanitary District WWTP,private_regional_septage_facility,,,NC,,Hyde,,,Unknown,No,Unknown,,,,https://edocs.deq.nc.gov/WaterResources/Search.aspx?dbid=0&searchcommand=%7B%5B%5D%3A%5BID%20%23%5D%3D%22WQ0017625%22%7D,,,WQ0017625,2026-06-13 02:20:02.366830+00:00,2026-06-13 02:20:02.366830+00:00
1b4954bd-44ed-4377-a123-5e7acba43ee3,Tows Septic Service & Tows Jon Boy LLC,private_regional_septage_facility,PO Box 971,Blue Ridge,NC,,Cherokee,,,Yes,Yes,Yes,,(706) 632-8689,,,,,NCS-00165,2026-06-13 02:20:07.409760+00:00,2026-06-13 02:20:07.409760+00:00
1bc06fa4-8be2-4cb6-a94e-7def076a36fc,Vale Septic Solutions LLC,private_regional_septage_facility,254 Cedar Grove Church Road,Vale,NC,,Lincoln,35.505551157966,-81.43015044533,Yes,Yes,Yes,,(980) 241-4603,,,,,NCS-01739,2026-06-13 02:20:14.798453+00:00,2026-06-13 02:20:14.798453+00:00
1bd20b3c-1abc-4900-b5e8-054cc4a0d4fa,Little Chief Enterprises,private_regional_septage_facility,P.O. Box 85,Maxton,NC,,Robeson,,,Yes,Unknown,Unknown,,(910) 280-2769,,,,,NCS-01465,2026-06-13 02:20:14.798453+00:00,2026-06-13 02:20:14.798453+00:00
1bf6a1df-5280-4616-9508-64d84bcfc05b,Talley Pointe WWTF,private_regional_septage_facility,,,NC,,Person,,,Unknown,Unknown,Unknown,,,,https://edocs.deq.nc.gov/WaterResources/Search.aspx?dbid=0&searchcommand=%7B%5B%5D%3A%5BID%20%23%5D%3D%22WQ0031717%22%7D,,,WQ0031717,2026-06-13 02:20:02.366830+00:00,2026-06-13 02:20:02.366830+00:00
1c04c3e6-1a1c-4a55-a7f6-c55cb6fff0d7,"Donathan Pumping Service, Inc.",private_regional_septage_facility,PO Box 539,Cameron,NC,,Moore,,,Yes,Yes,Yes,,(910) 245-3583,,,,,NCS-00264,2026-06-13 02:20:14.798453+00:00,2026-06-13 02:20:14.798453+00:00
1c0a17ce-d324-41c0-a34d-5c929cafc567,MOBILE MAJIC,transfer_station,2100 ROSELEA DR,BUCHANAN DAM,TX,78609,LLANO,30.76099,-98.46322,Unknown,Unknown,Unknown,,,,,,,110046,2026-06-13 02:19:52.391210+00:00,2026-06-13 02:19:52.391210+00:00
1c313533-5b80-4c93-8416-3c0db2884d0d,McGill - Merry Oaks Compost Facility,composting_facility,634 Christian Chapel Church Road,New Hill,NC,27562,Chatham,35.635021,-79.008011,Unknown,Unknown,Unknown,,(919) 770-4416,,,,,1906-COMPOST-2020,2026-06-13 02:20:07.409760+00:00,2026-06-13 02:20:07.409760+00:00
1c4ffd31-d3f9-4f0a-b720-6123824b7f88,EDWARDS CONSTRUCTION KILGORE LIQUID WASTE PROCESSING FAC,private_regional_septage_facility,2821 SH HWY 42 N,KILGORE,TX,75662,GREGG,32.407222,-94.870277,Yes,Yes,Unknown,,,,,,,2408,2026-06-13 02:19:52.391210+00:00,2026-06-13 02:19:52.391210+00:00
1c5db01f-71f2-4107-a67d-b40b53f68fc5,BEE COUNTY MINERAL CITIZEN COLLECTION CENTER,transfer_station,8654 FM 673,MINERAL,TX,78125,BEE,28.564166,-97.914166,Unknown,Unknown,Unknown,,,,,,,120183,2026-06-13 02:19:52.391210+00:00,2026-06-13 02:19:52.391210+00:00
1c74b6d2-0fbf-43c8-be74-5380df713cab,EAGLE SANITATION,transfer_station,3113 HIGHWAY 19,HUNTSVILLE,TX,77320,WALKER,30.801388,-95.453333,Unknown,Unknown,Unknown,,,,,,,110032,2026-06-13 02:19:52.391210+00:00,2026-06-13 02:19:52.391210+00:00
1cc84990-ecd5-42b7-9dec-669d12923a6e,Watauga Co Transfer Facility,transfer_station,336 Landfill Road,Boone,NC,28607,Watauga,36.22069,-81.63337,Unknown,Unknown,Unknown,,(828) 264-5305,,,,,9503T-TRANSFER-1996,2026-06-13 02:20:07.409760+00:00,2026-06-13 02:20:07.409760+00:00
1cf805a8-1b39-4b8a-bc35-6a13a8ec3d99,Wilkes Road Yard Waste Facility,composting_facility,771 Wilkes Road,Fayetteville,NC,28306,Cumberland,35.023854,-78.876649,Unknown,Unknown,Unknown,,(910) 438-4041,,,,,2610-COMPOST-2011,2026-06-13 02:20:07.409760+00:00,2026-06-13 02:20:07.409760+00:00
1d20096b-2a97-4e76-b4ae-3c91e8c3fd9f,Town of Jackson WWTF,private_regional_septage_facility,,,NC,,Northampton,,,Unknown,Unknown,Unknown,,,,https://edocs.deq.nc.gov/WaterResources/Search.aspx?dbid=0&searchcommand=%7B%5B%5D%3A%5BID%20%23%5D%3D%22WQ0000948%22%7D,,,WQ0000948,2026-06-13 02:20:02.366830+00:00,2026-06-13 02:20:02.366830+00:00
1d7b21e7-7853-4a54-a9f3-d09e3efd5d0d,Town of Apex Reclaimed Water System,potw_receiving_station,,,NC,,Wake,,,Unknown,Unknown,Unknown,,,,https://edocs.deq.nc.gov/WaterResources/Search.aspx?dbid=0&searchcommand=%7B%5B%5D%3A%5BID%20%23%5D%3D%22WQ0021863%22%7D,,,WQ0021863,2026-06-13 02:20:02.366830+00:00,2026-06-13 02:20:02.366830+00:00
1d8707db-0992-438b-ad75-4d364bce6be0,Town of Mooresville SDU,land_application_site,,,NC,,Iredell,,,Unknown,Unknown,Unknown,,,,https://edocs.deq.nc.gov/WaterResources/Search.aspx?dbid=0&searchcommand=%7B%5B%5D%3A%5BID%20%23%5D%3D%22WQ0002378%22%7D,,,WQ0002378,2026-06-13 02:20:02.366830+00:00,2026-06-13 02:20:02.366830+00:00
1dcea1e3-35c8-4503-8f50-5e96bf1f12cd,Kenny Ball Septic & Grading,private_regional_septage_facility,318 E Deep Cr Rd,Bryson City,NC,,Swain,35.438208280941,-83.43953159078,Yes,Unknown,Unknown,,(828) 736-1272,,,,,NCS-01240,2026-06-13 02:20:14.798453+00:00,2026-06-13 02:20:14.798453+00:00
1de34c92-41a6-4e35-9886-4ec2863bd95b,Town of Aulander WWTF,private_regional_septage_facility,,,NC,,Hertford,,,Unknown,Unknown,Unknown,,,,https://edocs.deq.nc.gov/WaterResources/Search.aspx?dbid=0&searchcommand=%7B%5B%5D%3A%5BID%20%23%5D%3D%22WQ0000777%22%7D,,,WQ0000777,2026-06-13 02:20:02.366830+00:00,2026-06-13 02:20:02.366830+00:00
1dee0f22-72c5-4e8d-b9f2-e702a6a7fe56,C Klebs Porta-Johns Septic Cleaning,private_regional_septage_facility,3513 Black Creek Road,Four Oaks,NC,,Johnston,35.477227942167,-78.448513929497,Yes,Unknown,Yes,,(984) 689-8016,,,,,NCS-01748,2026-06-13 02:20:14.798453+00:00,2026-06-13 02:20:14.798453+00:00
1df0ad63-905a-4701-a50c-2cec5d4d2966,MADISON COUNTY PRECINCT 4 CCS,transfer_station,5791 DUGGAN LN,NORTH ZULCH,TX,77872,MADISON,30.868565,-96.014991,Unknown,Unknown,Unknown,,,,,,,120078,2026-06-13 02:19:52.391210+00:00,2026-06-13 02:19:52.391210+00:00
1e1a6b8d-1162-4ba2-85c3-e65c4b7fe296,Triangle Brick - Merry Oaks WWTF,private_regional_septage_facility,,,NC,,Chatham,,,Unknown,Unknown,Unknown,,,,https://edocs.deq.nc.gov/WaterResources/Search.aspx?dbid=0&searchcommand=%7B%5B%5D%3A%5BID%20%23%5D%3D%22WQ0004327%22%7D,,,WQ0004327,2026-06-13 02:20:02.366830+00:00,2026-06-13 02:20:02.366830+00:00
1e2c1646-f8e6-4466-8dd6-334975b8831f,Lake Gaston Campground,private_regional_septage_facility,2 N Riverside Plaza,Chicago,NC,,Warren,,,Unknown,Unknown,Unknown,,(252) 586-4121,,,,,NCS-00900,2026-06-13 02:20:14.798453+00:00,2026-06-13 02:20:14.798453+00:00
1e9e2910-b66f-4535-8b3b-9117132d5aaa,COBBS RECYCLING CENTER,transfer_station,2021 N 44TH ST,WACO,TX,76710,MCLENNAN,31.543494,-97.188243,Unknown,Unknown,Unknown,,,,,,,120115,2026-06-13 02:19:52.391210+00:00,2026-06-13 02:19:52.391210+00:00
1eb031ef-f36b-4ce4-b2b4-63953dbfcc5e,MULCH SITE CCANNA LANE DMS,transfer_station,103 CANNA LN,LAKE JACKSON,TX,77566,BRAZORIA,29.03,-95.45,Unknown,Yes,Unknown,,,,,,,120184,2026-06-13 02:19:52.391210+00:00,2026-06-13 02:19:52.391210+00:00
1ed592c4-fa1f-49bf-a6da-f1f132242c0f,RIO HONDO TYPE V LIQUID WASTE PROCESSING FACILITY,transfer_station,,,,,CAMERON,,,Unknown,Unknown,Unknown,,,,,,,120172,2026-06-13 02:19:52.391210+00:00,2026-06-13 02:19:52.391210+00:00
1eef0017-320d-47d0-801e-6ceeb83f0183,"Riddle Septic Solutions, LLC",private_regional_septage_facility,688 Fowler Rd.,Walnut Cove,NC,,Stokes,36.309473043499,-80.147782843659,Yes,Yes,Unknown,,(336) 709-5014,,,,,NCS-01427,2026-06-13 02:20:14.798453+00:00,2026-06-13 02:20:14.798453+00:00
1efc605c-d4dc-4eec-b0a9-ced58ed94cc3,Camp Oak Hill WWTF,private_regional_septage_facility,,,NC,,Granville,,,Unknown,Unknown,Unknown,,,,https://edocs.deq.nc.gov/WaterResources/Search.aspx?dbid=0&searchcommand=%7B%5B%5D%3A%5BID%20%23%5D%3D%22WQ0002015%22%7D,,,WQ0002015,2026-06-13 02:20:02.366830+00:00,2026-06-13 02:20:02.366830+00:00
1f0da664-ede9-4f64-bee3-4eeacb93fceb,Parcel No. 74102 Mount Pisgah Church Rd. SFR,private_regional_septage_facility,,,NC,,Chatham,,,Unknown,Unknown,Unknown,,,,https://edocs.deq.nc.gov/WaterResources/Search.aspx?dbid=0&searchcommand=%7B%5B%5D%3A%5BID%20%23%5D%3D%22WQ0038895%22%7D,,,WQ0038895,2026-06-13 02:20:02.366830+00:00,2026-06-13 02:20:02.366830+00:00
1f756c88-780b-43cd-944c-6d4964b7608e,GEOSOURCE FM 3351,composting_facility,249 HIGHWAY 3351 N,BERGHEIM,TX,78004,KENDALL,29.5175,-98.3338,Unknown,Unknown,Unknown,,,,,,,100295,2026-06-13 02:19:52.391210+00:00,2026-06-13 02:19:52.391210+00:00
1f76030b-391f-4308-8c49-8649e962e9ab,Joseph Laney Septic Cleaning,private_regional_septage_facility,3615 Wolf Pond Rd,Monroe,NC,,Union,34.921242077841,-80.545802688212,Yes,Unknown,Unknown,,(704) 283-1697,,,,,NCS-00597,2026-06-13 02:20:14.798453+00:00,2026-06-13 02:20:14.798453+00:00
1f778a6e-dbb0-44de-93a1-6c7925e7f214,CITY OF GAINESVILLE TRANSFER STATION FACILITY,transfer_station,601 N INTERSTATE 35,GAINESVILLE,TX,76240,COOKE,33.63,-97.16,No,No,Unknown,,,,,,,1030A,2026-06-13 02:19:41.329224+00:00,2026-06-13 02:19:41.329224+00:00
1fbed95a-ebaa-4614-9c00-5115df1b64f3,Ahoskie Assisted Living WWTF,private_regional_septage_facility,,,NC,,Hertford,,,Unknown,Unknown,Unknown,,,,https://edocs.deq.nc.gov/WaterResources/Search.aspx?dbid=0&searchcommand=%7B%5B%5D%3A%5BID%20%23%5D%3D%22WQ0002096%22%7D,,,WQ0002096,2026-06-13 02:20:07.409760+00:00,2026-06-13 02:20:07.409760+00:00
1ff9dd8f-c1a4-4750-8dec-c751ed2552ef,Yellow Dog Septic Services,private_regional_septage_facility,2693 McDougald Rd,Lillington,NC,,Harnett,35.398711016714,-78.888497533988,Yes,Unknown,Unknown,,(910) 890-0328,,,,,NCS-01773,2026-06-13 02:20:07.409760+00:00,2026-06-13 02:20:07.409760+00:00
200478bd-3c3b-4c90-8cab-64c4293d9ca0,M & C Enterprise of Asheville DBA Red Ginger Dimsum & Tapas,private_regional_septage_facility,"82 Patton Ave, Suite 100",Asheville,NC,,Buncombe,35.594364692812,-82.55491409177,Unknown,Unknown,Unknown,,(828) 505-8688,,,,,NCS-01409,2026-06-13 02:20:07.409760+00:00,2026-06-13 02:20:07.409760+00:00
2091d0a3-b945-44e7-8821-d078bd18de9e,Tough Enough Rodeo ML,private_regional_septage_facility,3441 Morganton Blvd,Lenoir,NC,,Caldwell,35.838047513205,-81.629647653812,Unknown,Unknown,Unknown,,,,,,,NCS-01239,2026-06-13 02:20:07.409760+00:00,2026-06-13 02:20:07.409760+00:00
20c3c438-1ef9-4d06-8388-dfc16db8348c,Town of Jefferson RLAP,land_application_site,,,NC,,Ashe,,,Yes,Yes,Unknown,,,,https://edocs.deq.nc.gov/WaterResources/Search.aspx?dbid=0&searchcommand=%7B%5B%5D%3A%5BID%20%23%5D%3D%22WQ0004166%22%7D,,,WQ0004166,2026-06-13 02:20:02.366830+00:00,2026-06-13 02:20:02.366830+00:00
20d238b9-9f46-41fd-9512-379aebe0f50f,Lake Norman Sewer & Septic Services,private_regional_septage_facility,PO Box 889,Denver,NC,,Lincoln,,,Yes,Unknown,Unknown,,(704) 483-5125,,,,,NCS-01070,2026-06-13 02:20:14.798453+00:00,2026-06-13 02:20:14.798453+00:00
20e3fda7-15e7-45cd-87b6-11fe0191fc7d,Stevenson Sand,private_regional_septage_facility,672 Blount Road,Elizabeth City,NC,,Pasquotank,36.249251508496,-76.239508676302,Yes,Unknown,Unknown,,252.-33.3004,,,,,NCS-01913,2026-06-13 02:20:14.798453+00:00,2026-06-13 02:20:14.798453+00:00
20e9b296-4c57-4293-b658-bd08f5302da0,WEATHERFORD RENEWALBE NATURAL GAS FACILITY,anaerobic_digester,,,,,PARKER,,,Unknown,Unknown,Unknown,,,,,,,48059,2026-06-13 02:19:41.329224+00:00,2026-06-13 02:19:41.329224+00:00
20f1573a-7fad-44d3-a993-f8401873d82f,CITY OF SAN SABA TRANSFER STATION,transfer_station,303 S CLEAR ST,SAN SABA,TX,76877,SAN SABA,31.20233,-98.68333,Unknown,Unknown,Unknown,,,,,,,40160,2026-06-13 02:19:52.391210+00:00,2026-06-13 02:19:52.391210+00:00
2122dfc6-d40d-418d-aaac-480ca4dc502e,Sea Trail WWTP,potw_receiving_station,,,NC,,Brunswick,,,Unknown,Unknown,Unknown,,,,https://edocs.deq.nc.gov/WaterResources/Search.aspx?dbid=0&searchcommand=%7B%5B%5D%3A%5BID%20%23%5D%3D%22WQ0012748%22%7D,,,WQ0012748,2026-06-13 02:20:07.409760+00:00,2026-06-13 02:20:07.409760+00:00
21267329-12d2-4ac6-9b67-a19d6de128cb,The Hanor Company of Wisconsin ? NC 97 E Truck Wash WWTF,private_regional_septage_facility,,,NC,,Edgecombe,,,Unknown,Unknown,Unknown,,,,https://edocs.deq.nc.gov/WaterResources/Search.aspx?dbid=0&searchcommand=%7B%5B%5D%3A%5BID%20%23%5D%3D%22WQ0014928%22%7D,,,WQ0014928,2026-06-13 02:20:02.366830+00:00,2026-06-13 02:20:02.366830+00:00
212dd10b-8b34-4a8e-bf63-0afbe20a8549,Mulberry Farm WWTF,private_regional_septage_facility,,,NC,,Madison,,,,,,,,,https://edocs.deq.nc.gov/WaterResources/Search.aspx?dbid=0&searchcommand=%7B%5B%5D%3A%5BID%20%23%5D%3D%22WQ0044463%22%7D,,,WQ0044463,2026-06-13 02:20:02.366830+00:00,2026-06-13 02:20:02.366830+00:00
213bef0c-a7cf-4719-b1ce-35d2a3951a65,Pauls Septic Tank Pumping,private_regional_septage_facility,31149 Hill Creek Road,Wagram,NC,,Scotland,34.984304804634,-79.408043006119,Yes,Yes,Unknown,,(910) 281-5895,,,,,NCS-00100,2026-06-13 02:20:14.798453+00:00,2026-06-13 02:20:14.798453+00:00
2143ccab-1e5a-45a9-977a-310306923d3a,BURLESON COUNTY CCS #1,transfer_station,7078 CO RD 144,DEANVILLE,TX,77852,BURLESON,30.427173,-96.762881,Unknown,Unknown,Unknown,,,,,,,120068,2026-06-13 02:19:52.391210+00:00,2026-06-13 02:19:52.391210+00:00
215c2775-7d06-4f3c-97f1-29d6b429a1bc,Hoffman Septic Tank Pumping,private_regional_septage_facility,110 Enterprise Dr,Elizabeth City,NC,,Pasquotank,36.259539126691,-76.202443662389,Yes,Unknown,Unknown,,(252) 339-4900,,,,,NCS-00210,2026-06-13 02:20:14.798453+00:00,2026-06-13 02:20:14.798453+00:00
2185decd-8bd8-4494-a8cd-faa220970741,GARDEN-VILLE FERTILIZER,composting_facility,7561 E EVANS RD,SAN ANTONIO,TX,78266,COMAL,29.6125,-98.339722,Unknown,Unknown,Unknown,,,,,,,47039,2026-06-13 02:19:52.391210+00:00,2026-06-13 02:19:52.391210+00:00
21b0669d-fbb7-4fc7-a7f8-48ca43fa999e,THE LETCO GROUP LLC,composting_facility,17555 I 45 S,SHENANDOAH,TX,77385,MONTGOMERY,30.201027,-95.454358,Unknown,Unknown,Unknown,,,,,,,100443,2026-06-13 02:19:52.391210+00:00,2026-06-13 02:19:52.391210+00:00
21e5c2c0-040c-4712-ac61-b439f2362110,TWIN OAKS RENEWABLE NATURAL GAS FACILITY,anaerobic_digester,,,,,GRIMES,,,Unknown,Unknown,Unknown,,,,,,,48051,2026-06-13 02:19:52.391210+00:00,2026-06-13 02:19:52.391210+00:00
222ba937-15a0-4daf-9140-517183882f19,City of Jacksonville WWTF,private_regional_septage_facility,,,NC,,Onslow,,,Unknown,Unknown,Unknown,,,,https://edocs.deq.nc.gov/WaterResources/Search.aspx?dbid=0&searchcommand=%7B%5B%5D%3A%5BID%20%23%5D%3D%22WQ0009267%22%7D,,,WQ0009267,2026-06-13 02:20:02.366830+00:00,2026-06-13 02:20:02.366830+00:00
22404d55-3e0c-41f1-8dd3-cdb9133e8256,MOTHER EARTH LANDSCAPE MATERIALS,composting_facility,3037 FM 665,ROBSTOWN,TX,78380-6109,Nueces,27.68746,-97.611851,Unknown,Unknown,Unknown,,,,,110034735099,TXR05EC46,100167,2026-06-13 02:13:53.800103+00:00,2026-06-13 02:19:52.391210+00:00
2244c86b-97ef-4faf-b66a-6f938196d65d,EZ Rolloff Containers,private_regional_septage_facility,P.O. Box 335,Naples,NC,,Henderson,,,Unknown,Unknown,Unknown,,828.-21.3988,,,,,NCS-01881,2026-06-13 02:20:14.798453+00:00,2026-06-13 02:20:14.798453+00:00
22651137-7b46-4bbe-8eb8-2bbef8030dea,NC - Pro Septic,private_regional_septage_facility,6676 Dale Street,Germanton,NC,,Forsyth,36.253882928583,-80.243502097202,Unknown,Unknown,Unknown,,(336) 650-6867,,,,,NCS-01506,2026-06-13 02:20:07.409760+00:00,2026-06-13 02:20:07.409760+00:00
226bdf1e-fe03-4708-9637-15ed3dac6314,TPS Plumbing and Septic,private_regional_septage_facility,2929 Clarks Chapel Road,Lenoir,NC,,Caldwell,35.860731926172,-81.556074249637,Yes,Unknown,Unknown,,(828) 320-7873,,,,,NCS-01534,2026-06-13 02:20:07.409760+00:00,2026-06-13 02:20:07.409760+00:00
22ae74d6-ad26-4258-bf9d-19fe1d65b218,"Valley Proteins,Inc -VA",private_regional_septage_facility,P.O. Box 3588,Winchester,NC,,Northampton,,,Yes,Yes,Unknown,,,,,,,NCS-00978,2026-06-13 02:20:14.798453+00:00,2026-06-13 02:20:14.798453+00:00
22c48e50-2cd0-48b5-989b-414b39c32da7,Mount Mitchell State Park WWTF,private_regional_septage_facility,,,NC,,Yancey,,,Unknown,Unknown,Unknown,,,,https://edocs.deq.nc.gov/WaterResources/Search.aspx?dbid=0&searchcommand=%7B%5B%5D%3A%5BID%20%23%5D%3D%22WQ0012690%22%7D,,,WQ0012690,2026-06-13 02:20:02.366830+00:00,2026-06-13 02:20:02.366830+00:00
22cd2cf9-b1d7-41a5-8302-6d8dc91e30dc,Ray's Septic Tank,private_regional_septage_facility,6020 Poole Road,Archdale,NC,,Randolph,35.889737331822,-79.913600777721,Yes,Unknown,Unknown,,(336) 669-0425,,,,,NCS-01614,2026-06-13 02:20:14.798453+00:00,2026-06-13 02:20:14.798453+00:00
22d459fe-ebba-4ad9-8542-a9a48f3149a3,ENVIRO WASTE LIQUID WASTE TRANSFER STATION FACILITY,private_regional_septage_facility,1505 ALDINE BENDER RD,HOUSTON,TX,77032,HARRIS,28.79117,-94.05533,Unknown,Unknown,Unknown,,,,,,,40151,2026-06-13 02:19:52.391210+00:00,2026-06-13 02:19:52.391210+00:00
22d9f836-cc94-40ed-9e04-b639c242eb9f,LIVING EARTH,composting_facility,16138 HIGHWAY 6,ROSHARON,TX,77583-3224,BRAZORIA,29.4897,-95.42214,Unknown,Unknown,Unknown,,,,,110070355520,TXR05AF97,100214,2026-06-13 02:13:19.417606+00:00,2026-06-13 02:19:52.391210+00:00
22e87db4-1765-4c06-8d24-c371ce9e7b4e,Carolina Septic Pumping,private_regional_septage_facility,PO Box 563,Shallotte,NC,,Brunswick,,,Yes,Unknown,Unknown,,(910) 620-5645,,,,,NCS-01287,2026-06-13 02:20:07.409760+00:00,2026-06-13 02:20:07.409760+00:00
23258752-42cf-42cb-998a-1242c7a4a6bb,Marshall Cummings Septic Tank Service,private_regional_septage_facility,1234 W McDuffie Crossing Rd,St Pauls,NC,,Robeson,34.762542212433,-79.010126964999,Yes,Yes,Unknown,,(910) 737-6310,,,,,NCS-00794,2026-06-13 02:20:14.798453+00:00,2026-06-13 02:20:14.798453+00:00
2327dfc5-2e09-46e8-b796-78cb2fc80ba8,NORTH PARKER COUNTY RESIDENTIAL DISPOSAL CENTER,transfer_station,3000 VEAL STATION RD,WEATHERFORD,TX,76085,PARKER,32.907099,-97.676464,Unknown,Unknown,Unknown,,,,,,,120185,2026-06-13 02:19:52.391210+00:00,2026-06-13 02:19:52.391210+00:00
23903a15-d687-46e8-bf67-313c3509afd2,"White Construction Group, Inc.",private_regional_septage_facility,2975 Rosindale Road,Clarkton,NC,,Bladen,34.540301840218,-78.563602134596,Unknown,Unknown,Unknown,,910.-87.5459,,,,,NCS-01909,2026-06-13 02:20:07.409760+00:00,2026-06-13 02:20:07.409760+00:00
23a982ab-d11e-457b-95dd-0381da32d326,"REPUBLIC SERVICES OF NC, LLC-GDS-CONOVER-MRF",transfer_station,130 SOMERSET DR EXT,CONOVER,NC,28613,Catawba,35.72357,-81.25118,Unknown,Unknown,Unknown,,(828) 419-3031,,,110027859173,NCG130044,1805-TRANSFER-2001,2026-06-13 02:19:05.181482+00:00,2026-06-13 02:20:07.409760+00:00
23c0910b-7bd3-4d61-8d39-afb77a82cfe8,"Nature's Calling, Inc.",private_regional_septage_facility,PO Box 30039,Charleston,NC,,Cumberland,,,Yes,Yes,Yes,,,,,,,NCS-01223,2026-06-13 02:20:07.409760+00:00,2026-06-13 02:20:07.409760+00:00
23cc928a-25bf-45ac-a278-81e3badeb3d2,Carolina Septic Solutions,private_regional_septage_facility,8 Dunleer Ln,Hendersonville,NC,,Henderson,35.355151818797,-82.503312353365,Yes,Yes,Unknown,,(828) 696-3370,,,,,NCS-01023,2026-06-13 02:20:07.409760+00:00,2026-06-13 02:20:07.409760+00:00
23ea5329-f60c-4cf9-8d8f-9a902251d700,CASCO HAULING AND EXCAVATION LANDFILL,composting_facility,1306 E ANDERSON RD,HOUSTON,TX,77047-5226,Harris,29.60662,-95.402869,Unknown,Unknown,Unknown,,,,,110034709858,TXR05FN25,1403,2026-06-13 02:10:29.865292+00:00,2026-06-13 02:19:52.391210+00:00
23fbfae5-0159-4e30-987f-d8820580841c,Honey Bee Septic,private_regional_septage_facility,PO Box 757,Mount Pleasant,NC,,Cabarrus,,,Yes,Unknown,Unknown,,(704) 247-1145,,,,,NCS-01713,2026-06-13 02:20:07.409760+00:00,2026-06-13 02:20:07.409760+00:00
2419a986-2c3e-4462-b394-93b61e6ac526,Snow's Septic Pumping,private_regional_septage_facility,1500 Elastic Plant Rd.,Westfield,NC,,Stokes,36.54269897164,-80.376183769463,Yes,Unknown,Unknown,,(336)415-1939,,,,,NCS-01833,2026-06-13 02:20:14.798453+00:00,2026-06-13 02:20:14.798453+00:00
24280b25-dcfa-49dc-95b8-8e5f4dae2d4e,"Massey Septic Tank Co., Inc",private_regional_septage_facility,PO Box 643,Mount Ulla,NC,,Rowan,,,Unknown,Unknown,Unknown,,(704) 278-3528,,,,,NCS-00042,2026-06-13 02:20:14.798453+00:00,2026-06-13 02:20:14.798453+00:00
2485822c-3caf-472a-8d34-46f906e04b29,Trump National Golf Club Charlotte WWTP,potw_receiving_station,,,NC,,Iredell,,,Unknown,Unknown,Unknown,,,,https://edocs.deq.nc.gov/WaterResources/Search.aspx?dbid=0&searchcommand=%7B%5B%5D%3A%5BID%20%23%5D%3D%22WQ0015931%22%7D,,,WQ0015931,2026-06-13 02:20:02.366830+00:00,2026-06-13 02:20:02.366830+00:00
24aa3e5f-116c-43b9-a4c7-d2774a86f32d,Seabound Septic Services & Waste Management,private_regional_septage_facility,6255 Benson Hardee Rd,Benson,NC,,Johnston,35.473443605715,-78.609167700259,Yes,Unknown,Unknown,,(919)875-0700,,,,,NCS-01813,2026-06-13 02:20:14.798453+00:00,2026-06-13 02:20:14.798453+00:00
24aa61bd-0324-4ec6-a56c-71c4ef70319c,Morgan Septic and Pumping Service Inc.,private_regional_septage_facility,152 Calvary Church Road,Sylva,NC,,Jackson,35.31778989498,-83.25913845463,Yes,Unknown,Unknown,,(828) 507-6814,,,,,NCS-01243,2026-06-13 02:20:14.798453+00:00,2026-06-13 02:20:14.798453+00:00
24df8b11-09c9-4dca-af75-cf9c00574256,Griffin Waste Services of Charlotte,private_regional_septage_facility,626 DIANE 29 THEATER RD,Bessemer City,NC,,Gaston,35.262679895952,-81.251177949217,Yes,Unknown,Yes,,(704) 825-7878,,,,,NCS-01548,2026-06-13 02:20:07.409760+00:00,2026-06-13 02:20:07.409760+00:00
24e7b16c-f885-4724-a6ea-c46ef4a48c6f,Town of Ramseur SDU,land_application_site,,,NC,,Randolph,,,Unknown,Unknown,Unknown,,,,https://edocs.deq.nc.gov/WaterResources/Search.aspx?dbid=0&searchcommand=%7B%5B%5D%3A%5BID%20%23%5D%3D%22WQ0010528%22%7D,,,WQ0010528,2026-06-13 02:20:02.366830+00:00,2026-06-13 02:20:02.366830+00:00
25296cfc-41de-44d0-8b39-c791be498161,TURKEY CREEK LANDFILL,anaerobic_digester,9100 S INTERSTATE 35 W,ALVARADO,TX,76009-7212,Johnson,32.3562,-97.202,Unknown,Unknown,Unknown,,,,,110007397637,TXR05AP29,1417D,2026-06-13 02:16:43.838044+00:00,2026-06-13 02:19:41.329224+00:00
25793211-ea74-4d9f-8376-b774f8206f5e,Deployed Resources,private_regional_septage_facility,164 McPike Road,Rome,NC,,Hoke,,,Unknown,Unknown,Unknown,,315.-26.1200,,,,,NCS-01231,2026-06-13 02:20:14.798453+00:00,2026-06-13 02:20:14.798453+00:00
25bf476e-2938-4535-8007-8d5e6068cb8d,HARRY HINES TRANSFER STATION,transfer_station,9500 HARRY HINES BLVD,DALLAS,TX,75220-5707,Dallas,32.84741,-96.87649,Unknown,Unknown,Unknown,,,,,110034053592,TXR05FS40,1145,2026-06-13 02:12:17.996583+00:00,2026-06-13 02:19:41.329224+00:00
25fc1d90-205e-4afe-9289-ed7965d2645b,BRYAN FACILITY,composting_facility,1613 GOOSENECK DR,BRYAN,TX,77808-0923,Brazos,30.7047,-96.35399,Unknown,Unknown,Unknown,,,,,110070365035,TXR05T396,40245,2026-06-13 02:10:18.114762+00:00,2026-06-13 02:19:52.391210+00:00
260f9ec6-8cf5-40dd-b1bf-357fdf7dee03,City of Morganton Class A Residuals Program,land_application_site,,,NC,,Burke,,,Unknown,Unknown,Unknown,,,,https://edocs.deq.nc.gov/WaterResources/Search.aspx?dbid=0&searchcommand=%7B%5B%5D%3A%5BID%20%23%5D%3D%22WQ0002127%22%7D,,,WQ0002127,2026-06-13 02:20:02.366830+00:00,2026-06-13 02:20:02.366830+00:00
261fc669-ea00-4d84-99f5-4b65573670c8,Montell's Septic Tank Service,private_regional_septage_facility,18 Atlanta St.,Lumberton,NC,,Bladen,34.610250227332,-78.953141700889,Yes,Yes,Yes,,(910)-740-0321,,,,,NCS-01859,2026-06-13 02:20:07.409760+00:00,2026-06-13 02:20:07.409760+00:00
2620d401-5e80-45aa-b4e8-8a6835a16f92,Bradsher & Son Septic Tank Cleaning Inc.,private_regional_septage_facility,5409 North NC 119,Burlington,NC,,Alamance,,,Yes,Unknown,Unknown,,(336) 421-3842,,,,,NCS-00308,2026-06-13 02:20:07.409760+00:00,2026-06-13 02:20:07.409760+00:00
26311fef-59f3-47f4-9dea-7ca5ca184df7,Hunter Environmental Solutions LLC,private_regional_septage_facility,1580 Kilstrom Street,Rural Hall,NC,,Forsyth,36.212340307673,-80.308372489913,Yes,Yes,Unknown,,(336) 529-7825,,,,,NCS-01594,2026-06-13 02:20:07.409760+00:00,2026-06-13 02:20:07.409760+00:00
2631662a-038b-4ad9-b115-9b9d6fe5c1e4,Gold Hill Airpark WWTF,private_regional_septage_facility,,,NC,,Rowan,,,Unknown,Unknown,Unknown,,,,https://edocs.deq.nc.gov/WaterResources/Search.aspx?dbid=0&searchcommand=%7B%5B%5D%3A%5BID%20%23%5D%3D%22WQ0003687%22%7D,,,WQ0003687,2026-06-13 02:20:02.366830+00:00,2026-06-13 02:20:02.366830+00:00
267c4d37-32b9-47b3-92dc-b70fb35d0c8d,CITY OF EL CAMPO CITIZENS COLLECTION STATION,transfer_station,1698 COUNTY ROAD 303,EL CAMPO,TX,77437,WHARTON,29.14917,-96.29667,Unknown,Unknown,Unknown,,,,,,,120025,2026-06-13 02:19:52.391210+00:00,2026-06-13 02:19:52.391210+00:00
26ea29fb-9db7-4bd4-8c96-2de5057413ab,TRIPLE-S COMPOST FACILITY,composting_facility,,,,,MONTGOMERY,33.033775,-95.292014,Unknown,Unknown,Unknown,,,,,,,42042,2026-06-13 02:19:52.391210+00:00,2026-06-13 02:19:52.391210+00:00
26ed2c4e-e500-42e6-a790-81dbae4abafd,Creef Works,private_regional_septage_facility,104 Easton Lane,Manteo,NC,,Dare,35.908306458397,-75.692128609981,Yes,Unknown,Unknown,,(252) 473-0444,,,,,NCS-01588,2026-06-13 02:20:07.409760+00:00,2026-06-13 02:20:07.409760+00:00
26ee547b-b1b4-4a89-829a-a4854025b3e7,Hillsborough United Church of Christ WWTF,private_regional_septage_facility,,,NC,,Orange,,,Unknown,Unknown,Unknown,,,,https://edocs.deq.nc.gov/WaterResources/Search.aspx?dbid=0&searchcommand=%7B%5B%5D%3A%5BID%20%23%5D%3D%22WQ0004502%22%7D,,,WQ0004502,2026-06-13 02:20:02.366830+00:00,2026-06-13 02:20:02.366830+00:00
26f369c0-13a4-4143-b7af-cfcdf9d14ede,MARTY CAMPBELL,transfer_station,473 COUNTY ROAD 4672,ETOILE,TX,75944,NACOGDOCHES,31.363138,-94.461021,Unknown,Unknown,Unknown,,,,,,,110009,2026-06-13 02:19:52.391210+00:00,2026-06-13 02:19:52.391210+00:00
271e7777-1b5f-4dd1-a694-1d010a4c1b67,UNC-CH Reclaimed Water Program,potw_receiving_station,,,NC,,Orange,,,Unknown,Unknown,Unknown,,,,https://edocs.deq.nc.gov/WaterResources/Search.aspx?dbid=0&searchcommand=%7B%5B%5D%3A%5BID%20%23%5D%3D%22WQ0034219%22%7D,,,WQ0034219,2026-06-13 02:20:02.366830+00:00,2026-06-13 02:20:02.366830+00:00
2738435d-1276-412c-9ceb-df7ca66e13a0,Town of Morehead City DCAR,land_application_site,,,NC,,Carteret,,,Unknown,Unknown,Unknown,,,,https://edocs.deq.nc.gov/WaterResources/Search.aspx?dbid=0&searchcommand=%7B%5B%5D%3A%5BID%20%23%5D%3D%22WQ0034842%22%7D,,,WQ0034842,2026-06-13 02:20:02.366830+00:00,2026-06-13 02:20:02.366830+00:00
275bfa60-ace2-4742-bce6-1dc0c39eabdc,Town of Fremont WWTF,private_regional_septage_facility,,,NC,,Wayne,,,Unknown,Unknown,Unknown,,,,https://edocs.deq.nc.gov/WaterResources/Search.aspx?dbid=0&searchcommand=%7B%5B%5D%3A%5BID%20%23%5D%3D%22WQ0034102%22%7D,,,WQ0034102,2026-06-13 02:20:02.366830+00:00,2026-06-13 02:20:02.366830+00:00
278a4cfc-2eb2-405c-be84-a9d99b7d6181,KW Septic,private_regional_septage_facility,160 Cross Baptist Church Road,Rural Hall,NC,,Forsyth,36.212531438562,-80.285298173054,Unknown,Unknown,Unknown,,(336) 423-9425,,,,,NCS-01656,2026-06-13 02:20:07.409760+00:00,2026-06-13 02:20:07.409760+00:00
278b11c8-9d00-4fc4-a814-c10b70027623,CITY OF DEER PARK TRANSFER STATION FACILITY,transfer_station,,,,,HARRIS,29.7,-95.09,Unknown,Unknown,Unknown,,,,,,,1697,2026-06-13 02:19:52.391210+00:00,2026-06-13 02:19:52.391210+00:00
280451a5-2054-46cc-83b9-6b98fb262ed5,CAPE ROYALE UTILITY DISTRICT - TRASH SITE,transfer_station,301 S CAPE ROYALE DR,COLDSPRING,TX,77331,SAN JACINTO,36.65074,-95.13619,Unknown,Unknown,Unknown,,,,,,,120196,2026-06-13 02:19:52.391210+00:00,2026-06-13 02:19:52.391210+00:00
28c8f49e-d3ab-4be8-8fd7-37768e9ef1b4,Sonrise Sanitation,private_regional_septage_facility,1581 Georgia Rd.,Franklin,NC,,Macon,35.153519768259,-83.392024067835,Unknown,Unknown,Yes,,(828) 524-8989,,,,,NCS-01082,2026-06-13 02:20:14.798453+00:00,2026-06-13 02:20:14.798453+00:00
290f46ca-2318-4d46-adbd-0b80d25b7d69,Westfall WWTP,potw_receiving_station,,,NC,,Chatham,,,Unknown,Unknown,Unknown,,,,https://edocs.deq.nc.gov/WaterResources/Search.aspx?dbid=0&searchcommand=%7B%5B%5D%3A%5BID%20%23%5D%3D%22WQ0028798%22%7D,,,WQ0028798,2026-06-13 02:20:02.366830+00:00,2026-06-13 02:20:02.366830+00:00
29536f3b-8f29-4851-b2fb-e00e8fd4b6c6,Twelve Mile Creek WWTP,potw_receiving_station,,,NC,,Union,,,Unknown,Unknown,Unknown,,,,https://edocs.deq.nc.gov/WaterResources/Search.aspx?dbid=0&searchcommand=%7B%5B%5D%3A%5BID%20%23%5D%3D%22WQ0032519%22%7D,,,WQ0032519,2026-06-13 02:20:02.366830+00:00,2026-06-13 02:20:02.366830+00:00
29759e20-3c51-4b84-b91b-8991fda8f5d3,Village at Ocean Hill WWTP,potw_receiving_station,,,NC,,Currituck,,,Unknown,Unknown,Unknown,,,,https://edocs.deq.nc.gov/WaterResources/Search.aspx?dbid=0&searchcommand=%7B%5B%5D%3A%5BID%20%23%5D%3D%22WQ0015052%22%7D,,,WQ0015052,2026-06-13 02:20:02.366830+00:00,2026-06-13 02:20:02.366830+00:00
29b37659-b3b3-494e-8471-52aa08de1a23,In The Pines RV & Cabin Village WWTF,private_regional_septage_facility,,,NC,,Brunswick,,,Unknown,Unknown,Unknown,,,,https://edocs.deq.nc.gov/WaterResources/Search.aspx?dbid=0&searchcommand=%7B%5B%5D%3A%5BID%20%23%5D%3D%22WQ0042731%22%7D,,,WQ0042731,2026-06-13 02:20:02.366830+00:00,2026-06-13 02:20:02.366830+00:00
29ba1e83-3993-420c-b0ae-ef2b387fdfb7,CITY OF PAINT ROCK CITIZENS COLL STAT,transfer_station,,,,,CONCHO,31.49,-99.95,Unknown,Unknown,Unknown,,,,,,,120015,2026-06-13 02:19:52.391210+00:00,2026-06-13 02:19:52.391210+00:00
29f49385-f1c2-49d5-a8d3-d8c4294d3c46,Forever Clean,private_regional_septage_facility,116 West Academy Street,Fuquay Varina,NC,,Wake,35.584394522805,-78.800027080284,Yes,Unknown,Yes,,(919) 669-6207,,,,,NCS-00986,2026-06-13 02:20:14.798453+00:00,2026-06-13 02:20:14.798453+00:00
2a2e4be7-f9be-4ba5-818f-824fc0df4bdd,Village of BHI Utilities Dept,private_regional_septage_facility,PO Box 3008,Bald Head Island,NC,,Brunswick,,,Unknown,Unknown,Unknown,,910.-45.9700,,,,,NCS-00860,2026-06-13 02:20:07.409760+00:00,2026-06-13 02:20:07.409760+00:00
2a52be91-fd72-46c8-be2c-c2b210a902e4,"Edenton, Town of Transfer Station",transfer_station,118 West Hicks Street,Edenton,NC,27932,Chowan,36.067096,-76.606723,Unknown,Unknown,Unknown,,(252) 482-4111,,,,,2101T-TRANSFER-2001,2026-06-13 02:20:07.409760+00:00,2026-06-13 02:20:07.409760+00:00
2a8ca698-6384-42b3-883a-09a02471c23f,ADC Portable Toilets,private_regional_septage_facility,2732 Hallman Drive,Crouse,NC,,Lincoln,35.424989962946,-81.341734945364,Unknown,Unknown,Yes,,(980) 448-8125,,,,,NCS-01741,2026-06-13 02:20:14.798453+00:00,2026-06-13 02:20:14.798453+00:00
2aa1f6ad-223c-4a2b-850f-7cfca0cc7d73,DILLEY TRANSFER,transfer_station,521 WITHERSPOON RD,DILLEY,TX,78017,LA SALLE,28.637222,-99.175833,Unknown,Unknown,Unknown,,,,,,,110023,2026-06-13 02:19:52.391210+00:00,2026-06-13 02:19:52.391210+00:00
2ab5e818-6c84-49e1-9faa-2623d03477fb,L.Q. C.S.I,composting_facility,17709 HIGHWAY 59 N,HUMBLE,TX,77396,HARRIS,29.975289,-95.281792,Unknown,Unknown,Unknown,,,,,,,100151,2026-06-13 02:19:52.391210+00:00,2026-06-13 02:19:52.391210+00:00
2acf6fc3-1bac-448d-96aa-b79b678e3aff,Pro Rent- All,private_regional_septage_facility,P.O. Box 1816,Boone,NC,,Rutherford,,,Unknown,Unknown,Yes,,,,,,,NCS-00160,2026-06-13 02:20:14.798453+00:00,2026-06-13 02:20:14.798453+00:00
2b14983d-6da8-4140-99eb-e14ba4eba5e6,Myers Septic Tank Company,private_regional_septage_facility,1882 Briggs Road,Salisbury,NC,,Rowan,35.674345325554,-80.583635045797,Yes,Yes,Yes,,(704) 633-3962,,,,,NCS-00007,2026-06-13 02:20:14.798453+00:00,2026-06-13 02:20:14.798453+00:00
2b32c8df-503f-403a-bc93-656c69bae89a,"Reidsville, City of Transfer Facility",transfer_station,709 Marcellus Street,Reidsville,NC,27320,Rockingham,36.353671,-79.680395,Unknown,Unknown,Unknown,,(336) 349-1074,,,,,7902T-TRANSFER-1991,2026-06-13 02:20:07.409760+00:00,2026-06-13 02:20:07.409760+00:00
2b7fa5ac-d99b-4ac2-a3bd-b9a49b272b69,Al's Septic Tank Cleaning,private_regional_septage_facility,2460 Sandhill Road,Fayetteville,NC,,Cumberland,34.931410816517,-78.860831372899,Yes,Yes,Unknown,,(910) 850-3547,,,,,NCS-00028,2026-06-13 02:20:07.409760+00:00,2026-06-13 02:20:07.409760+00:00
2b855112-7815-42ff-a2b9-4f5c08190b31,Perdue Foods - Lewiston RLAP,land_application_site,,,NC,,Bertie,,,Unknown,Unknown,Unknown,,,,https://edocs.deq.nc.gov/WaterResources/Search.aspx?dbid=0&searchcommand=%7B%5B%5D%3A%5BID%20%23%5D%3D%22WQ0004867%22%7D,,,WQ0004867,2026-06-13 02:20:02.366830+00:00,2026-06-13 02:20:02.366830+00:00
2b8869ac-6d5f-49c5-9425-4850fd111aa8,City of Winston-Salem DCAR,land_application_site,,,NC,,Forsyth,,,Yes,Unknown,Unknown,,,,https://edocs.deq.nc.gov/WaterResources/Search.aspx?dbid=0&searchcommand=%7B%5B%5D%3A%5BID%20%23%5D%3D%22WQ0029804%22%7D,,,WQ0029804,2026-06-13 02:20:02.366830+00:00,2026-06-13 02:20:02.366830+00:00
2ba0b279-5fc2-4a8f-b52b-1a40fe8f4d68,Wall Recycling - Hoover Road,transfer_station,1017 South Hoover Road,Durham,NC,27702,Durham,35.977,-78.864,Unknown,Unknown,Yes,,(919) 812-9394,,,,,3215-TRANSFER-2020,2026-06-13 02:20:07.409760+00:00,2026-06-13 02:20:07.409760+00:00
2bd956f1-e159-4808-9c7c-088edff92bcd,Fish Factory Road WRF,potw_receiving_station,,,NC,,Brunswick,,,Unknown,Unknown,Unknown,,,,https://edocs.deq.nc.gov/WaterResources/Search.aspx?dbid=0&searchcommand=%7B%5B%5D%3A%5BID%20%23%5D%3D%22WQ0005790%22%7D,,,WQ0005790,2026-06-13 02:20:02.366830+00:00,2026-06-13 02:20:02.366830+00:00
2c4e5987-6339-4d20-b7e4-6f20d3be4fb3,Pride Plumbing,private_regional_septage_facility,PO Box 116,Mt. Gilead,NC,,Montgomery,,,Yes,Yes,Unknown,,(704) 982-5027,,,,,NCS-01714,2026-06-13 02:20:14.798453+00:00,2026-06-13 02:20:14.798453+00:00
2c5f8185-e5fe-4103-83eb-74bc57d1c2ed,Viking Thrones,private_regional_septage_facility,6141 Lawson Lane Unit A,Charlotte,NC,,Mecklenburg,35.225090299314,-80.72525947472,Unknown,Unknown,Yes,,(704)387-4299,,,,,NCS-01722,2026-06-13 02:20:14.798453+00:00,2026-06-13 02:20:14.798453+00:00
2c7cf0fb-4309-4466-a0be-e8bedb4958bb,Laurel Mountain Retreat WWTF,private_regional_septage_facility,,,NC,,Buncombe,,,Unknown,Unknown,Unknown,,,,https://edocs.deq.nc.gov/WaterResources/Search.aspx?dbid=0&searchcommand=%7B%5B%5D%3A%5BID%20%23%5D%3D%22WQ0033804%22%7D,,,WQ0033804,2026-06-13 02:20:02.366830+00:00,2026-06-13 02:20:02.366830+00:00
2ca57fe4-ab1a-45c9-939d-cc673941f2d6,Newcomb Septic Services,private_regional_septage_facility,1880 Ammons Drive,Clemmons,NC,,Forsyth,36.061967800423,-80.372478353265,Unknown,Unknown,Unknown,,336.-39.6309,,,,,NCS-01827,2026-06-13 02:20:07.409760+00:00,2026-06-13 02:20:07.409760+00:00
2cb0ed8a-3f24-4b46-9405-28ba08ba26f9,EASLEY SANITATION TRANSFER RECYCLING STATION FACILITY,transfer_station,682 VZ CR 4310,BEN WHEELER,TX,75754,VAN ZANDT,32.79167,-95.73333,Unknown,Unknown,Unknown,,,,,,,40169,2026-06-13 02:19:52.391210+00:00,2026-06-13 02:19:52.391210+00:00
2cb1d647-c094-4e9c-b6b1-569f60189017,PRIMOS TRASH SERVICE,transfer_station,12958 JOHNSON RD,CONROE,TX,77302,MONTGOMERY,30.25471,-95.377729,Unknown,Unknown,Unknown,,,,,,,110044,2026-06-13 02:19:52.391210+00:00,2026-06-13 02:19:52.391210+00:00
2cfd893a-c111-44a4-b236-22bf69e240da,Piedmont Disposal,private_regional_septage_facility,4420 Providence Ln,Winston-Salem,NC,,Forsyth,,,Unknown,Unknown,Yes,,(336) 777-8805,,,,,NCS-01068,2026-06-13 02:20:07.409760+00:00,2026-06-13 02:20:07.409760+00:00
2cfe8300-ac12-4f6a-804b-909e0bdce443,LONGHORN COMPOSTING & CATTLE COMPANY,private_regional_septage_facility,,,,,HUDSPETH,31.28417,-105.4,Unknown,Unknown,Unknown,,,,,,,42009,2026-06-13 02:19:52.391210+00:00,2026-06-13 02:19:52.391210+00:00
2d127cee-7f56-45af-8c2e-0984d1120e5e,"McFarland Septic, LLC",private_regional_septage_facility,6801 Mount Herman Church Rd,Durham,NC,,Orange,36.036365412153,-79.019916832229,Yes,Unknown,Unknown,,(919) 383-1015,,,,,NCS-00698,2026-06-13 02:20:14.798453+00:00,2026-06-13 02:20:14.798453+00:00
2d16dec8-48df-490e-a652-280b351cf6dd,TRAVIS COUNTY PRECINCT 3 SATELLITE OPERATION RESOURCE RECOVERY,composting_facility,14624 HAMILTON POOL RD,AUSTIN,TX,78738,TRAVIS,30.474722,-97.9725,Unknown,Unknown,Unknown,,,,,,,47000,2026-06-13 02:19:52.391210+00:00,2026-06-13 02:19:52.391210+00:00
2d1fc215-987a-4a98-ac20-ba57a315470e,Piedmont Custom Meats WWTF,private_regional_septage_facility,,,NC,,Caswell,,,Unknown,Unknown,Unknown,,,,https://edocs.deq.nc.gov/WaterResources/Search.aspx?dbid=0&searchcommand=%7B%5B%5D%3A%5BID%20%23%5D%3D%22WQ0002857%22%7D,,,WQ0002857,2026-06-13 02:20:02.366830+00:00,2026-06-13 02:20:02.366830+00:00
2d2c659a-838c-499b-b4b1-f07165f49058,Dare County Transfer Station,transfer_station,1603 Cub Road,Manns Harbor,NC,27953,Dare,35.831551,-75.817231,Unknown,Unknown,Unknown,,(252) 982-6390,,,,,2805T-TRANSFER-,2026-06-13 02:20:07.409760+00:00,2026-06-13 02:20:07.409760+00:00
2d36df13-ad09-42d8-badd-beaeed9fdc58,Triple A Sanitation Inc.,private_regional_septage_facility,P O Box 219,Mill Spring,NC,,Polk,,,Unknown,Unknown,Unknown,,(828) 894-8603,,,,,NCS-00672,2026-06-13 02:20:14.798453+00:00,2026-06-13 02:20:14.798453+00:00
2d422006-a0a1-40ef-bbd3-ccf839f6e57e,Bogue Airfield WWTF,private_regional_septage_facility,,,NC,,Carteret,,,Unknown,Unknown,Unknown,,,,https://edocs.deq.nc.gov/WaterResources/Search.aspx?dbid=0&searchcommand=%7B%5B%5D%3A%5BID%20%23%5D%3D%22WQ0004240%22%7D,,,WQ0004240,2026-06-13 02:20:02.366830+00:00,2026-06-13 02:20:02.366830+00:00
2d58feb1-ecee-4e13-825c-0c66c3449b72,New Day Septic,private_regional_septage_facility,1836 Ferells Bridge Rd,Louisburg,NC,,Franklin,36.0225484258,-78.228737291858,Yes,Yes,Unknown,,(919) 632-3834,,,,,NCS-01434,2026-06-13 02:20:07.409760+00:00,2026-06-13 02:20:07.409760+00:00
2d74516e-f7f1-4b5a-973a-0de5948a98c2,BON WIER SITE 11,transfer_station,231 CR 4575,BON WIER,TX,75928,NEWTON,30.717,-93.633,Unknown,Unknown,Unknown,,,,,,,120061,2026-06-13 02:19:52.391210+00:00,2026-06-13 02:19:52.391210+00:00
2d8d7f23-6073-4ade-b319-33c43cd6406d,Richmond Correctional Institution WWTF,private_regional_septage_facility,,,NC,,Richmond,,,Unknown,Unknown,Unknown,,,,https://edocs.deq.nc.gov/WaterResources/Search.aspx?dbid=0&searchcommand=%7B%5B%5D%3A%5BID%20%23%5D%3D%22WQ0002204%22%7D,,,WQ0002204,2026-06-13 02:20:02.366830+00:00,2026-06-13 02:20:02.366830+00:00
2dc70604-242b-4a8a-9ea6-6f6fe8796e1e,East Spencer Waste Transfer Facility,transfer_station,1000 North Long Street,East Spencer,NC,28144,Rowan,35.691031,-80.421271,Unknown,Unknown,Unknown,,(443) 834-4832,,,,,8004T-TRANSFER-1995,2026-06-13 02:20:07.409760+00:00,2026-06-13 02:20:07.409760+00:00
2e673ede-6fc3-426e-b99c-3156edf54409,SpecGx Class B Residuals Program,land_application_site,,,NC,,Wake,,,Unknown,Unknown,Unknown,,,,https://edocs.deq.nc.gov/WaterResources/Search.aspx?dbid=0&searchcommand=%7B%5B%5D%3A%5BID%20%23%5D%3D%22WQ0005537%22%7D,,,WQ0005537,2026-06-13 02:20:02.366830+00:00,2026-06-13 02:20:02.366830+00:00
2eae773d-8079-417c-8f7c-c135ba039934,KEITH'S STUMP GRINDING,transfer_station,218 COUNTY ROAD 165,JASPER,TX,75951,JASPER,30.914419,-94.068191,Unknown,Unknown,Unknown,,,,,,,110018,2026-06-13 02:19:52.391210+00:00,2026-06-13 02:19:52.391210+00:00
2eb45bdd-b633-4325-82c3-8393beed9f12,Kinnakeet Shores WWTP,potw_receiving_station,,,NC,,Dare,,,Unknown,Unknown,Unknown,,,,https://edocs.deq.nc.gov/WaterResources/Search.aspx?dbid=0&searchcommand=%7B%5B%5D%3A%5BID%20%23%5D%3D%22WQ0002284%22%7D,,,WQ0002284,2026-06-13 02:20:07.409760+00:00,2026-06-13 02:20:07.409760+00:00
2ee8c2b9-e1b2-42c2-83d3-856a5c4d83ee,DDM MATERIALS JUSTIN,composting_facility,10869 FM 156,JUSTIN,TX,76247,Denton,33.103842,-97.290213,Unknown,Unknown,Unknown,,,,,110071814235,TXR05GL97,100601,2026-06-13 02:11:11.877410+00:00,2026-06-13 02:19:52.391210+00:00
2f1a8752-c166-40d0-bba1-0c13a5fbccf0,ORANGE COUNTY CITIZENS COLLECTION STATION,transfer_station,11265 FM 1442,ORANGE,TX,77630,ORANGE,30.119166,-93.880833,Yes,Yes,Yes,,,,,,,120074,2026-06-13 02:19:52.391210+00:00,2026-06-13 02:19:52.391210+00:00
2f20a3a2-f19d-472e-828f-e4183f888bcf,Joel Lloyd Septic Service,private_regional_septage_facility,1918 Gone Fishing Rd,Chapel Hill,NC,,Orange,35.902074427574,-79.147912618193,Yes,Unknown,Yes,,(919) 969-1499,,,,,NCS-01207,2026-06-13 02:20:14.798453+00:00,2026-06-13 02:20:14.798453+00:00
2f24acc6-7ddd-44f9-8281-83d85ec1528f,Person Portable Potty's,private_regional_septage_facility,7351 Richardson Rd,Castalia,NC,,Nash,36.069097591962,-78.046264802186,Unknown,Unknown,Yes,,(252) 822-3058,,,,,NCS-01228,2026-06-13 02:20:14.798453+00:00,2026-06-13 02:20:14.798453+00:00
2f340c33-7a07-4495-bfe0-eba64a2b38b6,Harris Septic LLC,private_regional_septage_facility,127 Harris-Morris Road,Roxboro,NC,,Person,36.509125495925,-78.828218677215,Yes,Unknown,Yes,,(336) 504-3021,,,,,NCS-01737,2026-06-13 02:20:14.798453+00:00,2026-06-13 02:20:14.798453+00:00
2f420e5c-d3eb-435b-adc4-865b37c49318,PECOS CITY TRANSFER STATION FACILITY,transfer_station,,,,,REEVES,31.36667,-103.51867,Unknown,Unknown,Unknown,,,,,,,40113,2026-06-13 02:19:52.391210+00:00,2026-06-13 02:19:52.391210+00:00
2f4ce6e9-4f33-4b05-bbc0-e6dc3a881c58,Bradford Crossing Shopping Center WWTF,private_regional_septage_facility,,,NC,,Iredell,,,Unknown,Unknown,Unknown,,,,https://edocs.deq.nc.gov/WaterResources/Search.aspx?dbid=0&searchcommand=%7B%5B%5D%3A%5BID%20%23%5D%3D%22WQ0029195%22%7D,,,WQ0029195,2026-06-13 02:20:02.366830+00:00,2026-06-13 02:20:02.366830+00:00
2f5c618e-70f5-4b74-b6a5-3fc57ad304b5,Anran Properties,private_regional_septage_facility,PO Box 531,Smithfield,NC,,Johnston,,,Unknown,Unknown,Unknown,,(919) 938-4402,,,,,NCS-01100,2026-06-13 02:20:14.798453+00:00,2026-06-13 02:20:14.798453+00:00
2f710518-5506-4529-85e4-0cef6f83a813,Sara Lee Frozen Bakery Class A Residuals Program,land_application_site,,,NC,,Edgecombe,,,Unknown,Unknown,Unknown,,,,https://edocs.deq.nc.gov/WaterResources/Search.aspx?dbid=0&searchcommand=%7B%5B%5D%3A%5BID%20%23%5D%3D%22WQ0005012%22%7D,,,WQ0005012,2026-06-13 02:20:02.366830+00:00,2026-06-13 02:20:02.366830+00:00
2f82d9d8-f82a-4d11-90be-c0fc17cfbcce,Nunnery's Pumping Serv.,private_regional_septage_facility,91 Durgin Springs Road,Sanford,NC,,Lee,35.563596863019,-79.169193080838,Yes,Yes,Unknown,,(919) 498-5665,,,,,NCS-01007,2026-06-13 02:20:14.798453+00:00,2026-06-13 02:20:14.798453+00:00
2f925af0-3bc3-40e7-b455-fd1db6b4133f,Dewey's Septic & Grading,private_regional_septage_facility,401 Kendall Mill Road,Thomasville,NC,,Davidson,35.852548348432,-80.097209778333,Yes,Unknown,Yes,,(336) 475-0921,,,,,NCS-01561,2026-06-13 02:20:07.409760+00:00,2026-06-13 02:20:07.409760+00:00
2fcdfa0b-3c15-499a-bb5b-19aa44f55c39,CITY OF MIDLAND NORTH CITIZEN COLLECTION STATION,transfer_station,,,,,MIDLAND,32.101139,-102.097992,Unknown,Unknown,Unknown,,,,,,,120198,2026-06-13 02:19:52.391210+00:00,2026-06-13 02:19:52.391210+00:00
2ff1dff3-05c7-4d55-bb2d-94c1e5ad6248,Rapid Rooter,private_regional_septage_facility,4661 Gablestone dr,Hoschton,NC,,Cabarrus,34.065773496324,-83.864421626397,Yes,Unknown,Unknown,,(704) 783-5647,,,,,NCS-01768,2026-06-13 02:20:07.409760+00:00,2026-06-13 02:20:07.409760+00:00
2ff29661-c5fa-401b-8a29-3d8b17ad4c10,Town of Conway WWTF,private_regional_septage_facility,,,NC,,Northampton,,,Unknown,Unknown,Unknown,,,,https://edocs.deq.nc.gov/WaterResources/Search.aspx?dbid=0&searchcommand=%7B%5B%5D%3A%5BID%20%23%5D%3D%22WQ0001284%22%7D,,,WQ0001284,2026-06-13 02:20:02.366830+00:00,2026-06-13 02:20:02.366830+00:00
30128211-ee61-498d-b36c-c972b5a4a05f,Unifi Manufacturing Class A Residuals Program,land_application_site,,,NC,,Rockingham,,,Unknown,Unknown,Unknown,,,,https://edocs.deq.nc.gov/WaterResources/Search.aspx?dbid=0&searchcommand=%7B%5B%5D%3A%5BID%20%23%5D%3D%22WQ0006594%22%7D,,,WQ0006594,2026-06-13 02:20:02.366830+00:00,2026-06-13 02:20:02.366830+00:00
3021554e-045a-4353-9cf9-a5384c3ef6e4,Ground Thunder Toilets,private_regional_septage_facility,PO Box 791096,Charlotte,NC,,Mecklenburg,,,Unknown,Yes,Yes,,(980) 226-1073,,,,,NCS-01457,2026-06-13 02:20:14.798453+00:00,2026-06-13 02:20:14.798453+00:00
30d2c2c3-5750-4919-bd2f-2b8164364760,Buncombe County Transfer Station,transfer_station,190 Hominy Creek Road,Asheville,NC,28801,Buncombe,35.557251,-82.594291,Unknown,Unknown,Unknown,,(828) 250-5460,,,,,1108T-TRANSFER-1996,2026-06-13 02:20:07.409760+00:00,2026-06-13 02:20:07.409760+00:00
3103b3af-99f7-45f5-b0a8-b8f2c7018f0c,FCS Pumping Service,private_regional_septage_facility,PO Box 128,Ripplemead,NC,,Alleghany,,,Unknown,Unknown,Unknown,,(540) 641-9826,,,,,NCS-01302,2026-06-13 02:20:07.409760+00:00,2026-06-13 02:20:07.409760+00:00
310fad73-bf62-4605-98ee-bed919fa7a0f,J & L Septic Tank Services,private_regional_septage_facility,3142 Chason Road,Parkton,NC,,Robeson,34.935170831617,-79.05770065522,Yes,Unknown,Unknown,,(910) 858-0097,,,,,NCS-01670,2026-06-13 02:20:14.798453+00:00,2026-06-13 02:20:14.798453+00:00
3117f679-a244-4f25-bcd9-01d2c5423e3d,POLK COUNTY CCS UNION SPRINGS RD,transfer_station,1859 UNION SPRINGS RD,CORRIGAN,TX,75939,POLK,30.8194,-94.8593,Unknown,Unknown,Unknown,,,,,,,120105,2026-06-13 02:19:52.391210+00:00,2026-06-13 02:19:52.391210+00:00
31bdde07-8aea-44bc-95f7-347cca146b57,CITY OF WALLER,transfer_station,102 WALNUT ST,WALLER,TX,77484,WALLER,30.048231,-95.92533,Unknown,Unknown,Unknown,,,,,,,120207,2026-06-13 02:19:52.391210+00:00,2026-06-13 02:19:52.391210+00:00
31d43f92-83db-49b1-a51e-6ca588a8bc11,Zeuch's Septic Service,private_regional_septage_facility,40 Lone Pine Drive,Saluda,NC,,Henderson,35.257562181218,-82.360747499344,Yes,Unknown,Yes,,,,,,,NCS-01320,2026-06-13 02:20:07.409760+00:00,2026-06-13 02:20:07.409760+00:00
320f5e04-c41e-49c8-8d44-8c6646036907,Dixie Classic Fairgrounds,composting_facility,421 West 27th Street,Winston-Salem,NC,27105,Forsyth,36.124371,-80.254341,Unknown,Unknown,Unknown,,(336) 409-4881,,,,,3421-COMPOST-2010,2026-06-13 02:20:07.409760+00:00,2026-06-13 02:20:07.409760+00:00
32198f4e-6027-4acb-8fe6-c88beb60096e,Piedmont Portables,private_regional_septage_facility,PO Box 1957,Burlington,NC,,Alamance,,,Unknown,Unknown,Yes,,(336) 437-0534,,,,,NCS-00724,2026-06-13 02:20:07.409760+00:00,2026-06-13 02:20:07.409760+00:00
323b3063-21f1-4f12-8da8-9de6789120cf,"Taylorsville Precast Molds, Inc.",private_regional_septage_facility,128 Taylorsville Mfg Road,Taylorsville,NC,,Alexander,35.890747861305,-81.145388187183,Unknown,Unknown,Unknown,,(828) 632-4608,,,,,NCS-00104,2026-06-13 02:20:07.409760+00:00,2026-06-13 02:20:07.409760+00:00
32539b73-5248-4fbd-a15c-9a1f4b544a5b,"Lorenzo Toilets, LLC",private_regional_septage_facility,PO Box 3167,Monroe,NC,,Union,,,Unknown,Unknown,Unknown,,(704) 226-7630,,,,,NCS-01801,2026-06-13 02:20:14.798453+00:00,2026-06-13 02:20:14.798453+00:00
326734d3-a4dc-48b1-9716-667885f1327d,"Empire Waste, LLC",private_regional_septage_facility,260 Ervin Rd.,Mooresville,NC,,Iredell,35.605141761785,-80.880181076327,Yes,Unknown,Yes,,704.-29.9133,,,,,NCS-01868,2026-06-13 02:20:14.798453+00:00,2026-06-13 02:20:14.798453+00:00
3280eece-6c5b-4944-9d03-9fdc5937115d,Creekstone WWTF,private_regional_septage_facility,,,NC,,Iredell,,,Unknown,Unknown,Unknown,,,,https://edocs.deq.nc.gov/WaterResources/Search.aspx?dbid=0&searchcommand=%7B%5B%5D%3A%5BID%20%23%5D%3D%22WQ0038341%22%7D,,,WQ0038341,2026-06-13 02:20:02.366830+00:00,2026-06-13 02:20:02.366830+00:00
32a5b6fb-7b0d-4585-9e20-207a7ca4b09a,COMMUNITY WASTE DISPOSAL LP,transfer_station,2010 CALIFORNIA CROSSING RD,DALLAS,TX,75220,DALLAS,32.864722,-96.912222,Unknown,Unknown,Unknown,,,,,,,40196,2026-06-13 02:19:41.329224+00:00,2026-06-13 02:19:41.329224+00:00
32c77213-bf3c-4625-b032-d61f2f80277b,Uwharrie Env Inc/Moore Cty Transfer Station,transfer_station,457 Turning Leaf Hwy (SR 1165),Aberdeen,NC,28315,Moore,35.147291,-79.489621,Unknown,Unknown,Unknown,,(910) 947-7180,,,,,6302-TRANSFER-1994,2026-06-13 02:20:07.409760+00:00,2026-06-13 02:20:07.409760+00:00
32edc532-ffec-488d-86a0-86f6b9537570,Town of Taylorsville Class B Residuals Program,land_application_site,,,NC,,Alexander,,,Unknown,Unknown,Unknown,,,,https://edocs.deq.nc.gov/WaterResources/Search.aspx?dbid=0&searchcommand=%7B%5B%5D%3A%5BID%20%23%5D%3D%22WQ0006906%22%7D,,,WQ0006906,2026-06-13 02:20:02.366830+00:00,2026-06-13 02:20:02.366830+00:00
33025df5-ac2d-4c15-bb67-ef5202e55573,Sunset Pointe WWTF,private_regional_septage_facility,,,NC,,Rowan,,,Unknown,Unknown,Unknown,,,,https://edocs.deq.nc.gov/WaterResources/Search.aspx?dbid=0&searchcommand=%7B%5B%5D%3A%5BID%20%23%5D%3D%22WQ0029635%22%7D,,,WQ0029635,2026-06-13 02:20:02.366830+00:00,2026-06-13 02:20:02.366830+00:00
3308a836-c964-4773-9149-ec4bfb9d1409,Regency Subdivision - Phase 2 RWDL,potw_receiving_station,,,NC,,Wake,,,Unknown,Unknown,Unknown,,,,https://edocs.deq.nc.gov/WaterResources/Search.aspx?dbid=0&searchcommand=%7B%5B%5D%3A%5BID%20%23%5D%3D%22WQ0043380%22%7D,,,WQ0043380,2026-06-13 02:20:07.409760+00:00,2026-06-13 02:20:07.409760+00:00
331d21d8-011d-420c-9349-071d159ac2e7,BORDER PALLETS,composting_facility,291 S DARRINGTON RD,EL PASO,TX,79928-7447,EL PASO,31.67597,-106.19526,Unknown,Unknown,Unknown,,,,,110070375076,TXR05AT19,100570,2026-06-13 02:10:12.403798+00:00,2026-06-13 02:19:52.391210+00:00
3347953b-8c08-4139-9355-b5ab8f18dffe,Reed Gold Mine WWTF,private_regional_septage_facility,,,NC,,Cabarrus,,,Unknown,Unknown,Unknown,,,,https://edocs.deq.nc.gov/WaterResources/Search.aspx?dbid=0&searchcommand=%7B%5B%5D%3A%5BID%20%23%5D%3D%22WQ0006946%22%7D,,,WQ0006946,2026-06-13 02:20:02.366830+00:00,2026-06-13 02:20:02.366830+00:00
3348e1d7-4354-4986-8ffa-ad1387624138,NEW EARTH GRAND PARKWAY COMPOSTING,composting_facility,6205 FM 2855,BROOKSHIRE,TX,77423,WALLER,29.860468,-95.89404,Unknown,Unknown,Unknown,,,,,,,42041,2026-06-13 02:19:52.391210+00:00,2026-06-13 02:19:52.391210+00:00
3382bf35-c9b5-4e91-a97d-63370c070ab8,"Big Yellow Services, LLC",private_regional_septage_facility,1658 Whites Kennel Road,Burlington,NC,,Alamance,36.045629651781,-79.443106311753,Unknown,Unknown,Yes,,(336) 313-0500,,,,,NCS-01611,2026-06-13 02:20:07.409760+00:00,2026-06-13 02:20:07.409760+00:00
339d7bad-fbb4-4db0-89c5-48785e061bec,THE GROUND UP,composting_facility,19102 FM 1093 RD,RICHMOND,TX,77407,FORT BEND,29.706047,-95.716941,Unknown,Unknown,Unknown,,,,,,,100309,2026-06-13 02:19:52.391210+00:00,2026-06-13 02:19:52.391210+00:00
33c72c98-2236-45f5-b770-04d7d4b8d5ef,Seascape at Holden Plantation Marina,private_regional_septage_facility,1628 Doctors Circle,Wilmington,NC,,Brunswick,34.206424060523,-77.926860951298,Unknown,Unknown,Unknown,,910.-39.1500,,,,,NCS-01002,2026-06-13 02:20:07.409760+00:00,2026-06-13 02:20:07.409760+00:00
33dc1106-019a-4bc6-aade-1ee876fc59d5,Bailey's Septic Tank Service,private_regional_septage_facility,PO Box 925,Knightdale,NC,,Wake,,,Yes,Yes,Yes,,(919) 266-1161,,,,,NCS-00916,2026-06-13 02:20:14.798453+00:00,2026-06-13 02:20:14.798453+00:00
33f5f047-727b-4006-be2a-0fa66ffb3705,"Scotty's Sanitation Service, Inc",private_regional_septage_facility,311 Milton Road unit #71098,Durham,NC,,Durham,36.089723985313,-78.913783979721,Yes,Unknown,Unknown,,919.-73.7332,,,,,NCS-01706,2026-06-13 02:20:07.409760+00:00,2026-06-13 02:20:07.409760+00:00
3413b644-6c46-4c73-886b-ed8806e63a5b,Town of Cary Class A Residuals Program,land_application_site,,,NC,,Wake,,,Unknown,Unknown,Unknown,,,,https://edocs.deq.nc.gov/WaterResources/Search.aspx?dbid=0&searchcommand=%7B%5B%5D%3A%5BID%20%23%5D%3D%22WQ0029376%22%7D,,,WQ0029376,2026-06-13 02:20:07.409760+00:00,2026-06-13 02:20:07.409760+00:00
342aebe7-963f-42e3-b061-cb7a3299293e,Village at the Park Apartments,potw_receiving_station,,,NC,,Wake,,,Unknown,Unknown,Unknown,,,,https://edocs.deq.nc.gov/WaterResources/Search.aspx?dbid=0&searchcommand=%7B%5B%5D%3A%5BID%20%23%5D%3D%22WQ0029619%22%7D,,,WQ0029619,2026-06-13 02:20:07.409760+00:00,2026-06-13 02:20:07.409760+00:00
346ae28b-0f2e-43bb-b82a-eb6013a90a6d,KILLEEN TRANSFER STATION,transfer_station,,,,,BELL,31.01581,-97.75114,Unknown,Unknown,Unknown,,,,,,,40209,2026-06-13 02:19:52.391210+00:00,2026-06-13 02:19:52.391210+00:00
349530f4-4b22-4bed-9140-f4d43b74153d,Smells Like Money Septic Pumping Company,private_regional_septage_facility,519 Parrish Farm Lane,Benson,NC,,Johnston,35.533194133091,-78.554152789898,Yes,Unknown,Unknown,,984.-35.9670,,,,,NCS-01882,2026-06-13 02:20:14.798453+00:00,2026-06-13 02:20:14.798453+00:00
3499567d-5d46-4a56-8868-8101ec803e43,A & B Septic Services Inc,private_regional_septage_facility,2544 Alamance Church Road,Greensboro,NC,,Guilford,35.999962573385,-79.677373089297,Unknown,Yes,Yes,,(336) 669-7338,,,,,NCS-01619,2026-06-13 02:20:07.409760+00:00,2026-06-13 02:20:07.409760+00:00
34d1930f-7c32-40c3-b5a3-1a9476a25755,Neuse River Septic LLC,private_regional_septage_facility,P.O. Box 176,Clayton,NC,,Johnston,,,Yes,No,Unknown,,(919) 434-9776,,,,,NCS-01259,2026-06-13 02:20:14.798453+00:00,2026-06-13 02:20:14.798453+00:00
34dc4a94-38b9-44c9-a948-d66fb7fddce2,PARKER COUNTY SOUTH CONVENIENCE CENTER,transfer_station,2833 TIN TOP RD,WEATHERFORD,TX,76087,PARKER,,,No,No,No,,,,,,,120186,2026-06-13 02:19:52.391210+00:00,2026-06-13 02:19:52.391210+00:00
34f4f7c2-a8cc-4972-960a-3527af83be8a,AAA Portable Toilets,private_regional_septage_facility,3023 Highway 64 West,Asheboro,NC,,Randolph,35.702302418309,-79.876553236306,Yes,Yes,Yes,,(336) 625-6376,,,,,NCS-00886,2026-06-13 02:20:14.798453+00:00,2026-06-13 02:20:14.798453+00:00
352316d0-c6ab-4b00-9931-4ea3fae82d38,"Eastern Compost, LLC",composting_facility,8487 Battleboro-Leggett Rd,Battleboro,NC,27809,Edgecombe,36.039095,-77.741447,Unknown,Unknown,Unknown,,(252) 903-5367,,,,,3303-COMPOST-2010,2026-06-13 02:20:07.409760+00:00,2026-06-13 02:20:07.409760+00:00
352c129f-0430-444d-8400-2639532e892b,Carolina Pipe Cleaning,private_regional_septage_facility,PO Box 1183,Rockwell,NC,,Rowan,,,Yes,Yes,Unknown,,(704) 279-1151,,,,,NCS-00896,2026-06-13 02:20:14.798453+00:00,2026-06-13 02:20:14.798453+00:00
352ed46a-5be6-4df1-8543-a6cd4c933f25,WC WEATHERFORD TRANSFER STATION,transfer_station,3306 OLD BROCK RD,WEATHERFORD,TX,76087-7200,Parker,32.71857,-97.85966,Unknown,Unknown,Unknown,,,,,110070868889,TXR05FB85,40301,2026-06-13 02:17:14.573066+00:00,2026-06-13 02:19:41.329224+00:00
3583a930-36c7-4a9b-a0d5-cb8c239f0d58,Trinity Creek - Phase I,potw_receiving_station,,,NC,,Wake,,,Unknown,Unknown,Unknown,,,,https://edocs.deq.nc.gov/WaterResources/Search.aspx?dbid=0&searchcommand=%7B%5B%5D%3A%5BID%20%23%5D%3D%22WQ0038597%22%7D,,,WQ0038597,2026-06-13 02:20:07.409760+00:00,2026-06-13 02:20:07.409760+00:00
35a9c3b8-aa25-4cb1-88d2-fe4e360b44f1,Mount Vernon Hatchery WWTF,private_regional_septage_facility,,,NC,,Chatham,,,Unknown,Unknown,Unknown,,,,https://edocs.deq.nc.gov/WaterResources/Search.aspx?dbid=0&searchcommand=%7B%5B%5D%3A%5BID%20%23%5D%3D%22WQ0002428%22%7D,,,WQ0002428,2026-06-13 02:20:02.366830+00:00,2026-06-13 02:20:02.366830+00:00
35ad8b75-55e4-4f18-b0e9-8d0767a7f5d1,JC Septic Service,private_regional_septage_facility,192 Rainbo Dr.,Sylva,NC,,Jackson,35.322702256935,-83.291186847073,Yes,Unknown,Unknown,,(828)506-2675,,,,,NCS-01873,2026-06-13 02:20:14.798453+00:00,2026-06-13 02:20:14.798453+00:00
35e24cb3-39ad-4427-8f69-46a8e129d911,V & S Septic Service,private_regional_septage_facility,1401 W Pine Street,Mt Airy,NC,,Surry,36.501152690615,-80.63703627144,Yes,Yes,Unknown,,(336) 786-2402,,,,,NCS-00465,2026-06-13 02:20:14.798453+00:00,2026-06-13 02:20:14.798453+00:00
35e41ebc-04b7-456f-97fe-b49e20de35bd,M & K Septic Tank Pumping,private_regional_septage_facility,7387 Woodland Hills Road,Hickory,NC,,Burke,35.698100212788,-81.442065570846,Yes,Unknown,Unknown,,(828) 294-4063,,,,,NCS-01469,2026-06-13 02:20:07.409760+00:00,2026-06-13 02:20:07.409760+00:00
36198a43-ea73-4b82-a296-a6ab2c9e6758,Falls Lake SRA - Sandling Beach & Beaver Dam WWTF,private_regional_septage_facility,,,NC,,Wake,,,Unknown,Unknown,Unknown,,,,https://edocs.deq.nc.gov/WaterResources/Search.aspx?dbid=0&searchcommand=%7B%5B%5D%3A%5BID%20%23%5D%3D%22WQ0002121%22%7D,,,WQ0002121,2026-06-13 02:20:02.366830+00:00,2026-06-13 02:20:02.366830+00:00
361eb149-1a22-4c8c-806e-1eed41fa63d1,ENC Capital,private_regional_septage_facility,"1121 Military Cutoff Road, Ste C342",Wilmington,NC,,New Hanover,34.23673132567,-77.828425935756,Unknown,Unknown,Unknown,,(910) 787-3829,,,,,NCS-01716,2026-06-13 02:20:14.798453+00:00,2026-06-13 02:20:14.798453+00:00
362c777f-f1fc-4d61-89f7-93598fe2ca7d,Synagro Central Class A Residuals Program,land_application_site,,,NC,,Davie,,,Unknown,Unknown,Unknown,,,,https://edocs.deq.nc.gov/WaterResources/Search.aspx?dbid=0&searchcommand=%7B%5B%5D%3A%5BID%20%23%5D%3D%22WQ0035207%22%7D,,,WQ0035207,2026-06-13 02:20:02.366830+00:00,2026-06-13 02:20:02.366830+00:00
366de1cf-41bc-4cb6-ac99-f3c35cbf56b3,Parcel Nos. 18120 and 18121 Fire Tower Dr. SFR,private_regional_septage_facility,,,NC,,Person,,,Unknown,Unknown,Unknown,,,,https://edocs.deq.nc.gov/WaterResources/Search.aspx?dbid=0&searchcommand=%7B%5B%5D%3A%5BID%20%23%5D%3D%22WQ0044854%22%7D,,,WQ0044854,2026-06-13 02:20:07.409760+00:00,2026-06-13 02:20:07.409760+00:00
3689820e-8cac-470d-8c94-78ef985e0171,"Fayetteville, City of Transfer Station",transfer_station,583 Winslow Street,Fayetteville,NC,28301,Cumberland,35.045521,-78.888111,Yes,Unknown,Yes,,(910) 237-2825,,,,,2609-TRANSFER-,2026-06-13 02:20:07.409760+00:00,2026-06-13 02:20:07.409760+00:00
36959d5f-756a-46e5-b12f-f30f0a1e319f,Sandhills Porta-John Inc.,private_regional_septage_facility,P.O. Box 539,Cameron,NC,,Moore,,,Yes,Unknown,Yes,,,,,,,NCS-01065,2026-06-13 02:20:14.798453+00:00,2026-06-13 02:20:14.798453+00:00
36a75b85-7ea0-47be-9dd9-b0526468d50a,9 KIDS COMPOST,composting_facility,25911 FM 106,HARLINGEN,TX,78550,CAMERON,26.19731,-97.60927,Unknown,Unknown,Unknown,,,,,,,47055,2026-06-13 02:19:52.391210+00:00,2026-06-13 02:19:52.391210+00:00
36a9c59b-b38e-43f6-9ed7-d7aefb9b7fdc,"Fresh and Clean LLC, DBA Straight Flush Septic",private_regional_septage_facility,957 Kenleigh Circle,Winston Salem,NC,,Forsyth,36.113980469743,-80.300979241222,Yes,Unknown,Unknown,,(336) 970-0502,,,,,NCS-01456,2026-06-13 02:20:07.409760+00:00,2026-06-13 02:20:07.409760+00:00
36b657e3-f5af-40ec-894f-0cbf62e1df54,Wilkes Abattoir Compost,composting_facility,257 Brewer Road,Hays,NC,28635,Wilkes,36.248099,-81.124943,Unknown,Unknown,Unknown,,(336) 927-5370,,,,,9705-COMPOST-2023,2026-06-13 02:20:07.409760+00:00,2026-06-13 02:20:07.409760+00:00
36cda4da-18dd-49cc-afc1-4a473125fc74,Shinnville Creek WWTF,potw_receiving_station,,,NC,,Iredell,,,Unknown,Unknown,Unknown,,,,https://edocs.deq.nc.gov/WaterResources/Search.aspx?dbid=0&searchcommand=%7B%5B%5D%3A%5BID%20%23%5D%3D%22WQ0043559%22%7D,,,WQ0043559,2026-06-13 02:20:02.366830+00:00,2026-06-13 02:20:02.366830+00:00
36fc39b8-cfe1-46bc-98eb-e672e70d41fb,Dixon Landing RV Resort,private_regional_septage_facility,135 John Pollock Road,Grantsboro,NC,,Pamlico,35.060187538871,-76.908789095969,Unknown,Unknown,Unknown,,(518) 578-8266,,,,,NCS-01698,2026-06-13 02:20:14.798453+00:00,2026-06-13 02:20:14.798453+00:00
37156a9d-1eae-4756-a1f4-41224a9cfb32,Clinton Road Septic Tank Service,private_regional_septage_facility,5010 Tabor Church Rd,Fayetteville,NC,,Cumberland,34.93796283672,-78.771066596245,Yes,Yes,Unknown,,(910) 379-9494,,,,,NCS-00189,2026-06-13 02:20:07.409760+00:00,2026-06-13 02:20:07.409760+00:00
374f4b1d-3150-45be-9319-b7bad54b3aed,FRONTIER TRANSFER & RECYCLING,transfer_station,5736 SH 22,HILLSBORO,TX,76645,HILL,32.011581,-97.065014,Unknown,Unknown,Unknown,,,,,,,120210,2026-06-13 02:19:52.391210+00:00,2026-06-13 02:19:52.391210+00:00
375085c2-407d-4fb9-8498-1e6e906a3b0c,Hoke Septic Service Inc,private_regional_septage_facility,2517 North Duffie Road,Red Springs,NC,,Hoke,34.884044593344,-79.295341616422,Yes,Yes,Unknown,,(910) 875-2773,,,,,NCS-00421,2026-06-13 02:20:14.798453+00:00,2026-06-13 02:20:14.798453+00:00
376127a3-1b2a-440d-8c1a-71841b175edd,City of Hickory Class A Residuals Composting Program,land_application_site,,,NC,,Catawba,,,Unknown,Unknown,Unknown,,,,https://edocs.deq.nc.gov/WaterResources/Search.aspx?dbid=0&searchcommand=%7B%5B%5D%3A%5BID%20%23%5D%3D%22WQ0004563%22%7D,,,WQ0004563,2026-06-13 02:20:02.366830+00:00,2026-06-13 02:20:02.366830+00:00
37a63be5-9c8d-4c0d-b96a-a48797fefa9c,Madison County Transfer,transfer_station,271 Craig Rudisill Road,Marshall,NC,28753,Madison,35.808901,-82.716801,Unknown,Unknown,Unknown,,(828) 649-2311,,,,,5803T-TRANSFER-2002,2026-06-13 02:20:07.409760+00:00,2026-06-13 02:20:07.409760+00:00
37af65a0-0ac7-40c4-a8b2-1cfd0f1e3158,Silk Hope Elementary WWTF,private_regional_septage_facility,,,NC,,Chatham,,,Unknown,Unknown,Unknown,,,,https://edocs.deq.nc.gov/WaterResources/Search.aspx?dbid=0&searchcommand=%7B%5B%5D%3A%5BID%20%23%5D%3D%22WQ0004888%22%7D,,,WQ0004888,2026-06-13 02:20:02.366830+00:00,2026-06-13 02:20:02.366830+00:00
37d4b306-f943-4dec-b81b-32edeb83af1d,Elite Septic LLC,private_regional_septage_facility,PO Box 888,Mount Olive,NC,,Wayne,,,Yes,Unknown,Unknown,,(919) 689-2922,,,,,NCS-01388,2026-06-13 02:20:14.798453+00:00,2026-06-13 02:20:14.798453+00:00
38244fcc-23b3-4e96-abb4-f443abdd5975,Slash Creek WWTP,potw_receiving_station,,,NC,,Dare,,,Unknown,Unknown,Unknown,,,,https://edocs.deq.nc.gov/WaterResources/Search.aspx?dbid=0&searchcommand=%7B%5B%5D%3A%5BID%20%23%5D%3D%22WQ0022725%22%7D,,,WQ0022725,2026-06-13 02:20:02.366830+00:00,2026-06-13 02:20:02.366830+00:00
38ad6aa2-fb2c-49d8-9b3e-07b49c672a43,GREENWOOD FARMS LANDFILL,anaerobic_digester,,,,,SMITH,32.371111,-95.194444,Unknown,No,Unknown,,,,,,,1972A,2026-06-13 02:19:52.391210+00:00,2026-06-13 02:19:52.391210+00:00
38b3472c-3aba-410c-a044-d8fba3cb45bd,DC Septic Services,private_regional_septage_facility,3877 Cherry Run Rd.,Washington,NC,,Beaufort,35.629414121368,-77.109348468874,Unknown,Unknown,Unknown,,252.-94.1811,,,,,NCS-01831,2026-06-13 02:20:07.409760+00:00,2026-06-13 02:20:07.409760+00:00
38d81057-aa60-4d81-a5f4-27b0d9730836,MATTS TRUCK AND AUTO REPAIR,transfer_station,2620 N STATE HIGHWAY 19,TRINITY,TX,75862,TRINITY,30.974096,-95.399222,Unknown,Unknown,Unknown,,,,,,,110037,2026-06-13 02:19:52.391210+00:00,2026-06-13 02:19:52.391210+00:00
38eca45b-76e8-4c1a-9deb-c081fe87fe2f,Perdue Foods - Halifax Hatchery WWTF,private_regional_septage_facility,,,NC,,Halifax,,,Unknown,Unknown,Unknown,,,,https://edocs.deq.nc.gov/WaterResources/Search.aspx?dbid=0&searchcommand=%7B%5B%5D%3A%5BID%20%23%5D%3D%22WQ0006058%22%7D,,,WQ0006058,2026-06-13 02:20:02.366830+00:00,2026-06-13 02:20:02.366830+00:00
38f1c572-45d9-4301-a5df-bf49d9669d5a,"Jim's Liquid Waste Hauling, LLC",private_regional_septage_facility,4000 Bach Circle,Greenville,NC,,Pitt,35.576678202564,-77.347169709337,Yes,Yes,Yes,,(252) 830-1016,,,,,NCS-00250,2026-06-13 02:20:14.798453+00:00,2026-06-13 02:20:14.798453+00:00
39132dcc-5b90-42b8-a252-4107d833e988,Cabarrus County Organics Reclamation Facility,composting_facility,4441 Irish Potato Road,Concord,NC,28025,Cabarrus,35.47543,-80.52478,Unknown,Unknown,Unknown,,(704) 920-3209,,,,,1302-COMPOST-2013,2026-06-13 02:20:07.409760+00:00,2026-06-13 02:20:07.409760+00:00
392be8f3-2564-4216-b07c-33dafb49edde,DALLAS DISPOSAL INTEREST LP SOUTHWASTE DISPOSAL FACILITY,private_regional_septage_facility,525 S 6TH AVE,MANSFIELD,TX,76063,TARRANT,32.55417,-97.15283,Unknown,Yes,Unknown,,,,,,,2256B,2026-06-13 02:19:41.329224+00:00,2026-06-13 02:19:41.329224+00:00
393ed7a1-a973-418e-b8a4-2869a8da80cf,McGill Environmental Systems - Delway Class A Residuals Composting Program,land_application_site,,,NC,,Sampson,,,Unknown,Unknown,Unknown,,,,https://edocs.deq.nc.gov/WaterResources/Search.aspx?dbid=0&searchcommand=%7B%5B%5D%3A%5BID%20%23%5D%3D%22WQ0006816%22%7D,,,WQ0006816,2026-06-13 02:20:02.366830+00:00,2026-06-13 02:20:02.366830+00:00
395f2de3-ce72-42bb-b4c5-9faabeb505b5,Environmental Inc.,private_regional_septage_facility,PO Box 954,Cullowhee,NC,,Jackson,,,Yes,Unknown,Unknown,,(828) 586-5588,,,,,NCS-01022,2026-06-13 02:20:14.798453+00:00,2026-06-13 02:20:14.798453+00:00
397f84d0-2c42-45b3-a82c-c04d72de9e11,Krishnadham USA WWTF,private_regional_septage_facility,,,NC,,Chatham,,,Unknown,Unknown,Unknown,,,,https://edocs.deq.nc.gov/WaterResources/Search.aspx?dbid=0&searchcommand=%7B%5B%5D%3A%5BID%20%23%5D%3D%22WQ0041530%22%7D,,,WQ0041530,2026-06-13 02:20:02.366830+00:00,2026-06-13 02:20:02.366830+00:00
39922cf1-667b-4a61-a4f7-bc0874af0dd5,Fisher C&D Transfer Station,transfer_station,10040 Rosman Highway,Rosman,NC,28772,Transylvania,35.136448,-82.861561,Unknown,Unknown,Unknown,,(828) 553-9642,,,,,8811-TRANSFER-2022,2026-06-13 02:20:07.409760+00:00,2026-06-13 02:20:07.409760+00:00
39fa2117-1a85-4d2d-bf2a-4ec30a739d9b,Soundside C&D Waste Transfer & Recycling Center,transfer_station,7565 Caratoke Highway,Jarvisburg,NC,27947,Currituck,36.169051,-75.860521,Unknown,Unknown,Yes,,(252) 491-8666,,,,,2705T-TRANSFER-2011,2026-06-13 02:20:07.409760+00:00,2026-06-13 02:20:07.409760+00:00
3a015587-c319-4ef4-ab46-e6ef86963ab0,Greene Grain and Cattle WWTF,private_regional_septage_facility,,,NC,,Greene,,,Unknown,Unknown,Unknown,,,,https://edocs.deq.nc.gov/WaterResources/Search.aspx?dbid=0&searchcommand=%7B%5B%5D%3A%5BID%20%23%5D%3D%22WQ0045435%22%7D,,,WQ0045435,2026-06-13 02:20:02.366830+00:00,2026-06-13 02:20:02.366830+00:00
3a176323-4619-4dce-9774-c7cc66bafada,GUADALUPE COUNTY KINGSBURY COLLECTION STATION,transfer_station,,,,,GUADALUPE,,,Unknown,Unknown,Unknown,,,,,,,120150,2026-06-13 02:19:52.391210+00:00,2026-06-13 02:19:52.391210+00:00
3a2aefc1-ad08-459d-af22-cf45e1f606b4,CITY OF SAN ANTONIO TRANSFER STATION,transfer_station,,,,,BEXAR,29.54,-98.46,Unknown,Unknown,Unknown,,,,,,,1443,2026-06-13 02:19:52.391210+00:00,2026-06-13 02:19:52.391210+00:00
3a4d54b4-4363-4222-8766-5a68141857ea,Town of Robersonville Class B Residuals Program,land_application_site,,,NC,,Martin,,,Yes,Unknown,Unknown,,,,https://edocs.deq.nc.gov/WaterResources/Search.aspx?dbid=0&searchcommand=%7B%5B%5D%3A%5BID%20%23%5D%3D%22WQ0002897%22%7D,,,WQ0002897,2026-06-13 02:20:02.366830+00:00,2026-06-13 02:20:02.366830+00:00
3aa6c94e-4ec6-45ac-8c6c-7cf1fe1d7ccd,Colvard Farms WWTP,potw_receiving_station,,,NC,,Chatham,,,Unknown,Unknown,Unknown,,,,https://edocs.deq.nc.gov/WaterResources/Search.aspx?dbid=0&searchcommand=%7B%5B%5D%3A%5BID%20%23%5D%3D%22WQ0019569%22%7D,,,WQ0019569,2026-06-13 02:20:02.366830+00:00,2026-06-13 02:20:02.366830+00:00
3ab150ff-01fa-4628-a95c-882780c4067a,McPherson Septic Tank Cleaning,private_regional_septage_facility,2537 NC 54,Graham,NC,,Alamance,36.02894130721,-79.346999204302,Yes,Unknown,Unknown,,(336) 269-0830,,,,,NCS-01353,2026-06-13 02:20:07.409760+00:00,2026-06-13 02:20:07.409760+00:00
3ab5f0a7-0391-4852-9425-35e83e7cc38f,MEDINA COUNTY DEVINE,transfer_station,,,,,MEDINA,,,Unknown,Unknown,Unknown,,,,,,,120073,2026-06-13 02:19:52.391210+00:00,2026-06-13 02:19:52.391210+00:00
3ad141cf-724b-43a4-bfb6-0212fae645ee,City of Gastonia Class B Residuals Program,land_application_site,,,NC,,Gaston,,,Unknown,Unknown,Unknown,,,,https://edocs.deq.nc.gov/WaterResources/Search.aspx?dbid=0&searchcommand=%7B%5B%5D%3A%5BID%20%23%5D%3D%22WQ0001793%22%7D,,,WQ0001793,2026-06-13 02:20:02.366830+00:00,2026-06-13 02:20:02.366830+00:00
3ad2ec57-a9ca-4a57-856b-056bb3c98065,BROWNSVILLE COUNTRY CLUB,transfer_station,"LOCATED IN BROWNSVILLE, TEXAS. APPROXIMATELY 500-F",BROWNSVILLE,TX,78520,Hidalgo,25.955611,-97.497647,Unknown,Unknown,Unknown,,,,,110071508096,TXR1553OI,120143,2026-06-13 02:10:18.114762+00:00,2026-06-13 02:19:52.391210+00:00
3ae2244f-c6dc-4e70-9650-c27b40b00c3a,Appalachian Outhouses Inc.,private_regional_septage_facility,PO Box 96,Marion,NC,,McDowell,,,Yes,Unknown,Yes,,(828) 756-7268,,,,,NCS-00205,2026-06-13 02:20:14.798453+00:00,2026-06-13 02:20:14.798453+00:00
3aead10c-3021-4c3c-96c4-a11543afe529,MADISON COUNTY PRECINCT 2 CCS,transfer_station,7442 GIN RD,MIDWAY,TX,75852,MADISON,31.054762,-95.815473,Unknown,Unknown,Unknown,,,,,,,120075,2026-06-13 02:19:52.391210+00:00,2026-06-13 02:19:52.391210+00:00
3b307863-f1e9-40f0-8fe0-5888efb8d6bd,Big Bin LLC,private_regional_septage_facility,1156 Ashbrook Pl,Charlotte,NC,,Mecklenburg,35.179795067931,-80.858413937228,Unknown,Unknown,Unknown,,704.-40.4431,,,,,NCS-01800,2026-06-13 02:20:14.798453+00:00,2026-06-13 02:20:14.798453+00:00
3b367a87-932b-44b8-9df8-f572604ba546,Mecklenburg County Landfill,composting_facility,17131 Lancaster Highway,Charlotte,NC,28208,Mecklenburg,35.019361,-80.848741,Unknown,Unknown,Unknown,,(980) 406-1109,,,,,6019-MSWLF-2000,2026-06-13 02:20:07.409760+00:00,2026-06-13 02:20:07.409760+00:00
3b82bf55-51b2-4090-abfe-66ff1499a9a8,A Accurate Septic Service,private_regional_septage_facility,111 Lost Trail Dr,Candler,NC,,Buncombe,35.545435324489,-82.716550936921,Yes,Yes,Yes,,(828)230-3587,,,,,NCS-01603,2026-06-13 02:20:07.409760+00:00,2026-06-13 02:20:07.409760+00:00
3b9e6455-c282-406a-b158-658090b0d03e,Bear Paw Marina dba Mountain View Marina,private_regional_septage_facility,200 Dean Aldrich Drive,Murphy,NC,,Cherokee,35.153979749992,-84.168029830626,Unknown,Unknown,Unknown,,(828) 644-5451,,,,,NCS-00955,2026-06-13 02:20:07.409760+00:00,2026-06-13 02:20:07.409760+00:00
3bd061f5-2c06-4ad5-b5b5-f7a087f39c8a,C&C Backhoe & Pumping,private_regional_septage_facility,2549 J-Herbert Rd,Eastover,NC,,Cumberland,35.09353925139,-78.751520483737,Yes,Yes,Unknown,,(910) 323-5738,,,,,NCS-00922,2026-06-13 02:20:07.409760+00:00,2026-06-13 02:20:07.409760+00:00
3c50f9d3-496d-4637-8a07-23404cf71ed3,Rex Waldroup Pumping Service,private_regional_septage_facility,1709 Low Gap Rd.,Hayesville,NC,,Clay,34.992491059565,-83.725751269191,Yes,Unknown,Unknown,,(828) 735-9500,,,,,NCS-01759,2026-06-13 02:20:07.409760+00:00,2026-06-13 02:20:07.409760+00:00
3c7b6eb9-2659-47ff-a5ff-3f91e8a624c4,CITY OF GRAND PRAIRIE LF GAS TO ENERGY FACILITY,anaerobic_digester,1102 MACARTHUR BLVD,GRAND PRAIRIE,TX,75050,DALLAS,32.77167,-96.95,Unknown,Unknown,Unknown,,,,,,,48037,2026-06-13 02:19:41.329224+00:00,2026-06-13 02:19:41.329224+00:00
3cba6656-ec13-4238-9106-feacde7f69da,Enviro Choice,private_regional_septage_facility,P.O. Box 390,Lumberton,NC,,Robeson,,,Yes,Yes,Unknown,,(910) 738-5311,,,,,NCS-01376,2026-06-13 02:20:14.798453+00:00,2026-06-13 02:20:14.798453+00:00
3cbc4d39-dabe-4c8d-b22c-c0db589b9de1,Kale Septic and Grading LLC,private_regional_septage_facility,3591 Love Road,Claremont,NC,,Catawba,35.661556907241,-81.133557662315,Yes,Unknown,Unknown,,(704)300-8926,,,,,NCS-01786,2026-06-13 02:20:07.409760+00:00,2026-06-13 02:20:07.409760+00:00
3cc911e1-7737-44f0-8531-15861b561fa5,Brown Trout Septic,private_regional_septage_facility,2015 Quaker Church Rd,Siloam,NC,,Forsyth,36.3078599814,-80.554995347041,Yes,Unknown,Unknown,,(336) 649-4902,,,,,NCS-01643,2026-06-13 02:20:07.409760+00:00,2026-06-13 02:20:07.409760+00:00
3ccb48e7-a273-4970-bc3e-f47eabc8490b,Lee Septic & Land,private_regional_septage_facility,3908 Poor Ridge Road,Kitty Hawk,NC,,Dare,36.057299535756,-75.714987756476,Yes,Unknown,Unknown,,(252) 261-3073,,,,,NCS-01441,2026-06-13 02:20:07.409760+00:00,2026-06-13 02:20:07.409760+00:00
3cf6b9f8-7e5e-46af-8493-59cb088c7621,Good Earth Horticulture,composting_facility,2116-B Bio-Comp Drive,Edenton,NC,27932,Chowan,36.021729,-76.557982,Unknown,Unknown,Unknown,,(252) 482-8528,,,,,2102-COMPOST-2015,2026-06-13 02:20:07.409760+00:00,2026-06-13 02:20:07.409760+00:00
3d24bbfd-64df-4e99-b005-50870848a53f,SAN ANGELO LANDFILL,composting_facility,3002 OLD BALLINGER HWY,SAN ANGELO,TX,76905-8359,Tom Green,31.505472,-100.39063,Unknown,Unknown,Unknown,,,,,110030747725,TXR05CZ31,79,2026-06-13 02:15:13.781135+00:00,2026-06-13 02:19:52.391210+00:00
3d2bbd23-063f-4a4c-af83-1b69a0b92d92,"Fast Lane Septic Services, LLC",private_regional_septage_facility,800 American Drive,Selma,NC,,Johnston,35.625757203221,-78.278435598443,Yes,Yes,Unknown,,(919) 243-5557,,,,,NCS-01494,2026-06-13 02:20:14.798453+00:00,2026-06-13 02:20:14.798453+00:00
3d3d7ea4-7d41-4d60-a960-14ec43895f3b,Alchem Incorporated Residuals Reuse Program,land_application_site,,,NC,,Rowan,,,Unknown,Unknown,Unknown,,,,https://edocs.deq.nc.gov/WaterResources/Search.aspx?dbid=0&searchcommand=%7B%5B%5D%3A%5BID%20%23%5D%3D%22WQ0002702%22%7D,,,WQ0002702,2026-06-13 02:20:02.366830+00:00,2026-06-13 02:20:02.366830+00:00
3d723913-006c-4bb7-8eaa-2b4c76e010f7,Butterball - Mt. Olive WWTF,private_regional_septage_facility,,,NC,,Duplin,,,Unknown,Unknown,Unknown,,,,https://edocs.deq.nc.gov/WaterResources/Search.aspx?dbid=0&searchcommand=%7B%5B%5D%3A%5BID%20%23%5D%3D%22WQ0000884%22%7D,,,WQ0000884,2026-06-13 02:20:02.366830+00:00,2026-06-13 02:20:02.366830+00:00
3d962850-ea96-47f2-86f5-7484bfacb2d6,NEW SOUTH REGIONAL PLANT,composting_facility,4000 S STATE LINE AVE,TEXARKANA,TX,75501,BOWIE,33.376588,-94.046621,Unknown,Unknown,Unknown,,,,,,,47045,2026-06-13 02:19:52.391210+00:00,2026-06-13 02:19:52.391210+00:00
3db5228b-768a-467f-b07d-81160f6babaf,Lassiter's Portable Toilets,private_regional_septage_facility,PO Box 417,Colerain,NC,,Hertford,,,Yes,Unknown,Yes,,(252) 356-2836,,,,,NCS-00675,2026-06-13 02:20:14.798453+00:00,2026-06-13 02:20:14.798453+00:00
3dc823d6-0b0f-49d8-8508-936e864fce4a,M & M Septic Solutions,private_regional_septage_facility,8166 Boylston Hwy,Mills River,NC,,Henderson,35.350906082043,-82.609667234794,Yes,Unknown,Unknown,,(828) 551-0700,,,,,NCS-01729,2026-06-13 02:20:14.798453+00:00,2026-06-13 02:20:14.798453+00:00
3dedca1c-1bd8-4262-866d-eb573d216657,A-1 Septic Service,private_regional_septage_facility,3738 County Home Road,Conover,NC,,Catawba,35.737071425059,-81.22166116105,Unknown,Unknown,Unknown,,,,,,,NCS-01291,2026-06-13 02:20:07.409760+00:00,2026-06-13 02:20:07.409760+00:00
3e10d709-fa2d-48eb-95ce-4c40101f344f,GONZALES PROCESSING,composting_facility,3187 N US HIGHWAY 183,GONZALES,TX,78629,GONZALES,29.6333,-97.4,Unknown,Unknown,Unknown,,,,,,,47029,2026-06-13 02:19:52.391210+00:00,2026-06-13 02:19:52.391210+00:00
3e48a35a-6852-435b-8136-aec88b056d9d,Town of Newport Class B Residuals Program,land_application_site,,,NC,,Carteret,,,Unknown,Unknown,Unknown,,,,https://edocs.deq.nc.gov/WaterResources/Search.aspx?dbid=0&searchcommand=%7B%5B%5D%3A%5BID%20%23%5D%3D%22WQ0008349%22%7D,,,WQ0008349,2026-06-13 02:20:07.409760+00:00,2026-06-13 02:20:07.409760+00:00
3e4fed82-44d9-457c-9957-ef36e9a9b287,Plantation Harbor WWTF,private_regional_septage_facility,,,NC,,Craven,,,Unknown,Unknown,Unknown,,,,https://edocs.deq.nc.gov/WaterResources/Search.aspx?dbid=0&searchcommand=%7B%5B%5D%3A%5BID%20%23%5D%3D%22WQ0000819%22%7D,,,WQ0000819,2026-06-13 02:20:02.366830+00:00,2026-06-13 02:20:02.366830+00:00
3e582c12-32c7-414f-9c6b-d1af05bf81fe,Rutherford County Transfer Station,transfer_station,656 Laurel Ridge Road,Rutherfordton,NC,28139,Rutherford,35.350608,-81.951669,Unknown,Unknown,No,,(828) 287-6002,,,,,8104T-TRANSFER-1998,2026-06-13 02:20:07.409760+00:00,2026-06-13 02:20:07.409760+00:00
3e5cd8a0-56b8-4cfa-8ccf-4ae76d5360e8,Prestage Farms ? Clinton Hatchery WWTF,private_regional_septage_facility,,,NC,,Sampson,,,Unknown,Unknown,Unknown,,,,https://edocs.deq.nc.gov/WaterResources/Search.aspx?dbid=0&searchcommand=%7B%5B%5D%3A%5BID%20%23%5D%3D%22WQ0007396%22%7D,,,WQ0007396,2026-06-13 02:20:02.366830+00:00,2026-06-13 02:20:02.366830+00:00
3e79ff96-5d08-4ac0-a03b-d7ed0ed562b6,Stillwater Septic Service,private_regional_septage_facility,PO Box 359,Lusby,NC,,Wake,,,Yes,Yes,Unknown,,(301) 420-0220,,,,,NCS-01499,2026-06-13 02:20:14.798453+00:00,2026-06-13 02:20:14.798453+00:00
3e84018f-0ebf-458c-95f6-15b807326b08,Eco Septic Solutions,private_regional_septage_facility,9865 NC Highway 55 W,Dover,NC,,Craven,35.296064637548,-77.3431652718,Yes,Unknown,Unknown,,(252)560-2994,,,,,NCS-01872,2026-06-13 02:20:07.409760+00:00,2026-06-13 02:20:07.409760+00:00
3e9fd291-feda-4900-8ee5-180cc73c23f1,Carolina By Products-Greensboro,private_regional_septage_facility,P.O. Box 3588,Winchester,NC,,Guilford,,,Unknown,Unknown,Unknown,,,,,,,NCS-00110,2026-06-13 02:20:07.409760+00:00,2026-06-13 02:20:07.409760+00:00
3ed07793-d227-4883-a7d6-d97269a4cadf,CITY OF FORT WORTH MLK DROP OFF STATION,transfer_station,5150 MARTIN LUTHER KING FWY,FORT WORTH,TX,76119,TARRANT,,,Unknown,Unknown,Unknown,,,,,,,120136,2026-06-13 02:19:52.391210+00:00,2026-06-13 02:19:52.391210+00:00
3ed1108f-b705-4d7b-b6c4-c02567946673,McDowell County Schools Maintenance Department,private_regional_septage_facility,2107 Sugar Hill Road,Marion,NC,,McDowell,35.657972301222,-82.025417624074,Unknown,Unknown,Unknown,,828.-80.5845,,,,,NCS-00861,2026-06-13 02:20:14.798453+00:00,2026-06-13 02:20:14.798453+00:00
3ed50650-ad92-4a29-a479-53130eec2bdc,NORTH TEXAS RECYCLING COMPLEX,transfer_station,6100 ELLIOTT REEDER RD,FORT WORTH,TX,76117,TARRANT,32.779722,-97.254166,Unknown,Unknown,Unknown,,,,,,,2275,2026-06-13 02:19:41.329224+00:00,2026-06-13 02:19:41.329224+00:00
3f0267b3-690a-41da-910a-d01487fcd855,BASTROP TRANSFER STATION,transfer_station,2019 SH 121 W,CEDAR CREEK,TX,78612,BASTROP,30.749,-97.5649,Unknown,Unknown,Unknown,,,,,,,40291,2026-06-13 02:19:52.391210+00:00,2026-06-13 02:19:52.391210+00:00
3f0a9cac-6f00-4d19-802c-de4ee771e420,Autry's Backhoe / Septic,private_regional_septage_facility,1309 Culp Rd,Pineville,NC,,Mecklenburg,35.106016808978,-80.900534690056,Yes,Unknown,Unknown,,(704) 504-8830,,,,,NCS-00054,2026-06-13 02:20:14.798453+00:00,2026-06-13 02:20:14.798453+00:00
3f450cf6-82c3-4fd8-9cb7-41ff37149d96,Scenic Ridge Country Campground,private_regional_septage_facility,3458 Zion Hill Rd,Cherryville,NC,,Lincoln,35.41881551894,-81.392850239002,Unknown,Unknown,Unknown,,(704) 435-0938,,,,,NCS-01249,2026-06-13 02:20:14.798453+00:00,2026-06-13 02:20:14.798453+00:00
3f46daca-5312-464e-9637-e9d0034507f2,ToiToiUSA Operated By Blu Site Solutions (Clayton),private_regional_septage_facility,"1725 WINWARD CONCOURSE, SUITE 250",ALPHARETTA,NC,,Johnston,34.099755787917,-84.240922932497,Unknown,Unknown,Yes,,(984)-960-8138,,,,,NCS-01183,2026-06-13 02:20:14.798453+00:00,2026-06-13 02:20:14.798453+00:00
3f550736-137e-408e-b570-d89d5c83e37b,Town of Elizabethtown RLAP,land_application_site,,,NC,,Bladen,,,Unknown,Unknown,Unknown,,,,https://edocs.deq.nc.gov/WaterResources/Search.aspx?dbid=0&searchcommand=%7B%5B%5D%3A%5BID%20%23%5D%3D%22WQ0004038%22%7D,,,WQ0004038,2026-06-13 02:20:02.366830+00:00,2026-06-13 02:20:02.366830+00:00
3f5b6b8b-8eed-4ac1-bad9-040a06f1416b,EL PASO C&D RECYCLING PLANT,transfer_station,,,,,EL PASO,,,Unknown,Unknown,Unknown,,,,,,,40237,2026-06-13 02:19:52.391210+00:00,2026-06-13 02:19:52.391210+00:00
3f9223c7-df28-4b7c-aab0-81597684c8ad,SECURITY RECYCLING AND DISPOSAL FACILITY,anaerobic_digester,19248 HIGHWAY 105,CLEVELAND,TX,77328,MONTGOMERY,30.315,-95.268333,Unknown,Unknown,Unknown,,,,,,,1752B,2026-06-13 02:19:52.391210+00:00,2026-06-13 02:19:52.391210+00:00
3fb62548-16cb-4c7d-918f-8ad60d5a48dc,Grant Septic Service,private_regional_septage_facility,3145 W. Zion Church Rd,Shelby,NC,,Cleveland,35.346165194386,-81.670788484329,Yes,Unknown,Unknown,,(704)300-7530,,,,,NCS-01778,2026-06-13 02:20:07.409760+00:00,2026-06-13 02:20:07.409760+00:00
3fb78d61-8521-49c5-97dc-85ce05ffd895,OWASA RLAP,land_application_site,,,NC,,Orange,,,Unknown,Unknown,Unknown,,,,https://edocs.deq.nc.gov/WaterResources/Search.aspx?dbid=0&searchcommand=%7B%5B%5D%3A%5BID%20%23%5D%3D%22WQ0001169%22%7D,,,WQ0001169,2026-06-13 02:20:02.366830+00:00,2026-06-13 02:20:02.366830+00:00
3fc6452f-288d-4acb-99f0-0d27ce5811a2,NOVUS WOOD GROUP,composting_facility,2900 NICHOLS AVE,DICKINSON,TX,77539-3728,Galveston,29.472761,-95.056808,Unknown,Unknown,Unknown,,,,,110034435699,TXR05DD68,100136,2026-06-13 02:14:08.403242+00:00,2026-06-13 02:19:52.391210+00:00
3ff03d0b-eee1-497b-bceb-7ee0bc60f97c,Five County Waste,private_regional_septage_facility,57 Berry Williams Rd,Zebulon,NC,,Franklin,35.893544993255,-78.279627054264,Yes,Unknown,Unknown,,(919) 369-0028,,,,,NCS-00853,2026-06-13 02:20:07.409760+00:00,2026-06-13 02:20:07.409760+00:00
3ffe89f9-7a5d-4a44-8dd1-1ff9de541cea,"AAA Septic Service, Inc.",private_regional_septage_facility,11 Cureton Place,Hendersonville,NC,,Henderson,35.396745830121,-82.507236602023,Yes,Unknown,Unknown,,(828) 684-6131,,,,,NCS-00340,2026-06-13 02:20:07.409760+00:00,2026-06-13 02:20:07.409760+00:00
401e5e74-db6a-4664-964c-62282d6fb9f1,CITY OF SAN AUGUSTINE TRANSFER STATION FACILITY,transfer_station,,,,,SAN AUGUSTINE,31.50233,-94.11783,Unknown,Unknown,Unknown,,,,,,,40024,2026-06-13 02:19:52.391210+00:00,2026-06-13 02:19:52.391210+00:00
405e941c-f83d-4f40-a139-c723f92059a2,Colfax Furniture - Greensboro WWTF,private_regional_septage_facility,,,NC,,Guilford,,,Unknown,Unknown,Unknown,,,,https://edocs.deq.nc.gov/WaterResources/Search.aspx?dbid=0&searchcommand=%7B%5B%5D%3A%5BID%20%23%5D%3D%22WQ0019095%22%7D,,,WQ0019095,2026-06-13 02:20:02.366830+00:00,2026-06-13 02:20:02.366830+00:00
40719436-aed5-4ff6-be38-3bd15d47f306,Olde Sycamore WWTP,potw_receiving_station,,,NC,,Union,,,Unknown,Unknown,Unknown,,,,https://edocs.deq.nc.gov/WaterResources/Search.aspx?dbid=0&searchcommand=%7B%5B%5D%3A%5BID%20%23%5D%3D%22WQ0011928%22%7D,,,WQ0011928,2026-06-13 02:20:02.366830+00:00,2026-06-13 02:20:02.366830+00:00
4074b976-b7fb-4eff-bd1e-9264aee20cde,Mountain Well & Septic,private_regional_septage_facility,98 Zenina Farms Drive,Marshall,NC,,Madison,,,Yes,Yes,Unknown,,(828) 206-1497,,,,,NCS-01495,2026-06-13 02:20:14.798453+00:00,2026-06-13 02:20:14.798453+00:00
407619f3-a8a0-4a73-8f42-7c155248a7e0,Smale Septic,private_regional_septage_facility,577E Dixon Rd,Willow Spring,NC,,Johnston,35.534188230021,-78.590238928542,Yes,Unknown,Unknown,,(919) 917-0683,,,,,NCS-01375,2026-06-13 02:20:14.798453+00:00,2026-06-13 02:20:14.798453+00:00
408bf9df-ee36-420f-8fd5-ebf4141e13d3,"Ward Bros., LLC",private_regional_septage_facility,2757 Wayne White Rd.,Pleasant Garden,NC,,Guilford,35.893876984443,-79.720665421596,Yes,Unknown,Unknown,,(336) 674-6060,,,,,NCS-00531,2026-06-13 02:20:07.409760+00:00,2026-06-13 02:20:07.409760+00:00
408c5f9f-e0a7-466e-97e3-c5281bfd940b,Wilson Pumping Service,private_regional_septage_facility,304 Bryan Street,Stoneville,NC,,Rockingham,36.465807292477,-79.91571087027,Unknown,Unknown,Unknown,,(336) 706-7458,,,,,NCS-00520,2026-06-13 02:20:14.798453+00:00,2026-06-13 02:20:14.798453+00:00
409e2d40-b763-4984-93e5-00bc5ac9b3bc,Capital Waste,private_regional_septage_facility,1668 Park Drive,Mt Airy,NC,,Surry,36.471806649928,-80.612522322647,Unknown,Unknown,Yes,,(336)648-8808,,,,,NCS-01707,2026-06-13 02:20:14.798453+00:00,2026-06-13 02:20:14.798453+00:00
40b0fe4f-1d44-4bcd-95cf-0682e280d6d5,HENK POST FARM,composting_facility,,,,,FRANKLIN,33.119444,-95.258888,Unknown,Unknown,Unknown,,,,,,,47018,2026-06-13 02:19:52.391210+00:00,2026-06-13 02:19:52.391210+00:00
40b75afe-e7bb-446c-8b9a-8f56f68a2992,"Eden, City of Transfer Station",transfer_station,123 Mebane Bridge Road,Eden,NC,27288,Rockingham,36.477125,-79.739409,Unknown,Unknown,Unknown,,(336) 623-2110,,,,,7903T-TRANSFER-1991,2026-06-13 02:20:07.409760+00:00,2026-06-13 02:20:07.409760+00:00
40c97199-698a-4c24-b425-0e6a4249c916,NC Aquarium at Pine Knoll Shores,potw_receiving_station,,,NC,,Carteret,,,Unknown,Unknown,Unknown,,,,https://edocs.deq.nc.gov/WaterResources/Search.aspx?dbid=0&searchcommand=%7B%5B%5D%3A%5BID%20%23%5D%3D%22WQ0019331%22%7D,,,WQ0019331,2026-06-13 02:20:07.409760+00:00,2026-06-13 02:20:07.409760+00:00
413f1343-0195-475b-8836-1cd80bfcbdb3,Wake County Wildlife Club WWTF,private_regional_septage_facility,,,NC,,Durham,,,Unknown,Unknown,Unknown,,,,https://edocs.deq.nc.gov/WaterResources/Search.aspx?dbid=0&searchcommand=%7B%5B%5D%3A%5BID%20%23%5D%3D%22WQ0005134%22%7D,,,WQ0005134,2026-06-13 02:20:02.366830+00:00,2026-06-13 02:20:02.366830+00:00
41413226-42b9-4077-b369-9c32795e117d,ANDERLE FARMS SAND PIT,transfer_station,1372 FM 1287,GRAHAM,TX,76450-6700,YOUNG,33.039624,-98.591924,Unknown,Unknown,Unknown,,,,,110071156648,TXR05FH04,110053,2026-06-13 02:09:49.228594+00:00,2026-06-13 02:19:41.329224+00:00
4163fd00-7a59-415c-88fb-bde331db6478,Prestage Foods WWTP,private_regional_septage_facility,,,NC,,Robeson,,,Unknown,Unknown,Unknown,,,,https://edocs.deq.nc.gov/WaterResources/Search.aspx?dbid=0&searchcommand=%7B%5B%5D%3A%5BID%20%23%5D%3D%22WQ0001173%22%7D,,,WQ0001173,2026-06-13 02:20:07.409760+00:00,2026-06-13 02:20:07.409760+00:00
419d1973-3293-42ad-98d9-010822e3f46d,BIG D PLUTO FACILITY,private_regional_septage_facility,3309 PLUTO ST,DALLAS,TX,75212-3430,Dallas,32.784382,-96.89152,Yes,Unknown,Unknown,,,,,110071255486,TXR1519KM,2069A,2026-06-13 02:10:06.594423+00:00,2026-06-13 02:19:41.329224+00:00
41a15a74-3864-43a5-b155-43453fda2fc5,Clark's Septic Tank Service,private_regional_septage_facility,4003 Piney Grove Church Rd.,Siler City,NC,,Chatham,35.799807537071,-79.491616217955,Yes,Unknown,Unknown,,(919) 742-3606,,,,,NCS-00309,2026-06-13 02:20:07.409760+00:00,2026-06-13 02:20:07.409760+00:00
41ba7907-d25f-4d9d-abca-16c1f6bac3c1,BASTROP COUNTY TRANSFER STATION,transfer_station,601 COOL WATER DR,BASTROP,TX,78602,BASTROP,30.1,-97.34,Unknown,Unknown,Unknown,,,,,,,120060,2026-06-13 02:19:52.391210+00:00,2026-06-13 02:19:52.391210+00:00
41d789d7-71b0-4788-b15e-fb5d60c0dcd3,MILITARY INSTALLATION COLLECTION AREA MICA SITE A913,transfer_station,,,,,EL PASO,31.836111,-106.36,Unknown,Unknown,Unknown,,,,,,,120191,2026-06-13 02:19:52.391210+00:00,2026-06-13 02:19:52.391210+00:00
42178035-27e4-4cf1-b7a4-083cbf58e2e6,Total Storage Services LLC dba TOTAL,private_regional_septage_facility,P.O. Box 6560,Spartanburg,NC,,Buncombe,,,Unknown,Unknown,Unknown,,(864) 699-8430,,,,,NCS-01791,2026-06-13 02:20:07.409760+00:00,2026-06-13 02:20:07.409760+00:00
422af50f-503d-4851-82a0-aed185e2f1fb,HUCKABAY RIDGE LIQUID WASTE FACILITY,private_regional_septage_facility,,,,,ERATH,32.2944,-98.3375,Unknown,Unknown,Unknown,,,,,,,40229,2026-06-13 02:19:41.329224+00:00,2026-06-13 02:19:41.329224+00:00
422d6dc2-1dbb-4300-8c63-90eda9dcb012,Tuckertown WTP Class B Residuals Program,land_application_site,,,NC,,Stanly,,,Unknown,Unknown,Unknown,,,,https://edocs.deq.nc.gov/WaterResources/Search.aspx?dbid=0&searchcommand=%7B%5B%5D%3A%5BID%20%23%5D%3D%22WQ0000759%22%7D,,,WQ0000759,2026-06-13 02:20:02.366830+00:00,2026-06-13 02:20:02.366830+00:00
4242ed8d-ff8e-417d-b893-55b8e03b3be8,Triple S Farms and Cleaning Class B Residuals Program,land_application_site,,,NC,,Duplin,,,Unknown,Unknown,Unknown,,,,https://edocs.deq.nc.gov/WaterResources/Search.aspx?dbid=0&searchcommand=%7B%5B%5D%3A%5BID%20%23%5D%3D%22WQ0030998%22%7D,,,WQ0030998,2026-06-13 02:20:02.366830+00:00,2026-06-13 02:20:02.366830+00:00
425e2b86-a117-4ca4-bf17-b13275a34e4f,Dunbar Foods Class A Residuals Program,land_application_site,,,NC,,Harnett,,,Unknown,Unknown,Unknown,,,,https://edocs.deq.nc.gov/WaterResources/Search.aspx?dbid=0&searchcommand=%7B%5B%5D%3A%5BID%20%23%5D%3D%22WQ0037574%22%7D,,,WQ0037574,2026-06-13 02:20:02.366830+00:00,2026-06-13 02:20:02.366830+00:00
428b6176-3cbf-4666-a4a4-178387cf9749,Tarheel Septic Solutions,private_regional_septage_facility,2553 Tave Beeson Rd,Kernersville,NC,,Forsyth,36.159786139345,-80.123776540767,Yes,Unknown,Unknown,,336.-99.8100,,,,,NCS-01897,2026-06-13 02:20:07.409760+00:00,2026-06-13 02:20:07.409760+00:00
42e3533e-e7e4-4b31-ad82-47eb14a9ae66,Reliable Septic Service,private_regional_septage_facility,1089 Hannah Creek Road,Four Oaks,NC,,Johnston,35.393004125135,-78.499723242264,Unknown,Unknown,Unknown,,(919) 207-9000,,,,,NCS-01598,2026-06-13 02:20:14.798453+00:00,2026-06-13 02:20:14.798453+00:00
42f81319-3e99-4035-afe3-1bf34ec826a1,Town of Mount Olive WWTP,potw_receiving_station,,,NC,,Wayne,,,Unknown,Unknown,Unknown,,,,https://edocs.deq.nc.gov/WaterResources/Search.aspx?dbid=0&searchcommand=%7B%5B%5D%3A%5BID%20%23%5D%3D%22WQ0029169%22%7D,,,WQ0029169,2026-06-13 02:20:02.366830+00:00,2026-06-13 02:20:02.366830+00:00
42fb9960-f56e-4f3a-a96a-b1f274ef0edf,Faulkner's Royal Flush Restroom Rentals,private_regional_septage_facility,903 Swearngan Ridge Court,Charlotte,NC,,Mecklenburg,35.290928644006,-80.881379592925,Unknown,Unknown,Yes,,(704) 835-4557,,,,,NCS-01740,2026-06-13 02:20:14.798453+00:00,2026-06-13 02:20:14.798453+00:00
42fc69c5-ea87-4efb-9753-54145f5b1e3d,Barry's Septic Services,private_regional_septage_facility,381 Charles Pettus Road,Lancaster,NC,,Union,34.923973623217,-80.829399936355,Unknown,Unknown,Unknown,,(803) 548-3138,,,,,NCS-01645,2026-06-13 02:20:14.798453+00:00,2026-06-13 02:20:14.798453+00:00
43440908-dc93-429b-95f1-5dde9876e0a5,Circle Restroom Suites,private_regional_septage_facility,13040 Spiveys Corner Highway,Newton Grove,NC,,Sampson,35.147234468109,-78.460529754785,Unknown,Unknown,Unknown,,910.-59.9870,,,,,NCS-01902,2026-06-13 02:20:14.798453+00:00,2026-06-13 02:20:14.798453+00:00
436a4e1d-c5d1-4afe-a128-6c75fed5b552,US MCB Camp Lejeune Class A Residuals Program,land_application_site,,,NC,,Onslow,,,,,,,,,https://edocs.deq.nc.gov/WaterResources/Search.aspx?dbid=0&searchcommand=%7B%5B%5D%3A%5BID%20%23%5D%3D%22WQ0012346%22%7D,,,WQ0012346,2026-06-13 02:20:02.366830+00:00,2026-06-13 02:20:02.366830+00:00
43b858c0-3279-449f-9935-c8fbd498c583,Living Water Septic LLC,private_regional_septage_facility,243 Textile Ave.,Spindale,NC,,Rutherford,,,Yes,Unknown,Unknown,,,,,,,NCS-01915,2026-06-13 02:20:14.798453+00:00,2026-06-13 02:20:14.798453+00:00
4404fc60-4777-4892-bae8-28adf6ad6b31,Atlas Septic Service,private_regional_septage_facility,374 Liberty Hill Road,Statesville,NC,,Iredell,35.872676557373,-80.989853378829,Yes,Unknown,Unknown,,(980) 540-5817,,,,,NCS-01750,2026-06-13 02:20:14.798453+00:00,2026-06-13 02:20:14.798453+00:00
4405e4ed-705b-40b8-830f-a051ed76830c,Pasquotank County Transfer Station,transfer_station,983 Simpson Ditch Road,Elizabeth City,NC,27909,Pasquotank,36.241091,-76.268201,Unknown,Unknown,Unknown,,(252) 335-4105,,,,,7003T-TRANSFER-1994,2026-06-13 02:20:07.409760+00:00,2026-06-13 02:20:07.409760+00:00
441ca1ac-f641-44aa-883f-c103652ae747,TEXAS LANDSCAPE PRODUCTS INC,composting_facility,9802 FM 1488 RD,MAGNOLIA,TX,77354,MONTGOMERY,30.224141,-95.619828,Unknown,Unknown,Unknown,,,,,,,100112,2026-06-13 02:19:52.391210+00:00,2026-06-13 02:19:52.391210+00:00
4492fd45-1f87-4864-a3c6-1620ccd9d0c7,Scotland County Transfer Station,transfer_station,10701 Patterson Road,Maxton,NC,28352,Scotland,34.726033,-79.379083,Unknown,Unknown,Unknown,,(910) 352-3557,,,,,8302T-TRANSFER-1997,2026-06-13 02:20:07.409760+00:00,2026-06-13 02:20:07.409760+00:00
44af3ee9-4b43-4500-b35f-b8f60dfa4a55,VICTORIA COMPOST FACILITY,composting_facility,,,,,VICTORIA,28.6925,-96.892777,Unknown,Unknown,Unknown,,,,,,,42034,2026-06-13 02:19:52.391210+00:00,2026-06-13 02:19:52.391210+00:00
44c3c048-6695-47e4-9525-153f260f3b2c,Roaring River Vineyards RV Park,private_regional_septage_facility,493 Brewer Mill Road,Traphill,NC,,Wilkes,36.317994789674,-81.049211587291,Unknown,Unknown,Unknown,,(336) 469-0775,,,,,NCS-01621,2026-06-13 02:20:14.798453+00:00,2026-06-13 02:20:14.798453+00:00
44fa8a15-9c52-4718-a2c5-2b1b1ae83d68,"Drummac, Inc.",private_regional_septage_facility,75D York Ave,Randolph,NC,,Mecklenburg,,,Yes,Yes,Yes,,(781) 815-1100,,,,,NCS-00957,2026-06-13 02:20:14.798453+00:00,2026-06-13 02:20:14.798453+00:00
4539e6af-feab-4a68-bb15-235c051f3851,MATAGORDA COUNTY TRANSFER STATION,transfer_station,679 COUNTY ROAD 147,BAY CITY,TX,77414-1463,MATAGORDA,28.944392,-95.848675,Unknown,Unknown,Unknown,,,,,110070372406,TXR05CW19,40028,2026-06-13 02:13:32.932748+00:00,2026-06-13 02:19:52.391210+00:00
45bd5a63-fed7-49b4-a16a-2f7119298d4c,Mount Holly East Facility,land_application_site,,,NC,,Mecklenburg,,,Unknown,Unknown,Unknown,,,,https://edocs.deq.nc.gov/WaterResources/Search.aspx?dbid=0&searchcommand=%7B%5B%5D%3A%5BID%20%23%5D%3D%22WQ0000537%22%7D,,,WQ0000537,2026-06-13 02:20:02.366830+00:00,2026-06-13 02:20:02.366830+00:00
45c1d55e-16bd-4207-8c07-9973776dd72d,121 RDF LFG TREATMENT FACILITY,anaerobic_digester,3820 SAM RAYBURN HWY,MELISSA,TX,75454,COLLIN,33.297423,-96.527887,Unknown,Unknown,Unknown,,,,,,,48042,2026-06-13 02:19:41.329224+00:00,2026-06-13 02:19:41.329224+00:00
45c9b2db-6537-428f-9b78-aeb35352a436,Parcel No. 3833 Stonegate Dr. SFR,private_regional_septage_facility,,,NC,,Person,,,Unknown,Unknown,Unknown,,,,https://edocs.deq.nc.gov/WaterResources/Search.aspx?dbid=0&searchcommand=%7B%5B%5D%3A%5BID%20%23%5D%3D%22WQ0034837%22%7D,,,WQ0034837,2026-06-13 02:20:02.366830+00:00,2026-06-13 02:20:02.366830+00:00
45cb6f53-8421-4667-ac06-b47cdc92999c,Capps Septic Pumping & Installing,private_regional_septage_facility,PO Box 452,Robbinsville,NC,,Graham,,,Yes,Unknown,Unknown,,(828) 735-5982,,,,,NCS-01776,2026-06-13 02:20:07.409760+00:00,2026-06-13 02:20:07.409760+00:00
45e97db9-540f-4408-9770-82b7cf095457,Town of Siler City Class B Residuals Program,land_application_site,,,NC,,Chatham,,,Unknown,Unknown,Unknown,,,,https://edocs.deq.nc.gov/WaterResources/Search.aspx?dbid=0&searchcommand=%7B%5B%5D%3A%5BID%20%23%5D%3D%22WQ0003226%22%7D,,,WQ0003226,2026-06-13 02:20:02.366830+00:00,2026-06-13 02:20:02.366830+00:00
45e9b0fe-9d72-4148-afe9-786020e7195b,Town of Cleveland Class B Residuals Program,land_application_site,,,NC,,Rowan,,,Unknown,Unknown,Unknown,,,,https://edocs.deq.nc.gov/WaterResources/Search.aspx?dbid=0&searchcommand=%7B%5B%5D%3A%5BID%20%23%5D%3D%22WQ0011431%22%7D,,,WQ0011431,2026-06-13 02:20:02.366830+00:00,2026-06-13 02:20:02.366830+00:00
4633d633-465a-4f23-9092-d1eb52f80b49,Enlisted Men's Barracks - Atlantic Airfield WWTF,private_regional_septage_facility,,,NC,,Carteret,,,Unknown,Unknown,Unknown,,,,https://edocs.deq.nc.gov/WaterResources/Search.aspx?dbid=0&searchcommand=%7B%5B%5D%3A%5BID%20%23%5D%3D%22WQ0005233%22%7D,,,WQ0005233,2026-06-13 02:20:07.409760+00:00,2026-06-13 02:20:07.409760+00:00
4647d663-ca66-4b1e-83ad-c6ab7aff7886,Moore's Keep Christian Camp WWTF,private_regional_septage_facility,,,NC,,Moore,,,Unknown,Unknown,Unknown,,,,https://edocs.deq.nc.gov/WaterResources/Search.aspx?dbid=0&searchcommand=%7B%5B%5D%3A%5BID%20%23%5D%3D%22WQ0036210%22%7D,,,WQ0036210,2026-06-13 02:20:02.366830+00:00,2026-06-13 02:20:02.366830+00:00
464a0d4d-d3f2-4290-9aaf-4cd4a15e5125,Henderson County Transfer Facility,transfer_station,191 Transfer Station Drive,Hendersonville,NC,28791,Henderson,35.352826,-82.496994,Unknown,Unknown,Unknown,,(828) 707-6232,,,,,4504T-TRANSFER-1998,2026-06-13 02:20:07.409760+00:00,2026-06-13 02:20:07.409760+00:00
4662bc8c-91a4-45b1-80aa-de411a08cc57,Camden County WWTP,potw_receiving_station,,,NC,,Camden,,,Unknown,Yes,Unknown,,,,https://edocs.deq.nc.gov/WaterResources/Search.aspx?dbid=0&searchcommand=%7B%5B%5D%3A%5BID%20%23%5D%3D%22WQ0029894%22%7D,,,WQ0029894,2026-06-13 02:20:07.409760+00:00,2026-06-13 02:20:07.409760+00:00
46c0aa31-5fdd-4f7b-b2a2-aaf8f7f87bec,DC Septic Pumping,private_regional_septage_facility,PO Box 1571,Clinton,NC,,Sampson,,,Yes,Yes,Unknown,,(910) 249-3131,,,,,NCS-01727,2026-06-13 02:20:14.798453+00:00,2026-06-13 02:20:14.798453+00:00
46e24f18-027b-456c-8db3-706b03736776,Hunter's Roost Farms Septic Service,private_regional_septage_facility,1774 Wharton Station Rd,Washington,NC,,Beaufort,35.622835011877,-77.09069269517,Yes,Unknown,Unknown,,(252) 944-7737,,,,,NCS-00826,2026-06-13 02:20:07.409760+00:00,2026-06-13 02:20:07.409760+00:00
46ed8bb5-0dab-4619-828e-50d826d4bf6b,Albemarle Rent-A-Jon,private_regional_septage_facility,PO Box 2447,Elizabeth City,NC,,Pasquotank,,,Unknown,Yes,Yes,,(252) 562-6503,,,,,NCS-01382,2026-06-13 02:20:14.798453+00:00,2026-06-13 02:20:14.798453+00:00
470549d7-3c60-41ea-b17d-a09984b87bc7,CITY OF HEMPSTEAD TRANSFER STATION FACILITY,transfer_station,1125 AUSTIN ST,HEMPSTEAD,TX,77445,WALLER,30.08333,-96.0925,Unknown,Unknown,Unknown,,,,,,,40014,2026-06-13 02:19:52.391210+00:00,2026-06-13 02:19:52.391210+00:00
471fd36e-6df4-4336-a6ff-f39447c4b296,Marcal Cordova Class A Residuals Program,land_application_site,,,NC,,Richmond,,,Unknown,Unknown,Unknown,,,,https://edocs.deq.nc.gov/WaterResources/Search.aspx?dbid=0&searchcommand=%7B%5B%5D%3A%5BID%20%23%5D%3D%22WQ0039924%22%7D,,,WQ0039924,2026-06-13 02:20:02.366830+00:00,2026-06-13 02:20:02.366830+00:00
475be478-70ad-4012-9689-e7ed12e71bf5,Wayne Farms Class B Residuals Program,land_application_site,,,NC,,Surry,,,Unknown,Unknown,Unknown,,,,https://edocs.deq.nc.gov/WaterResources/Search.aspx?dbid=0&searchcommand=%7B%5B%5D%3A%5BID%20%23%5D%3D%22WQ0004609%22%7D,,,WQ0004609,2026-06-13 02:20:02.366830+00:00,2026-06-13 02:20:02.366830+00:00
475c483d-ae45-4c64-8fb4-fbe7e517eade,David Brantley & Sons Compost Facility,composting_facility,37 Pine Ridge Rd,Zebulon,NC,27597,Franklin,35.92656,-78.25294,Yes,Yes,Unknown,,(646) 246-9933,,,,,3506-COMPOST-2012,2026-06-13 02:20:07.409760+00:00,2026-06-13 02:20:07.409760+00:00
475fb26b-5469-4e84-869c-4b0788ae83e8,VICTORIA REGIONAL WASTEWATER TREATMENT PLANT,private_regional_septage_facility,923 US HWY 59 SOUTH,VICTORIA,TX,77905,VICTORIA,28.75,-97.01,Yes,No,Unknown,,,,,,,2366,2026-06-13 02:19:52.391210+00:00,2026-06-13 02:19:52.391210+00:00
47684cdd-e291-4677-82f2-4e1176216c03,CITY OF BYERS CCS,transfer_station,,,,,CLAY,34.04785,-98.2738,Unknown,Unknown,Unknown,,,,,,,120011,2026-06-13 02:19:41.329224+00:00,2026-06-13 02:19:41.329224+00:00
4776a790-e6b4-4966-b50e-6895a5bd82d3,FM 812 MULCH FACILITY,composting_facility,9201 FM 812,AUSTIN,TX,78719,TRAVIS,30.16,-97.684444,Unknown,Unknown,Unknown,,,,,,,100165,2026-06-13 02:19:52.391210+00:00,2026-06-13 02:19:52.391210+00:00
47944406-cb58-4007-a870-582868d6611b,"Wall Recycling, LLC",private_regional_septage_facility,2126 Garner Rd,Raleigh,NC,,Wake,35.750961084438,-78.631283008563,Unknown,Unknown,Yes,,(919) 582-7777,,,,,NCS-01350,2026-06-13 02:20:14.798453+00:00,2026-06-13 02:20:14.798453+00:00
47950dee-8fab-4c77-8a6c-076923645002,COMPOST PLANT TX-242 GLOVER LOGISTIC,composting_facility,,,,,MONTGOMERY,30.207994,-95.40529,Unknown,Unknown,Unknown,,,,,,,100628,2026-06-13 02:19:52.391210+00:00,2026-06-13 02:19:52.391210+00:00
47a6764b-cfd4-4fad-8974-d1d2bb80339b,CSI HARDIN 1,composting_facility,7420 HIGHWAY 326 N,KOUNTZE,TX,77625,HARDIN,30.284722,-94.381944,Unknown,Unknown,Unknown,,,,,,,100557,2026-06-13 02:19:52.391210+00:00,2026-06-13 02:19:52.391210+00:00
47f602d0-d6c4-45fa-8d51-8b9394882558,Darling Ingredients,private_regional_septage_facility,1309 Industrial Dr,Fayetteville,NC,,Cumberland,35.03070026111,-78.863313574796,,,,,910.-93.0794,,,,,NCS-00875,2026-06-13 02:20:07.409760+00:00,2026-06-13 02:20:07.409760+00:00
47f97aef-eeb6-4ddc-b7c3-a8666b0d7e51,BROGADO SITE,transfer_station,,,,,REEVES,30.994287,-103.730204,Unknown,Unknown,Unknown,,,,,,,120040,2026-06-13 02:19:52.391210+00:00,2026-06-13 02:19:52.391210+00:00
4827e8ee-512c-4aad-a55e-2ac14fbef1f0,Blue Ridge Septic,private_regional_septage_facility,4443 Georgia Pines Road,Morganton,NC,,Burke,35.762009693426,-81.815124577802,Yes,Unknown,Unknown,,(828) 443-8088,,,,,NCS-01585,2026-06-13 02:20:07.409760+00:00,2026-06-13 02:20:07.409760+00:00
483663f5-f956-4edb-8a0c-c330028d296c,Tim's Septic Tank,private_regional_septage_facility,76 McLaurin Road,Wadesboro,NC,,Anson,34.868883754647,-80.153748567518,Unknown,Unknown,Unknown,,(704) 694-0308,,,,,NCS-00714,2026-06-13 02:20:07.409760+00:00,2026-06-13 02:20:07.409760+00:00
4847e474-c360-4194-841f-45a59cb07a66,Panther Septic LLC,private_regional_septage_facility,1440 Julius Dr,Salisbury,NC,,Rowan,35.652130949731,-80.558427022993,Yes,Unknown,Yes,,(704)984-1433,,,,,NCS-01832,2026-06-13 02:20:14.798453+00:00,2026-06-13 02:20:14.798453+00:00
4865020e-6ab5-4879-9774-33743d68e4cf,CITY OF HICO TRANSFER STATION FACILITY,transfer_station,,,,,HAMILTON,31.979,-98.02683,Unknown,Unknown,Unknown,,,,,,,40004,2026-06-13 02:19:52.391210+00:00,2026-06-13 02:19:52.391210+00:00
48882630-0fd5-4aae-a0ec-846d2f249b97,"Carolina Septic Pumping, Inc.",private_regional_septage_facility,41 Turner Rd,Southport,NC,,Brunswick,34.034513865428,-78.06145493811,Yes,Yes,Unknown,,,,,,,NCS-01235,2026-06-13 02:20:07.409760+00:00,2026-06-13 02:20:07.409760+00:00
48bad41b-db3a-4c39-8e3d-9c7142560dea,Triad Septic Solutions LLC,private_regional_septage_facility,3204 Steepleton Way,Greensboro,NC,,Guilford,36.16570417915,-79.861740504146,Yes,Unknown,Unknown,,336.-39.4467,,,,,NCS-01816,2026-06-13 02:20:07.409760+00:00,2026-06-13 02:20:07.409760+00:00
48c8e12b-6be8-4b35-a9d3-38ef67da844c,Baxter Healthcare Class A Residuals Program,land_application_site,,,NC,,McDowell,,,Unknown,Unknown,Unknown,,,,https://edocs.deq.nc.gov/WaterResources/Search.aspx?dbid=0&searchcommand=%7B%5B%5D%3A%5BID%20%23%5D%3D%22WQ0010689%22%7D,,,WQ0010689,2026-06-13 02:20:02.366830+00:00,2026-06-13 02:20:02.366830+00:00
48ceeeea-58b0-41ad-9687-ce7abfe10452,LISBON WOOD RECYCLE,composting_facility,9615 FM 521 RD,ROSHARON,TX,77583,FORT BEND,29.522406,-95.759254,Unknown,Unknown,Unknown,,,,,,,100009,2026-06-13 02:19:52.391210+00:00,2026-06-13 02:19:52.391210+00:00
48ebd5f0-1f0c-4e48-860c-d58c83c61f53,CITY OF SAN JUAN COLLECTION STATION,transfer_station,205 WEST HALL,SAN JUAN,TX,78589,HIDALGO,26.159166,-98.158055,Unknown,Unknown,Unknown,,,,,,,120142,2026-06-13 02:19:52.391210+00:00,2026-06-13 02:19:52.391210+00:00
49163c20-635e-41ed-88f5-ed57fb923a4f,LIVE OAK COUNTY,transfer_station,117 COUNTY ROAD 455,THREE RIVERS,TX,78071,LIVE OAK,28.396635,-98.174946,Unknown,Unknown,Unknown,,,,,,,120177,2026-06-13 02:19:52.391210+00:00,2026-06-13 02:19:52.391210+00:00
495940e0-b2f0-4f6a-8623-8fa54ae944ec,Caraway Speedway WWTF,private_regional_septage_facility,,,NC,,Randolph,,,Unknown,Unknown,Unknown,,,,https://edocs.deq.nc.gov/WaterResources/Search.aspx?dbid=0&searchcommand=%7B%5B%5D%3A%5BID%20%23%5D%3D%22WQ0015491%22%7D,,,WQ0015491,2026-06-13 02:20:02.366830+00:00,2026-06-13 02:20:02.366830+00:00
499108ea-a26f-48fa-b040-0722a840bbbd,Pender County Transfer Station,transfer_station,250 Transfer Station Road,Burgaw,NC,28425,Pender,34.393865,-77.668266,Unknown,Unknown,Unknown,,(910) 470-0820,,,,,7103T-TRANSFER-1990,2026-06-13 02:20:07.409760+00:00,2026-06-13 02:20:07.409760+00:00
499282dc-c2ef-4c34-b7c8-6e14645a3d23,OWASA Class A Residuals Program,land_application_site,,,NC,,Orange,,,Unknown,Unknown,Unknown,,,,https://edocs.deq.nc.gov/WaterResources/Search.aspx?dbid=0&searchcommand=%7B%5B%5D%3A%5BID%20%23%5D%3D%22WQ0021828%22%7D,,,WQ0021828,2026-06-13 02:20:02.366830+00:00,2026-06-13 02:20:02.366830+00:00
49ac9577-dde2-4897-a9ae-d9c893571eea,CA-2 MATERIALS,composting_facility,18511 BEAUMONT HWY BLDG V,HOUSTON,TX,77049-1220,Harris,29.87449,-95.106947,Unknown,Unknown,Unknown,,,,,110072107323,TXR05GW68,100614,2026-06-13 02:10:24.068110+00:00,2026-06-13 02:19:52.391210+00:00
49b35cc0-67a2-45df-a96a-e3f7b3ccfcfe,NATURES WAY RESOURCES INC,composting_facility,101 SHERBROOK CIR,CONROE,TX,77385,MONTGOMERY,30.237777,-95.455277,Unknown,Unknown,Unknown,,,,,,,47028,2026-06-13 02:19:52.391210+00:00,2026-06-13 02:19:52.391210+00:00
49e70347-c547-4509-a23e-2413e33c0062,CITY OF BRENHAM TRANSFER STATION FACILITY,transfer_station,2009 OLD CHAPPELL HILL RD,BRENHAM,TX,77833,WASHINGTON,30.1675,-96.368333,Unknown,Unknown,Unknown,,,,,,,40018,2026-06-13 02:19:52.391210+00:00,2026-06-13 02:19:52.391210+00:00
49e81373-fd5f-44aa-b3b5-e5b959a5c014,Powell's Sanitation Inc.,private_regional_septage_facility,1776 Mt. Zion Road,Loris,NC,,Brunswick,34.114410319581,-78.926866479677,Yes,Unknown,Yes,,(843) 756-5380,,,,,NCS-01145,2026-06-13 02:20:07.409760+00:00,2026-06-13 02:20:07.409760+00:00
49f5074c-24d2-41ab-96cb-55ee9563355e,Onsite Environmental,private_regional_septage_facility,1421 Baptist World Center Drive,Nashville,NC,,Mecklenburg,,,Yes,Yes,Unknown,,,,,,,NCS-01084,2026-06-13 02:20:14.798453+00:00,2026-06-13 02:20:14.798453+00:00
4a40ec6a-73a7-4258-8fc2-b2c5c7856442,Lewis Farms,private_regional_septage_facility,PO Box 109,Currie,NC,,Pender,,,Yes,Yes,Unknown,,(910) 283-9823,,,,,NCS-01222,2026-06-13 02:20:14.798453+00:00,2026-06-13 02:20:14.798453+00:00
4a44cee4-b350-42aa-bbba-11d1c3b8e5cb,"W2 Septic Pumping, LLC",private_regional_septage_facility,2858 Bailey Road,Coats,NC,,Harnett,35.428397184506,-78.61687239614,Unknown,Unknown,Unknown,,(919) 894-2987,,,,,NCS-01387,2026-06-13 02:20:07.409760+00:00,2026-06-13 02:20:07.409760+00:00
4a49d0e8-dd9d-4751-b303-d54122a3bce0,"Goldston's Concrete and Septic Tanks, Inc.",private_regional_septage_facility,PO Box 737,Ramseur,NC,,Randolph,,,Yes,Unknown,Unknown,,(336) 824-2041,,,,,NCS-00321,2026-06-13 02:20:14.798453+00:00,2026-06-13 02:20:14.798453+00:00
4a96519c-6bcf-4c30-a236-1fc014852840,High Vista WWTP,potw_receiving_station,,,NC,,Henderson,,,Unknown,Unknown,Unknown,,,,https://edocs.deq.nc.gov/WaterResources/Search.aspx?dbid=0&searchcommand=%7B%5B%5D%3A%5BID%20%23%5D%3D%22WQ0015929%22%7D,,,WQ0015929,2026-06-13 02:19:52.391210+00:00,2026-06-13 02:19:52.391210+00:00
4aaad1a3-9d59-4a8f-bd2a-9db50a4e2123,Johnson's Septic Service,private_regional_septage_facility,12232 US 70 Business Hwy W,Clayton,NC,,Johnston,35.659796201996,-78.484611242972,Yes,Yes,Yes,,(919)369-7602,,,,,NCS-01280,2026-06-13 02:20:14.798453+00:00,2026-06-13 02:20:14.798453+00:00
4ad9031d-fd94-4514-8c19-0095780f4f7d,EMA Resources Class A Residuals Program,land_application_site,,,NC,,Davie,,,Yes,Yes,Yes,,,,https://edocs.deq.nc.gov/WaterResources/Search.aspx?dbid=0&searchcommand=%7B%5B%5D%3A%5BID%20%23%5D%3D%22WQ0041666%22%7D,,,WQ0041666,2026-06-13 02:20:02.366830+00:00,2026-06-13 02:20:02.366830+00:00
4af18d2b-8415-4cd7-945b-e08ab8eac67f,Currin's Septic Service,private_regional_septage_facility,1727 Hwy 15,Creedmoor,NC,,Granville,36.107738797413,-78.723065374613,Yes,Unknown,Unknown,,(919) 625-7745,,,,,NCS-00296,2026-06-13 02:20:07.409760+00:00,2026-06-13 02:20:07.409760+00:00
4b0a87bd-d0ad-4a6a-8f76-8cdf6363be25,Hasentree WWTP,potw_receiving_station,,,NC,,Wake,,,Unknown,Unknown,Unknown,,,,https://edocs.deq.nc.gov/WaterResources/Search.aspx?dbid=0&searchcommand=%7B%5B%5D%3A%5BID%20%23%5D%3D%22WQ0021934%22%7D,,,WQ0021934,2026-06-13 02:20:02.366830+00:00,2026-06-13 02:20:02.366830+00:00
4b23a046-e2d1-4328-8f7c-3d3843b4eb9f,"The Drainage Solution Company, LLC",private_regional_septage_facility,PO Box 67,Elm City,NC,,Wilson,,,Unknown,Unknown,Unknown,,(252) 399-9278,,,,,NCS-01110,2026-06-13 02:20:14.798453+00:00,2026-06-13 02:20:14.798453+00:00
4b3af158-cf27-4941-a39a-7be7c0a086d6,Innospec Active Chemicals - Salisbury WWTF,private_regional_septage_facility,,,NC,,Rowan,,,Unknown,Unknown,Unknown,,,,https://edocs.deq.nc.gov/WaterResources/Search.aspx?dbid=0&searchcommand=%7B%5B%5D%3A%5BID%20%23%5D%3D%22WQ0001077%22%7D,,,WQ0001077,2026-06-13 02:20:02.366830+00:00,2026-06-13 02:20:02.366830+00:00
4b4daaa3-d644-42a3-96e5-8b325afa9963,CITY OF EL PASO CITITZEN COLLECTION SITE,transfer_station,2492 HARRISON AVE,EL PASO,TX,79930,EL PASO,31.6942,-106.3003,Unknown,Unknown,Unknown,,,,,,,120024,2026-06-13 02:19:52.391210+00:00,2026-06-13 02:19:52.391210+00:00
4b5c9ac4-6349-4cc2-93a3-3057c75f7435,Town of Woodland WWTF,private_regional_septage_facility,,,NC,,Northampton,,,Unknown,Unknown,Unknown,,,,https://edocs.deq.nc.gov/WaterResources/Search.aspx?dbid=0&searchcommand=%7B%5B%5D%3A%5BID%20%23%5D%3D%22WQ0004910%22%7D,,,WQ0004910,2026-06-13 02:20:02.366830+00:00,2026-06-13 02:20:02.366830+00:00
4b800ca4-573f-45ad-ad4f-556cd8798a4f,S & F Toilet Rental,private_regional_septage_facility,P O Box 1201,New Bern,NC,,Craven,,,Unknown,Unknown,Yes,,(252) 229-5290,,,,,NCS-01059,2026-06-13 02:20:07.409760+00:00,2026-06-13 02:20:07.409760+00:00
4b820998-e62f-4515-9803-0d9b9e7cbbeb,Cape Fear Pumping Inc,private_regional_septage_facility,2791 Carroll Store Rd.,Autryville,NC,,Cumberland,35.063999291662,-78.59848564279,Yes,Unknown,Unknown,,(910) 425-1201,,,,,NCS-00623,2026-06-13 02:20:07.409760+00:00,2026-06-13 02:20:07.409760+00:00
4b89763a-f27e-4689-bd6f-b2154a784d11,Allen Septic Tank Service,private_regional_septage_facility,116 Dorsey Rd,Louisburg,NC,,Franklin,36.120747753339,-78.169221881569,Unknown,Unknown,Unknown,,(919) 497-7464,,,,,NCS-01400,2026-06-13 02:20:07.409760+00:00,2026-06-13 02:20:07.409760+00:00
4b95b583-a4cc-4317-b7e1-326f3ce4ed80,Ingleside Compost Facility,composting_facility,3001 Ingleside Drive,High Point,NC,27265,Guilford,35.99794,-80.04039,Unknown,Unknown,Unknown,,(336) 688-3454,,,,,4110-COMPOST-,2026-06-13 02:20:07.409760+00:00,2026-06-13 02:20:07.409760+00:00
4c03b38c-afbf-422a-bd49-e143becee9ec,Bingham Facility WWTF,private_regional_septage_facility,,,NC,,Orange,,,Yes,Unknown,Unknown,,,,https://edocs.deq.nc.gov/WaterResources/Search.aspx?dbid=0&searchcommand=%7B%5B%5D%3A%5BID%20%23%5D%3D%22WQ0023896%22%7D,,,WQ0023896,2026-06-13 02:20:02.366830+00:00,2026-06-13 02:20:02.366830+00:00
4c2ac222-ed2c-435f-b37a-843b62106f5b,Town of Pittsboro Class B Residuals Program,land_application_site,,,NC,,Chatham,,,Unknown,Unknown,Unknown,,,,https://edocs.deq.nc.gov/WaterResources/Search.aspx?dbid=0&searchcommand=%7B%5B%5D%3A%5BID%20%23%5D%3D%22WQ0020019%22%7D,,,WQ0020019,2026-06-13 02:20:02.366830+00:00,2026-06-13 02:20:02.366830+00:00
4c4ab902-dc98-4436-ac08-1eecb84e48ca,WIERGATE SITE 21,transfer_station,,,,,NEWTON,,,Unknown,Unknown,Unknown,,,,,,,120058,2026-06-13 02:19:52.391210+00:00,2026-06-13 02:19:52.391210+00:00
4c79de0e-816f-45ac-ae5e-22d4061c0be1,Jetco Pumping Service,private_regional_septage_facility,PO Box 1322,Rural Hall,NC,,Forsyth,,,Yes,Yes,Unknown,,(336) 345-6024,,,,,NCS-00512,2026-06-13 02:20:07.409760+00:00,2026-06-13 02:20:07.409760+00:00
4c8a6581-33aa-4945-8c5f-445db6d9d28e,TEXAS DISPOSAL SYSTEM COMPOST FACILITY,composting_facility,3016 FM 1327,AUSTIN,TX,78747,TRAVIS,30.1065,-97.75583,Unknown,Unknown,Unknown,,,,,,,47002,2026-06-13 02:19:52.391210+00:00,2026-06-13 02:19:52.391210+00:00
4c92e8c6-649f-46fa-bf08-fa6c6f7a962b,Foster Septic Tank Cleaning,private_regional_septage_facility,PO Box 2386,Henderson,NC,,Franklin,,,Yes,Unknown,Unknown,,(252) 438-5750,,,,,NCS-00516,2026-06-13 02:20:07.409760+00:00,2026-06-13 02:20:07.409760+00:00
4d1c3acc-c8d8-4622-99ae-db5b31a3bc7a,Charlotte Water Class B Residuals Program,land_application_site,,,NC,,Mecklenburg,,,Unknown,Unknown,Unknown,,,,https://edocs.deq.nc.gov/WaterResources/Search.aspx?dbid=0&searchcommand=%7B%5B%5D%3A%5BID%20%23%5D%3D%22WQ0000057%22%7D,,,WQ0000057,2026-06-13 02:20:02.366830+00:00,2026-06-13 02:20:02.366830+00:00
4d1cfb3b-da85-4803-8284-5435d731ba34,REFUGIO COUNTY TRANSFER STATION,transfer_station,151 DUMP GROUND ROAD,REFUGIO,TX,78377,REFUGIO,,,Unknown,Unknown,Unknown,,,,,,,120111,2026-06-13 02:19:52.391210+00:00,2026-06-13 02:19:52.391210+00:00
4d833af7-2221-4b06-a502-6b91271a894c,Country Club of Johnston County,potw_receiving_station,,,NC,,Johnston,,,Unknown,Unknown,Unknown,,,,https://edocs.deq.nc.gov/WaterResources/Search.aspx?dbid=0&searchcommand=%7B%5B%5D%3A%5BID%20%23%5D%3D%22WQ0019908%22%7D,,,WQ0019908,2026-06-13 02:20:02.366830+00:00,2026-06-13 02:20:02.366830+00:00
4d8d93aa-82e7-41b2-890f-34ef2121f559,Fayetteville Public Works Commission Class B Residuals Program,land_application_site,,,NC,,Cumberland,,,Unknown,Unknown,Unknown,,,,https://edocs.deq.nc.gov/WaterResources/Search.aspx?dbid=0&searchcommand=%7B%5B%5D%3A%5BID%20%23%5D%3D%22WQ0000527%22%7D,,,WQ0000527,2026-06-13 02:20:07.409760+00:00,2026-06-13 02:20:07.409760+00:00
4d983607-bd08-44e8-bf7d-0d2234ea94c1,JASPER CO PRECINCT 4 CCS,transfer_station,40950 US HWY 96 S,EVADALE,TX,77615,JASPER,30.39,-94.04,Unknown,Unknown,Unknown,,,,,,,120109,2026-06-13 02:19:52.391210+00:00,2026-06-13 02:19:52.391210+00:00
4dfa8709-d667-48b4-b0f3-4fa467578861,Phillips Septic LLC,private_regional_septage_facility,10488 N US 424 HWY,Clinton,NC,,Sampson,,,Yes,Unknown,Unknown,,(910)990-2254,,,,,NCS-01811,2026-06-13 02:20:14.798453+00:00,2026-06-13 02:20:14.798453+00:00
4e040cdc-b16e-42ff-a583-0726ef7a9d65,Town of Dallas Class B Residuals Program,land_application_site,,,NC,,Gaston,,,Yes,Unknown,Unknown,,,,https://edocs.deq.nc.gov/WaterResources/Search.aspx?dbid=0&searchcommand=%7B%5B%5D%3A%5BID%20%23%5D%3D%22WQ0020912%22%7D,,,WQ0020912,2026-06-13 02:20:02.366830+00:00,2026-06-13 02:20:02.366830+00:00
4e0d89b1-5fd5-4d11-b7fa-44d482c1a3db,ARCCS Septic Service,private_regional_septage_facility,2124 Angier Rd,Fuquay Varina,NC,,Wake,35.543227832454,-78.777755488505,Unknown,Unknown,Unknown,,(919)524-3936,,,,,NCS-01839,2026-06-13 02:20:14.798453+00:00,2026-06-13 02:20:14.798453+00:00
4e4a146a-22af-437a-9cb7-7d257a267a75,Jordan Lake SRA - Seaforth WWTF,private_regional_septage_facility,,,NC,,Chatham,,,Unknown,Unknown,Unknown,,,,https://edocs.deq.nc.gov/WaterResources/Search.aspx?dbid=0&searchcommand=%7B%5B%5D%3A%5BID%20%23%5D%3D%22WQ0004988%22%7D,,,WQ0004988,2026-06-13 02:20:02.366830+00:00,2026-06-13 02:20:02.366830+00:00
4e5bbed6-3e60-4b3b-aeeb-6739f85d2d7e,NELSON GARDENS ENERGY PLANT,anaerobic_digester,,,,,BEXAR,29.341944,-98.664722,Unknown,Unknown,Unknown,,,,,,,48039,2026-06-13 02:19:52.391210+00:00,2026-06-13 02:19:52.391210+00:00
4e6a585f-760e-42eb-a567-53bc64ff0215,CITY OF SWEETWATER DROP OFF AND RECYCLING CENTER,transfer_station,801 W BROADWAY ST,SWEETWATER,TX,79556,NOLAN,32.45417,-100.45167,Unknown,Unknown,Unknown,,,,,,,120026,2026-06-13 02:19:41.329224+00:00,2026-06-13 02:19:41.329224+00:00
4e778493-7930-49c5-9a35-1f61ec367542,CUT RATE VACUUM SERVICES,private_regional_septage_facility,1206 ALDINE MEADOWS RD,HOUSTON,TX,77032,HARRIS,29.968,-95.334,Unknown,Unknown,Unknown,,,,,,,40136,2026-06-13 02:19:52.391210+00:00,2026-06-13 02:19:52.391210+00:00
4e826240-1b5e-4a33-b3e6-a1225e5b5b84,G.S.M.R.,private_regional_septage_facility,PO Box 1490,Bryson City,NC,,Swain,,,Unknown,Unknown,Unknown,,(828) 342-0935,,,,,NCS-01181,2026-06-13 02:20:14.798453+00:00,2026-06-13 02:20:14.798453+00:00
4eb033b0-26e1-404a-a69f-441b12edfd53,TOWN OF VAN HORN OLD WASTEWATER COLLECTION POND,transfer_station,806 SW FRONTAGE RD,VAN HORN,TX,79855,CULBERSON,31.030025,-104.818523,Unknown,Unknown,Unknown,,,,,,,9006C,2026-06-13 02:19:52.391210+00:00,2026-06-13 02:19:52.391210+00:00
4ef1b017-d9f8-4742-96f7-05a6dbe78aa8,CAMELOT LF GAS TO ENERGY FACILITY,anaerobic_digester,580 HUFFINES BLVD,LEWISVILLE,TX,75056,DENTON,33.0239,-96.9463,Unknown,Unknown,Unknown,,,,,,,48028,2026-06-13 02:19:41.329224+00:00,2026-06-13 02:19:41.329224+00:00
4efbd317-2541-485f-9900-eddf8fe1a480,LEWIS-QUINN CONSTRUCTION SERVICES INC,composting_facility,11355 HIGHWAY 242,CONROE,TX,77385,MONTGOMERY,30.210243,-95.40308,Unknown,Unknown,Unknown,,,,,,,100080,2026-06-13 02:19:52.391210+00:00,2026-06-13 02:19:52.391210+00:00
4efdbeef-70b5-4c85-8bc3-15f780e73352,Plant It Earth,private_regional_septage_facility,2260 Mountain View Rd,King,NC,,Stokes,36.310707716141,-80.273773425458,Unknown,Unknown,Unknown,,,,,,,NCS-01204,2026-06-13 02:20:14.798453+00:00,2026-06-13 02:20:14.798453+00:00
4f1a0b22-7a4e-41be-af49-7924ea4ca72b,Septics-R-Us,private_regional_septage_facility,480 Rock Creek Drive,Milton,NC,,Caswell,36.511697981281,-79.182210922204,Yes,Yes,Unknown,,(434) 770-3460,,,,,NCS-01489,2026-06-13 02:20:07.409760+00:00,2026-06-13 02:20:07.409760+00:00
4f23d765-0e28-4999-b677-2dd8e953b692,AGRICULTURAL WASTE SOLUTIONS INC,composting_facility,100 MIDNIGHT LN,GEORGETOWN,TX,78626,WILLIAMSON,30.595555,-97.656388,Unknown,Unknown,Unknown,,,,,,,47038,2026-06-13 02:19:52.391210+00:00,2026-06-13 02:19:52.391210+00:00
4f3240b1-cef4-406a-b63f-76ebe28be16d,Bright's Creek Golf Club WWTP,potw_receiving_station,,,NC,,Polk,,,Unknown,Unknown,Unknown,,,,https://edocs.deq.nc.gov/WaterResources/Search.aspx?dbid=0&searchcommand=%7B%5B%5D%3A%5BID%20%23%5D%3D%22WQ0024694%22%7D,,,WQ0024694,2026-06-13 02:20:02.366830+00:00,2026-06-13 02:20:02.366830+00:00
4f9f6d84-8864-4f6b-b4a2-0a379703bde4,Falls Lake SRA - Holly Point WWTF,private_regional_septage_facility,,,NC,,Wake,,,Unknown,Unknown,Unknown,,,,https://edocs.deq.nc.gov/WaterResources/Search.aspx?dbid=0&searchcommand=%7B%5B%5D%3A%5BID%20%23%5D%3D%22WQ0005426%22%7D,,,WQ0005426,2026-06-13 02:20:02.366830+00:00,2026-06-13 02:20:02.366830+00:00
4fb23383-44b7-4b47-bfe4-8abc3f90ae1a,VILLAGE OF SURFSIDE COLLECTION CENTER,transfer_station,2410 BLUE WATER HWY,SURFSIDE BEACH,TX,77541,BRAZORIA,28.974646,-95.258059,Unknown,Unknown,Unknown,,,,,,,120016,2026-06-13 02:19:52.391210+00:00,2026-06-13 02:19:52.391210+00:00
4fcf4335-53b2-4dba-b500-18800a7cb464,"Stutts Marina DBA NM of Iredell, LLC",private_regional_septage_facility,123 Sailview Dr,Mooresville,NC,,Iredell,35.516099544437,-80.895613572753,Unknown,Unknown,Unknown,,,,,,,NCS-01224,2026-06-13 02:20:14.798453+00:00,2026-06-13 02:20:14.798453+00:00
4feabbb7-e845-4a71-a3af-506ec63a79b4,CITY OF GEORGETOWN TRANSFER STATION,transfer_station,250 W L WALDEN DR,GEORGETOWN,TX,78626,Williamson,30.652158,-97.663889,No,Yes,No,,,,,110038304867,TXR05DZ96,466A,2026-06-13 02:10:41.740925+00:00,2026-06-13 02:19:52.391210+00:00
4feff16f-8328-4c42-8abd-2c7f45bf2c10,Pisgah Center for Wildlife Education WWTF,private_regional_septage_facility,,,NC,,Transylvania,,,Unknown,Unknown,Unknown,,,,https://edocs.deq.nc.gov/WaterResources/Search.aspx?dbid=0&searchcommand=%7B%5B%5D%3A%5BID%20%23%5D%3D%22WQ0012948%22%7D,,,WQ0012948,2026-06-13 02:20:02.366830+00:00,2026-06-13 02:20:02.366830+00:00
50163679-7363-4bec-8830-211642436d26,DOONERS ORGANICS INCORPORATED COMPOSTING FACILITY,composting_facility,444 COUNTY ROAD 139,COST,TX,78614,GONZALES,29.417033,-97.565226,Unknown,Unknown,Unknown,,,,,,,47010,2026-06-13 02:19:52.391210+00:00,2026-06-13 02:19:52.391210+00:00
502c615f-06e0-4986-ac8f-cbbdc209f601,CITY OF SPRINGTOWN CITIZENS COLLECTION CENTER,transfer_station,1361 WALNUT CREEK DR,SPRINGTOWN,TX,76082,PARKER,32.966844,-97.656869,Unknown,Unknown,Unknown,,,,,,,120084,2026-06-13 02:19:52.391210+00:00,2026-06-13 02:19:52.391210+00:00
50482cca-3dd8-4e31-9ff6-2fb4fc465f71,Camp Barnhardt WWTF,private_regional_septage_facility,,,NC,,Stanly,,,Unknown,Unknown,Unknown,,,,https://edocs.deq.nc.gov/WaterResources/Search.aspx?dbid=0&searchcommand=%7B%5B%5D%3A%5BID%20%23%5D%3D%22WQ0017912%22%7D,,,WQ0017912,2026-06-13 02:20:02.366830+00:00,2026-06-13 02:20:02.366830+00:00
504860b7-af90-4df0-b511-721ae45d044a,Western Wake Regional WRF,potw_receiving_station,,,NC,,Wake,,,Unknown,Unknown,Unknown,,,,https://edocs.deq.nc.gov/WaterResources/Search.aspx?dbid=0&searchcommand=%7B%5B%5D%3A%5BID%20%23%5D%3D%22WQ0035372%22%7D,,,WQ0035372,2026-06-13 02:20:02.366830+00:00,2026-06-13 02:20:02.366830+00:00
50611c2f-841f-41a7-9f94-9190c434503a,Parcel No. 97101 New Hope Church Rd. SFR,private_regional_septage_facility,,,NC,,Chatham,,,Unknown,Unknown,Unknown,,,,https://edocs.deq.nc.gov/WaterResources/Search.aspx?dbid=0&searchcommand=%7B%5B%5D%3A%5BID%20%23%5D%3D%22WQ0045997%22%7D,,,WQ0045997,2026-06-13 02:20:02.366830+00:00,2026-06-13 02:20:02.366830+00:00
50b3323a-56b3-41e5-8f09-c26fa6c6e812,"Rick's Septic Tank Service, LLC",private_regional_septage_facility,1162 J.V. Parker Dr,Hickory,NC,,Catawba,35.65293588983,-81.429266547731,Yes,Yes,Unknown,,828.-63.8822,,,,,NCS-01342,2026-06-13 02:20:07.409760+00:00,2026-06-13 02:20:07.409760+00:00
50b472ae-337a-436e-b8bd-c1b528218414,LIVING EARTH,composting_facility,8420 E I 20,ALEDO,TX,76008-3204,PARKER,32.72424,-97.58263,Unknown,Unknown,Unknown,,,,,110070377488,TXR05DM03,100484,2026-06-13 02:13:19.417606+00:00,2026-06-13 02:19:52.391210+00:00
50b473f7-7092-4966-8d59-02bc75b31162,CHARLES M HINTON JR REGIONAL LANDFILL,anaerobic_digester,3175 ELM GROVE RD,ROWLETT,TX,75089-9602,Dallas,32.962749,-96.534024,Unknown,Unknown,Unknown,,,,,110031209966,TXR05DY52,1895A,2026-06-13 02:10:35.931615+00:00,2026-06-13 02:19:41.329224+00:00
50bf5306-5032-48d9-bc08-ff99c5d54466,City of Lexington WWIS,private_regional_septage_facility,,,NC,,Davidson,,,Unknown,Unknown,Unknown,,,,https://edocs.deq.nc.gov/WaterResources/Search.aspx?dbid=0&searchcommand=%7B%5B%5D%3A%5BID%20%23%5D%3D%22WQ0016165%22%7D,,,WQ0016165,2026-06-13 02:20:02.366830+00:00,2026-06-13 02:20:02.366830+00:00
50eb6797-0d4b-4a1f-89fa-c680863d1547,C & D RECYCLERS OF TEXAS,composting_facility,12303 AMELIA DR,HOUSTON,TX,77045,HARRIS,29.647222,-95.403888,Unknown,Unknown,Unknown,,,,,,,100002,2026-06-13 02:19:52.391210+00:00,2026-06-13 02:19:52.391210+00:00
51067a9f-2ccd-4821-ab8c-8311a2d3b4a7,Elegant Johns,private_regional_septage_facility,77016 Miller,Chapel Hill,NC,,Chatham,35.833362706934,-79.044630243165,Unknown,Unknown,Yes,,(919) 819-5258,,,,,NCS-01476,2026-06-13 02:20:07.409760+00:00,2026-06-13 02:20:07.409760+00:00
511fbc2b-9efd-4ee6-b1fc-3ab5badeda39,Alexander County CDLF,transfer_station,2500 Paynes Dairy Road,Taylorsville,NC,28681,Alexander,35.83707,-81.15014,Unknown,Unknown,Unknown,,(828) 632-1101,,,,,0201-CDLF-1997,2026-06-13 02:20:07.409760+00:00,2026-06-13 02:20:07.409760+00:00
512d3715-e4a0-46a3-bcdb-45f7090ee04b,WRE Earth Farms LLC DBA Stanley Environmental Solutions (Durham),private_regional_septage_facility,1311 E Club Blvd,Durham,NC,,Durham,36.024790417839,-78.873595155734,Yes,Yes,Unknown,,(704) 689-2106,,,,,NCS-01374,2026-06-13 02:20:07.409760+00:00,2026-06-13 02:20:07.409760+00:00
51392469-5ec6-4988-8e00-cf701b2dd194,Wayne-Sanderson Farms - Elkin Hatchery WWTF,private_regional_septage_facility,,,NC,,Surry,,,Unknown,Unknown,Unknown,,,,https://edocs.deq.nc.gov/WaterResources/Search.aspx?dbid=0&searchcommand=%7B%5B%5D%3A%5BID%20%23%5D%3D%22WQ0009826%22%7D,,,WQ0009826,2026-06-13 02:20:02.366830+00:00,2026-06-13 02:20:02.366830+00:00
513c888e-e556-4577-8eb4-25cd4b18a73a,A Countywide Septic Tank & Services,private_regional_septage_facility,2250 Unicorn Drive,St. Pauls,NC,,Cumberland,34.864716409652,-78.898321742344,Yes,Unknown,Unknown,,,,,,,NCS-01054,2026-06-13 02:20:07.409760+00:00,2026-06-13 02:20:07.409760+00:00
5158545f-771c-4af8-81a0-63e23c0d4e49,Septic Pumping Service,private_regional_septage_facility,PO Box 327,Indian Trail,NC,,Union,,,Yes,Yes,Yes,,(704) 821-8001,,,,,NCS-00094,2026-06-13 02:20:14.798453+00:00,2026-06-13 02:20:14.798453+00:00
5174acdd-06c9-4a1e-9ad8-19cf41ed4570,Lexington Golf Club WWTP,potw_receiving_station,,,NC,,Davidson,,,Yes,Yes,Unknown,,,,https://edocs.deq.nc.gov/WaterResources/Search.aspx?dbid=0&searchcommand=%7B%5B%5D%3A%5BID%20%23%5D%3D%22WQ0023213%22%7D,,,WQ0023213,2026-06-13 02:20:02.366830+00:00,2026-06-13 02:20:02.366830+00:00
5180a34a-9a57-42fd-85c5-655f62f4623c,Town of Mocksville Class A Residuals Program,land_application_site,,,NC,,Davie,,,Unknown,Unknown,Unknown,,,,https://edocs.deq.nc.gov/WaterResources/Search.aspx?dbid=0&searchcommand=%7B%5B%5D%3A%5BID%20%23%5D%3D%22WQ0039552%22%7D,,,WQ0039552,2026-06-13 02:20:02.366830+00:00,2026-06-13 02:20:02.366830+00:00
519f7aa2-0c57-4357-ad21-2b411f78e198,Cheek Environmental,private_regional_septage_facility,7748 Lanes Mill Road,Bennett,NC,,Randolph,35.638086704306,-79.566846071426,Yes,Yes,Unknown,,(336) 736-0414,,,,,NCS-00319,2026-06-13 02:20:14.798453+00:00,2026-06-13 02:20:14.798453+00:00
51b0bad0-0e61-48bf-9f0f-f71d1245047a,Langston's Septic Tank Service,private_regional_septage_facility,111 Parker Road,Gates,NC,,Gates,36.478564126715,-76.752401864271,Yes,Yes,Unknown,,(252) 287-8612,,,,,NCS-00898,2026-06-13 02:20:07.409760+00:00,2026-06-13 02:20:07.409760+00:00
51b26976-9252-4a57-abb6-5dca10806b05,"Bryant & Lassiter Septic Tank Service, Inc.",private_regional_septage_facility,3047 N 35 Hwy,Woodland,NC,,Northampton,36.359010300818,-77.236835027983,Yes,Yes,Unknown,,(252) 587-4321,,,,,NCS-00009,2026-06-13 02:20:14.798453+00:00,2026-06-13 02:20:14.798453+00:00
51b52745-7944-413b-8afe-d44e6e3915cf,Calvin's Septic Cleaning Service,private_regional_septage_facility,PO Box 144,Enfield,NC,,Halifax,,,Yes,Yes,Yes,,(252) 445-4376,,,,,NCS-00219,2026-06-13 02:20:07.409760+00:00,2026-06-13 02:20:07.409760+00:00
51ceb81f-a332-42b1-843c-07e26c86c068,SABINE COUNTY CITIZENS COLLECTION STATION,transfer_station,147 INDUSTRIAL LOOP,HEMPHILL,TX,75948,SABINE,31.342238,-93.869337,Unknown,Unknown,Unknown,,,,,,,120205,2026-06-13 02:19:52.391210+00:00,2026-06-13 02:19:52.391210+00:00
520285b5-2686-43d9-954c-8e83953d7757,Lentz Septic Tank Service,private_regional_septage_facility,410 Lentz Road,Statesville,NC,,Iredell,35.911468994418,-80.859010295795,Yes,Yes,Unknown,,(704) 876-1834,,,,,NCS-00147,2026-06-13 02:20:14.798453+00:00,2026-06-13 02:20:14.798453+00:00
5203d272-2183-4a53-8d0d-55468416c48b,New Life II Rent-A-Jon & Jane,private_regional_septage_facility,704 Edmon Ct.,Winston-Salem,NC,,Forsyth,,,Yes,Unknown,Yes,,(336) 699-3868,,,,,NCS-01248,2026-06-13 02:20:07.409760+00:00,2026-06-13 02:20:07.409760+00:00
52108f99-f711-4f40-9b50-6cdf25c223e6,North Cove Steam Generation Plant CLRS,land_application_site,,,NC,,McDowell,,,Unknown,Unknown,Unknown,,,,https://edocs.deq.nc.gov/WaterResources/Search.aspx?dbid=0&searchcommand=%7B%5B%5D%3A%5BID%20%23%5D%3D%22WQ0001512%22%7D,,,WQ0001512,2026-06-13 02:20:02.366830+00:00,2026-06-13 02:20:02.366830+00:00
5258940a-0350-47d7-bff4-7872443207c6,KATY HOCKLEY RD,transfer_station,262023 STOCKDICK SCHOOL RD,KATY,TX,77493,Harris,29.84564,-95.84032,Unknown,Unknown,Unknown,,,,,110071943451,TXR1543UB,110017,2026-06-13 02:12:59.905922+00:00,2026-06-13 02:19:52.391210+00:00
52870c9d-4697-4cc5-b26a-afa0405237be,CITY OF LA FERIA TRANSFER STATION FACILITY,transfer_station,,,,,CAMERON,26.14,-97.83,Unknown,Unknown,Unknown,,,,,,,1999,2026-06-13 02:19:52.391210+00:00,2026-06-13 02:19:52.391210+00:00
52945f13-a00a-4619-b647-ad8b3c135388,RANSOM CANYON CITIZENS COLLECTION STATION,transfer_station,30 LEE KITCHENS DR,RANSOM CANYON,TX,79366,LUBBOCK,33.535875,-101.68011,Unknown,Unknown,Unknown,,,,,,,120072,2026-06-13 02:19:41.329224+00:00,2026-06-13 02:19:41.329224+00:00
52ad473d-36ef-4b0f-956d-c1fc9c57811a,HARDY ROAD TRANSFER STATION,transfer_station,18784 E HARDY RD,HOUSTON,TX,77073-3704,Harris,29.991146,-95.394707,Unknown,Unknown,Unknown,,,,,110034021733,TXR05Y289,1578,2026-06-13 02:12:17.996583+00:00,2026-06-13 02:19:52.391210+00:00
52d74522-129e-4d46-824b-07769d51ffe9,Pasquotank Industrial Park WWTF,private_regional_septage_facility,,,NC,,Pasquotank,,,Yes,Unknown,Unknown,,,,https://edocs.deq.nc.gov/WaterResources/Search.aspx?dbid=0&searchcommand=%7B%5B%5D%3A%5BID%20%23%5D%3D%22WQ0007507%22%7D,,,WQ0007507,2026-06-13 02:20:02.366830+00:00,2026-06-13 02:20:02.366830+00:00
53398cbd-ab2a-48c7-9fdb-8d353601d01c,STARR COUNTY TRANSFER STATION,transfer_station,,,,,STARR,26.430833,-98.829444,Unknown,Unknown,Unknown,,,,,,,40238,2026-06-13 02:19:52.391210+00:00,2026-06-13 02:19:52.391210+00:00
534761d6-6af0-4f83-be3f-e026339bb052,Clement Pappas WWTF,private_regional_septage_facility,,,NC,,Henderson,,,Unknown,Unknown,Unknown,,,,https://edocs.deq.nc.gov/WaterResources/Search.aspx?dbid=0&searchcommand=%7B%5B%5D%3A%5BID%20%23%5D%3D%22WQ0004797%22%7D,,,WQ0004797,2026-06-13 02:20:02.366830+00:00,2026-06-13 02:20:02.366830+00:00
53556800-a2ad-4920-873f-6a8e4e9d6ab6,Liquid Waste Inc.,private_regional_septage_facility,P.O.Box 19491,Charlotte,NC,,Mecklenburg,,,Unknown,Unknown,Unknown,,(980)237-4357,,,,,NCS-01514,2026-06-13 02:20:14.798453+00:00,2026-06-13 02:20:14.798453+00:00
53965011-d0e7-40d9-b6f8-9c213dd384de,Affordable Septic Services of NC LLC,private_regional_septage_facility,"11126 Revi Village Blvd., Apt. 108 Mailbox 44",Charlotte,NC,,Mecklenburg,,,Unknown,Unknown,Unknown,,864.-50.2315,,,,,NCS-01906,2026-06-13 02:20:14.798453+00:00,2026-06-13 02:20:14.798453+00:00
53efd718-25f6-4383-8340-2182b8d9e72f,CITY OF VICTORIA LANDFILL,anaerobic_digester,18545 FM 1686,VICTORIA,TX,77905-1828,Victoria,28.69465,-96.90594,Unknown,Unknown,Unknown,,,,,110007395121,TXR05GW62,1522B,2026-06-13 02:10:47.633927+00:00,2026-06-13 02:19:52.391210+00:00
540115a1-2422-4e7c-8a0f-95eb98f8d544,Smithfield Fresh Meats Corp. Class B Residuals Program,land_application_site,,,NC,,Bladen,,,Unknown,Unknown,Unknown,,,,https://edocs.deq.nc.gov/WaterResources/Search.aspx?dbid=0&searchcommand=%7B%5B%5D%3A%5BID%20%23%5D%3D%22WQ0014868%22%7D,,,WQ0014868,2026-06-13 02:20:02.366830+00:00,2026-06-13 02:20:02.366830+00:00
5423b121-e3ef-4944-b448-c93bca50dfb0,Darrin's Septic Service,private_regional_septage_facility,91 Carolina Vista,Robbinsville,NC,,Graham,35.413342563289,-83.709611076161,Yes,Unknown,Unknown,,(828) 735-0569,,,,,NCS-01338,2026-06-13 02:20:07.409760+00:00,2026-06-13 02:20:07.409760+00:00
54400350-02e6-4580-99f6-6e530b964732,Carolina Grease Trap,private_regional_septage_facility,3305 Venus Dr.,Durham,NC,,Durham,35.996112196275,-78.833117459215,Unknown,Yes,Unknown,,(919) 201-5474,,,,,NCS-01051,2026-06-13 02:20:07.409760+00:00,2026-06-13 02:20:07.409760+00:00
549a2b05-620c-4ae4-961e-328e28fab226,Town of Ahoskie Class B Residuals Program,land_application_site,,,NC,,Hertford,,,Unknown,Unknown,Unknown,,,,https://edocs.deq.nc.gov/WaterResources/Search.aspx?dbid=0&searchcommand=%7B%5B%5D%3A%5BID%20%23%5D%3D%22WQ0036706%22%7D,,,WQ0036706,2026-06-13 02:20:02.366830+00:00,2026-06-13 02:20:02.366830+00:00
54a1c3d3-5269-451a-8317-daf0e95d551c,Dumpster King,private_regional_septage_facility,PO Box 398,Coats,NC,,Johnston,,,Unknown,Unknown,Yes,,(919)669-7370,,,,,NCS-01780,2026-06-13 02:20:14.798453+00:00,2026-06-13 02:20:14.798453+00:00
54c4f4ae-1bca-4e79-8c66-cb27ddd28e0d,Driggers Septic Tank,private_regional_septage_facility,7096 Beane Road,Archdale,NC,,Randolph,35.915468925489,-79.911938619987,Yes,Unknown,Unknown,,(336) 434-6202,,,,,NCS-01253,2026-06-13 02:20:14.798453+00:00,2026-06-13 02:20:14.798453+00:00
54dae486-9297-4437-8799-add3946dfee5,WACO WOOD RECYCLING,composting_facility,130 DOSHER LN,WACO,TX,76712,MCLENNAN,31.566666,-97.283333,Unknown,Unknown,Unknown,,,,,,,100098,2026-06-13 02:19:52.391210+00:00,2026-06-13 02:19:52.391210+00:00
54fd9ceb-3769-49b9-b446-494e62aa2587,NATURAL SOIL SOLUTIONS LLC,composting_facility,,,,,HIDALGO,,,Unknown,Unknown,Unknown,,,,,,,100166,2026-06-13 02:19:52.391210+00:00,2026-06-13 02:19:52.391210+00:00
54ffa92e-627e-4893-af0f-dd1f64b81489,Albemarle Septic Service,private_regional_septage_facility,134 Belcross Road,Camden,NC,,Camden,36.343623725687,-76.149554020525,Yes,Yes,Unknown,,(252) 202-9969,,,,,NCS-00914,2026-06-13 02:20:07.409760+00:00,2026-06-13 02:20:07.409760+00:00
55565cbf-a232-4b97-a6ad-c94fd9fa40e4,CITY OF ROCK SPRINGS TRANSFER STATION,transfer_station,,,,,EDWARDS,30.023,-100.21333,Unknown,Unknown,Unknown,,,,,,,40057,2026-06-13 02:19:52.391210+00:00,2026-06-13 02:19:52.391210+00:00
55a425c6-2876-41c8-b224-237d220fd960,Sodbuster Septic Service,private_regional_septage_facility,1065 Oak Forest Road,Hayesville,NC,,Clay,35.037854161869,-83.793338970074,Yes,Unknown,Unknown,,(828) 361-3640,,,,,NCS-01462,2026-06-13 02:20:07.409760+00:00,2026-06-13 02:20:07.409760+00:00
55be0d67-66c0-4808-b324-ff1f0643dbd5,Oliver Environmental Services,private_regional_septage_facility,PO Box 291,Ruby,NC,,Anson,,,Unknown,Unknown,Unknown,,(843) 680-0815,,,,,NCS-01438,2026-06-13 02:20:07.409760+00:00,2026-06-13 02:20:07.409760+00:00
55c59a38-3b91-4573-ac62-ea68ccf14921,JMJ ORGANICS 2,composting_facility,5510 FM 1960 RD E,HUMBLE,TX,77346,HARRIS,29.997392,-95.190032,Unknown,Unknown,Unknown,,,,,,,100553,2026-06-13 02:19:52.391210+00:00,2026-06-13 02:19:52.391210+00:00
5602b424-5c15-4068-bd37-927d0a072acb,Cumberland Septic,private_regional_septage_facility,PO Box 35192,Fayetteville,NC,,Cumberland,,,Unknown,Unknown,Yes,,(910) 868-3830,,,,,NCS-00188,2026-06-13 02:20:07.409760+00:00,2026-06-13 02:20:07.409760+00:00
56164695-8876-4611-bf52-55aee6073428,FCC MATERIALS RECOVERY FACILITY HOUSTON,transfer_station,9172 LEY RD,HOUSTON,TX,77078,HARRIS,29.830049,-95.254055,Unknown,Unknown,Unknown,,,,,,,40297,2026-06-13 02:19:52.391210+00:00,2026-06-13 02:19:52.391210+00:00
56d65c34-bb90-4e36-9c59-6ca51afbd189,TEXAS ORGANIC ENTERPRISES,composting_facility,2617 NNE LOOP 323,TYLER,TX,75708-7351,Smith,32.363214,-95.267953,Unknown,Unknown,Unknown,,,,,110070375209,TXR05CF47,47066,2026-06-13 02:16:15.126632+00:00,2026-06-13 02:19:52.391210+00:00
56dace51-e8e0-4baf-977c-ebb7ecac115f,Town of Maggie Valley Class A Residuals Program,land_application_site,,,NC,,Haywood,,,Unknown,Unknown,Unknown,,,,https://edocs.deq.nc.gov/WaterResources/Search.aspx?dbid=0&searchcommand=%7B%5B%5D%3A%5BID%20%23%5D%3D%22WQ0010615%22%7D,,,WQ0010615,2026-06-13 02:20:02.366830+00:00,2026-06-13 02:20:02.366830+00:00
56f565b4-d57d-4027-98fa-04c4cfb4d493,TEXRX COMPOST,composting_facility,20707 OLD LAMM RD,ELMENDORF,TX,78112,BEXAR,29.210064,-98.406442,Unknown,Unknown,Unknown,,,,,,,47086,2026-06-13 02:19:52.391210+00:00,2026-06-13 02:19:52.391210+00:00
57268775-2339-4f85-b0f2-f76cf3c095ef,"Bragg Waste Services, Inc",private_regional_septage_facility,P.O. Box 160299,Boiling Springs,NC,,Polk,,,Yes,Yes,Yes,,(864) 809-1303,,,,,NCS-01567,2026-06-13 02:20:14.798453+00:00,2026-06-13 02:20:14.798453+00:00
574e2160-bd42-401a-bb1b-434d70c3f307,S & J Septic Pumping & Rent-A-Jon,private_regional_septage_facility,1900 Windy Ridge Rd,N. Wilkesboro,NC,,Wilkes,36.221637078538,-81.197745156134,Yes,Unknown,Yes,,(336) 670-2318,,,,,NCS-00872,2026-06-13 02:20:14.798453+00:00,2026-06-13 02:20:14.798453+00:00
579ca4ce-4c7e-4f8f-954e-797ebfa9bfd6,COLD SPRING COMPACTOR NO 1,transfer_station,141 FM 222 LOOP N,COLDSPRING,TX,77331,SAN JACINTO,30.607,-95.0896,Unknown,Unknown,Unknown,,,,,,,120052,2026-06-13 02:19:52.391210+00:00,2026-06-13 02:19:52.391210+00:00
57a242ec-0f18-4e56-8054-d81e448ee4d7,Warren County Transfer Station WWTF,private_regional_septage_facility,,,NC,,Warren,,,Unknown,Unknown,Unknown,,,,https://edocs.deq.nc.gov/WaterResources/Search.aspx?dbid=0&searchcommand=%7B%5B%5D%3A%5BID%20%23%5D%3D%22WQ0020926%22%7D,,,WQ0020926,2026-06-13 02:20:02.366830+00:00,2026-06-13 02:20:02.366830+00:00
57a5e213-0cc1-46f9-a5f7-95f59b3ec5fe,Camp Seafarer WWTF,private_regional_septage_facility,,,NC,,Pamlico,,,Unknown,Unknown,Unknown,,,,https://edocs.deq.nc.gov/WaterResources/Search.aspx?dbid=0&searchcommand=%7B%5B%5D%3A%5BID%20%23%5D%3D%22WQ0007144%22%7D,,,WQ0007144,2026-06-13 02:20:02.366830+00:00,2026-06-13 02:20:02.366830+00:00
57d3c5aa-1cd3-4801-97ab-c39e2d8f5c11,Town of Carolina Beach,private_regional_septage_facility,1121 N Lake Park Blvd,Carolina Beach,NC,,New Hanover,34.044271515374,-77.898101255753,Unknown,Unknown,Unknown,,(910) 458-2999,,,,,NCS-01006,2026-06-13 02:20:14.798453+00:00,2026-06-13 02:20:14.798453+00:00
57dab72f-80f6-4494-bced-6facd0fd9388,Comer Sanitary Service Inc,private_regional_septage_facility,PO Box 1083,Lexington,NC,,Davidson,,,Unknown,Unknown,Yes,,(336) 249-6920,,,,,NCS-00145,2026-06-13 02:20:07.409760+00:00,2026-06-13 02:20:07.409760+00:00
5801728b-5b36-45ba-877c-3ff76817e6b1,CITY OF GLENN HEIGHTS COLLECTION STATION,transfer_station,2118 S UHL RD,GLENN HEIGHTS,TX,75154,ELLIS,32.548723,-96.842156,Unknown,Unknown,Unknown,,,,,,,120168,2026-06-13 02:19:52.391210+00:00,2026-06-13 02:19:52.391210+00:00
580f146d-6bc1-4294-b441-3ce572ae8b4d,CITY OF PHARR PUBLIC WORKS,transfer_station,1015 E FERGUSON ST,PHARR,TX,78577,HIDALGO,26.210211,-98.169936,Unknown,Unknown,Unknown,,,,,,,120173,2026-06-13 02:19:52.391210+00:00,2026-06-13 02:19:52.391210+00:00
5842058c-0cf7-4daa-8825-521ddd6195a9,Full Service Septic,private_regional_septage_facility,430 Cooper Road,Salisbury,NC,,Rowan,35.622630713908,-80.59459735459,Unknown,Unknown,Unknown,,(704) 224-4199,,,,,NCS-01607,2026-06-13 02:20:14.798453+00:00,2026-06-13 02:20:14.798453+00:00
58d563f2-e3ab-4c44-a552-e9943feb3eb5,Sid's Septic Service,private_regional_septage_facility,PO Box 601,Bryson City,NC,,Swain,,,Yes,Unknown,Unknown,,(828) 488-3255,,,,,NCS-00040,2026-06-13 02:20:14.798453+00:00,2026-06-13 02:20:14.798453+00:00
591457d9-570f-4c4d-9b03-807ea076bcce,Mane Ingredients - Merry Hill WWTP,private_regional_septage_facility,,,NC,,Bertie,,,Unknown,Unknown,Unknown,,,,https://edocs.deq.nc.gov/WaterResources/Search.aspx?dbid=0&searchcommand=%7B%5B%5D%3A%5BID%20%23%5D%3D%22WQ0005910%22%7D,,,WQ0005910,2026-06-13 02:20:07.409760+00:00,2026-06-13 02:20:07.409760+00:00
592febfa-4ab2-4ba5-a232-ee6f7d7a8e92,Town of Pikeville WWTP,private_regional_septage_facility,,,NC,,Wayne,,,Unknown,Unknown,Unknown,,,,https://edocs.deq.nc.gov/WaterResources/Search.aspx?dbid=0&searchcommand=%7B%5B%5D%3A%5BID%20%23%5D%3D%22WQ0023934%22%7D,,,WQ0023934,2026-06-13 02:20:02.366830+00:00,2026-06-13 02:20:02.366830+00:00
5934a47f-8fdb-441a-91ef-6f0a9a638369,CITY OF BORGER TRANSFER STATION FACILITY,transfer_station,801 FLORIDA ST,BORGER,TX,,HUTCHINSON,35.67333,-101.37333,Unknown,Unknown,Unknown,,,,,,,40015,2026-06-13 02:19:41.329224+00:00,2026-06-13 02:19:41.329224+00:00
59cac9c0-5779-4ca1-802c-4c8a73dcb909,CITY OF LAMPASAS PUBLIC WORKS FACILITY,transfer_station,201 BROWN ST,LAMPASAS,TX,76550,LAMPASAS,31.07,-98.17,Unknown,Unknown,Unknown,,,,,,,120144,2026-06-13 02:19:52.391210+00:00,2026-06-13 02:19:52.391210+00:00
59d71544-5b96-4120-be4b-41b9fce7f3b8,PVI Enterprises,private_regional_septage_facility,PO Box 684,Tabor City,NC,,Columbus,,,Yes,Yes,Yes,,(910) 653-3672,,,,,NCS-00735,2026-06-13 02:20:07.409760+00:00,2026-06-13 02:20:07.409760+00:00
5a23810f-59c1-4b99-8ee6-178f0f175683,Currituck County Transfer Station,transfer_station,216 Airport Road,Maple,NC,27956,Currituck,36.396598,-76.011092,Unknown,Unknown,Unknown,,(252) 232-6072,,,,,2703T-TRANSFER-1996,2026-06-13 02:20:07.409760+00:00,2026-06-13 02:20:07.409760+00:00
5a397a0f-5db0-4123-a171-c0c366152b5f,TBK MATERICALS MULCH YARD EAST AUBREY,composting_facility,1385 RANCHETTE ROAD,AUBREY,TX,76227,DENTON,33.277835,-96.892685,Unknown,Unknown,Unknown,,,,,110071362293,TXR05FX63,100472,2026-06-13 02:16:07.600088+00:00,2026-06-13 02:19:52.391210+00:00
5a3e7e4b-1769-4855-a651-03f362e1094f,Parcel No. 15265 Federal Ln. SFR,private_regional_septage_facility,,,NC,,Hyde,,,Unknown,Unknown,Unknown,,,,https://edocs.deq.nc.gov/WaterResources/Search.aspx?dbid=0&searchcommand=%7B%5B%5D%3A%5BID%20%23%5D%3D%22WQ0029272%22%7D,,,WQ0029272,2026-06-13 02:20:07.409760+00:00,2026-06-13 02:20:07.409760+00:00
5a43d236-ce9a-4d05-a816-e8f27ed5daa4,"SISCO, LLC",private_regional_septage_facility,127 French Collins Rd,Conway,NC,,Brunswick,,,Unknown,Unknown,Unknown,,,,,,,NCS-01198,2026-06-13 02:20:07.409760+00:00,2026-06-13 02:20:07.409760+00:00
5a4ba082-8aa6-4ec5-a3c3-c72938601112,Septic Unlimited,private_regional_septage_facility,1723 Old Hollow Road,Walkertown,NC,,Stokes,36.183213636229,-80.200630591998,Unknown,Unknown,Unknown,,(336)409-3200,,,,,NCS-01817,2026-06-13 02:20:14.798453+00:00,2026-06-13 02:20:14.798453+00:00
5a5bf412-5b56-4d8f-9027-472a489964f9,CITY OF EL PASO CONFEDERATE CITIZEN COLLECTION STATION,transfer_station,3510 CONFEDERATE RD,EL PASO,TX,79936,EL PASO,31.794913,-106.289851,Unknown,Unknown,Unknown,,,,,,,120126,2026-06-13 02:19:52.391210+00:00,2026-06-13 02:19:52.391210+00:00
5ad074c2-fdfb-4c0f-82ed-fd9baac3744c,CITY OF MIDLAND MS4,transfer_station,300 N. LORAINE ST.,MIDLAND,TX,79702,Midland,32.0,-102.075,Unknown,Unknown,Unknown,,,,,110038372551,TXR040082,120065,2026-06-13 02:10:47.633927+00:00,2026-06-13 02:19:52.391210+00:00
5b00f15f-ce0b-45a8-a184-85694dcb0de7,Mikes Septic,private_regional_septage_facility,PO Box 968,Leicester,NC,,Madison,,,Yes,Unknown,Unknown,,(828) 775-1658,,,,,NCS-00027,2026-06-13 02:20:14.798453+00:00,2026-06-13 02:20:14.798453+00:00
5b1a55a8-7b05-4076-87d3-e9794a4ad5bb,CRSWMA Composting Facility,composting_facility,7400 Old U.S. Hwy 70 W.,New Bern,NC,28562,Craven,35.167481,-77.226471,Unknown,Unknown,Unknown,,(252) 633-1564,,,,,2511-COMPOST-2000,2026-06-13 02:20:07.409760+00:00,2026-06-13 02:20:07.409760+00:00
5b40e3c1-7ff8-4999-9f99-2b045f9ffb19,Town of West Jefferson Class B Residuals Program,land_application_site,,,NC,,Ashe,,,Unknown,Unknown,Unknown,,,,https://edocs.deq.nc.gov/WaterResources/Search.aspx?dbid=0&searchcommand=%7B%5B%5D%3A%5BID%20%23%5D%3D%22WQ0003992%22%7D,,,WQ0003992,2026-06-13 02:20:02.366830+00:00,2026-06-13 02:20:02.366830+00:00
5b48a64c-7ce0-4387-a997-81ea5030f58e,Corpening Creek WWTP,land_application_site,,,NC,,McDowell,,,Unknown,Unknown,Unknown,,,,https://edocs.deq.nc.gov/WaterResources/Search.aspx?dbid=0&searchcommand=%7B%5B%5D%3A%5BID%20%23%5D%3D%22WQ0003698%22%7D,,,WQ0003698,2026-06-13 02:20:02.366830+00:00,2026-06-13 02:20:02.366830+00:00
5b9fd6c1-df8c-44b1-82d7-f9ffb9850878,Mueller Septic Services,private_regional_septage_facility,1901 US 311 Hwy N,Walnut Cove,NC,,Stokes,36.318913117108,-80.109559999314,Yes,Unknown,Unknown,,(336) 362-5112,,,,,NCS-00817,2026-06-13 02:20:14.798453+00:00,2026-06-13 02:20:14.798453+00:00
5bb74134-0b94-42b7-9510-7357d489299e,CITY OF EL PASO PENDALE CCS,transfer_station,1034 PENDALE RD,EL PASO,TX,79907,EL PASO,31.726712,-106.319411,Unknown,Unknown,Unknown,,,,,,,120063,2026-06-13 02:19:52.391210+00:00,2026-06-13 02:19:52.391210+00:00
5bc255e3-a067-4311-9285-98626efffa3f,TOLEDO DISPOSAL SERVICES,transfer_station,2315 FAIRDALE RD,HEMPHILL,TX,75948,SABINE,31.213328,-93.701973,Unknown,Unknown,Unknown,,,,,,,110010,2026-06-13 02:19:52.391210+00:00,2026-06-13 02:19:52.391210+00:00
5c086a72-89e3-435b-8ff8-97d76795a765,Lake Norman State Park WWTF,private_regional_septage_facility,,,NC,,Iredell,,,Unknown,Unknown,Unknown,,,,https://edocs.deq.nc.gov/WaterResources/Search.aspx?dbid=0&searchcommand=%7B%5B%5D%3A%5BID%20%23%5D%3D%22WQ0020881%22%7D,,,WQ0020881,2026-06-13 02:20:02.366830+00:00,2026-06-13 02:20:02.366830+00:00
5c159efd-2bb8-4533-b9c4-0fec8f056a67,AUSTIN LIQUID WASTE PROCESSING FACILITY,private_regional_septage_facility,800 LINGER LN,AUSTIN,TX,78721-3650,TRAVIS,30.24962,-97.68094,Unknown,Unknown,Unknown,,,,,110070668836,TXRNEBI15,2367,2026-06-13 02:09:55.042677+00:00,2026-06-13 02:19:52.391210+00:00
5c27a600-b622-447c-8ce0-9e2b29637c01,"Raleigh, City of East Wake Transfer Station",transfer_station,820 Corporation Parkway,Raleigh,NC,27610,Wake,35.784693,-78.568524,Yes,Unknown,Yes,,(919) 856-5695,,,,,9233T-TRANSFER-2008,2026-06-13 02:20:07.409760+00:00,2026-06-13 02:20:07.409760+00:00
5c5926e2-965f-416a-b3f7-e9a15830fc7a,North Cary WRF,potw_receiving_station,,,NC,,Wake,,,Unknown,Unknown,Unknown,,,,https://edocs.deq.nc.gov/WaterResources/Search.aspx?dbid=0&searchcommand=%7B%5B%5D%3A%5BID%20%23%5D%3D%22WQ0017923%22%7D,,,WQ0017923,2026-06-13 02:20:07.409760+00:00,2026-06-13 02:20:07.409760+00:00
5cb9213a-a23b-47e9-a0b9-ae739aeabb56,United Site Services (Raleigh),private_regional_septage_facility,118 Flanders Road,Westborough,NC,,Wake,,,Yes,Yes,Yes,,(984) 297-5828,,,,,NCS-01510,2026-06-13 02:20:14.798453+00:00,2026-06-13 02:20:14.798453+00:00
5d37c446-5259-4f77-9a57-0e614c68c4c7,C & M Septic Inc.,private_regional_septage_facility,5431 US 117 S. Alt,Mt. Olive,NC,,Wayne,35.234292331401,-78.056570057757,Yes,Unknown,Unknown,,(919) 658-6109,,,,,NCS-01442,2026-06-13 02:20:14.798453+00:00,2026-06-13 02:20:14.798453+00:00
5d40765b-0f90-4fab-986d-ac20f3a65b2f,Pasquotank County Class A Residuals Program,land_application_site,,,NC,,Pasquotank,,,Unknown,Unknown,Unknown,,,,https://edocs.deq.nc.gov/WaterResources/Search.aspx?dbid=0&searchcommand=%7B%5B%5D%3A%5BID%20%23%5D%3D%22WQ0008008%22%7D,,,WQ0008008,2026-06-13 02:20:02.366830+00:00,2026-06-13 02:20:02.366830+00:00
5daf33dc-64a9-4234-9cab-ac049048f9cb,TESSMAN ROAD RNG PLANT,anaerobic_digester,7000 E IH 10,SAN ANTONIO,TX,78219,BEXAR,29.433333,-98.341666,Unknown,Unknown,Unknown,,,,,,,48050,2026-06-13 02:19:52.391210+00:00,2026-06-13 02:19:52.391210+00:00
5dd95b19-e4a6-4729-ac9a-c12a67b043e7,Cooke Rentals Inc.,private_regional_septage_facility,PO Box 1029,Denver,NC,,Catawba,,,Unknown,Unknown,Yes,,(704) 483-2722,,,,,NCS-01754,2026-06-13 02:20:07.409760+00:00,2026-06-13 02:20:07.409760+00:00
5df1a8a6-9055-4c9d-b4fb-0dfd55f8faa3,City of Lumberton Class B Residuals Program,land_application_site,,,NC,,Robeson,,,Unknown,Unknown,Unknown,,,,https://edocs.deq.nc.gov/WaterResources/Search.aspx?dbid=0&searchcommand=%7B%5B%5D%3A%5BID%20%23%5D%3D%22WQ0000672%22%7D,,,WQ0000672,2026-06-13 02:20:02.366830+00:00,2026-06-13 02:20:02.366830+00:00
5e31f422-108b-4a51-9dba-8fcb1da5fbdd,ELITE ENVIRONMENTAL TEXAS LLC,composting_facility,1290 FM 3126,LIVINGSTON,TX,77351,POLK,30.717853,-95.052912,Yes,Yes,Yes,,,,,,,100562,2026-06-13 02:19:52.391210+00:00,2026-06-13 02:19:52.391210+00:00
5e948a4b-6860-4054-aaca-2feaebb0da2c,A&B Portable Toilets LLC dba A&B Portable Toilets Inc,private_regional_septage_facility,2544 Alamance Church Rd,Greensboro,NC,,Guilford,35.999962573385,-79.677373089297,Unknown,Yes,Yes,,(336) 669-7338,,,,,NCS-01090,2026-06-13 02:20:07.409760+00:00,2026-06-13 02:20:07.409760+00:00
5e9d7f6e-05ab-4a6f-bb96-0c73e7166921,Tarboro Septic Tank NC LLC,private_regional_septage_facility,211 Barrington Drive,Tarboro,NC,,Edgecombe,35.92678114974,-77.612686209952,Yes,Yes,Unknown,,,,,,,NCS-01074,2026-06-13 02:20:07.409760+00:00,2026-06-13 02:20:07.409760+00:00
5eabcf80-f16a-43d4-9592-18828e379fd3,Forsyth Rooter Service Inc,private_regional_septage_facility,PO Box 24248,Winston Salem,NC,,Forsyth,,,Yes,Yes,Unknown,,(336) 768-8494,,,,,NCS-00776,2026-06-13 02:20:07.409760+00:00,2026-06-13 02:20:07.409760+00:00
5ebddb3b-8a08-4b3a-b629-c2cde31d4507,"Cooper Septic Tank Service, LLC",private_regional_septage_facility,PO Box 645,Wagram,NC,,Hoke,,,Yes,Unknown,Yes,,(910) 369-2713,,,,,NCS-00394,2026-06-13 02:20:14.798453+00:00,2026-06-13 02:20:14.798453+00:00
5eec1f4b-1860-417c-ac9c-33341cc3d9f9,TEMPLE RENEWABLE NATURAL GAS FACILTY,anaerobic_digester,706 LANDFILL RD,TEMPLE,TX,76501,BELL,31.0725,-97.3025,Unknown,Unknown,Unknown,,,,,,,48054,2026-06-13 02:19:52.391210+00:00,2026-06-13 02:19:52.391210+00:00
5ef64925-aaf9-4365-8450-854a27fec763,Southern Nash Septic Systems,private_regional_septage_facility,3661 W. Hornes Church Road,Bailey,NC,,Nash,35.81614002521,-78.057609358332,Yes,Unknown,Unknown,,(252) 235-8438,,,,,NCS-01536,2026-06-13 02:20:14.798453+00:00,2026-06-13 02:20:14.798453+00:00
5f359827-b276-4b45-9fd9-25d4b1e68d01,MONTE ALTO COLLECTION STATION,transfer_station,,,,,HIDALGO,,,Yes,Yes,Yes,,,,,,,120148,2026-06-13 02:19:52.391210+00:00,2026-06-13 02:19:52.391210+00:00
5f38efc8-adfa-4bf8-a599-28d95c899a23,PITTSBURG TRANSFER STATION FACILITY,transfer_station,,,,,CAMP,33.028055,-94.990277,Unknown,Unknown,Unknown,,,,,,,40174,2026-06-13 02:19:52.391210+00:00,2026-06-13 02:19:52.391210+00:00
5f4434d9-dc18-4921-9a72-d696d23f3d0d,Carolina Poultry Power - Wilson CUS,potw_receiving_station,,,NC,,Wilson,,,Unknown,Unknown,Unknown,,,,https://edocs.deq.nc.gov/WaterResources/Search.aspx?dbid=0&searchcommand=%7B%5B%5D%3A%5BID%20%23%5D%3D%22WQ0044259%22%7D,,,WQ0044259,2026-06-13 02:20:07.409760+00:00,2026-06-13 02:20:07.409760+00:00
5f462d4b-495d-420a-ba7f-c19803fc1816,Stone Park Court Transfer Station,transfer_station,148 Stone Park Court,Durham,NC,27409,Durham,35.950791,-78.855531,Unknown,Unknown,Yes,,(919) 596-1363,,,,,3214T-TRANSFER-2001,2026-06-13 02:20:07.409760+00:00,2026-06-13 02:20:07.409760+00:00
5f4d1df0-4973-4399-90d4-af5ead293493,WestRock Kraft Paper SDU,land_application_site,,,NC,,Northampton,,,Unknown,Unknown,Unknown,,,,https://edocs.deq.nc.gov/WaterResources/Search.aspx?dbid=0&searchcommand=%7B%5B%5D%3A%5BID%20%23%5D%3D%22WQ0000436%22%7D,,,WQ0000436,2026-06-13 02:20:02.366830+00:00,2026-06-13 02:20:02.366830+00:00
5f7318d7-19ed-47a4-8a00-5611932854ee,COVEL GARDENS LANDFILL,anaerobic_digester,8611 COVEL RD,SAN ANTONIO,TX,78252,BEXAR,29.341666,-98.661111,Unknown,Unknown,Unknown,,,,,,,2093B,2026-06-13 02:19:52.391210+00:00,2026-06-13 02:19:52.391210+00:00
5f8320ae-a5ab-4af6-b945-48d89aa1a0d8,Blue Ridge Preservation WWTP,private_regional_septage_facility,,,NC,,Watauga,,,Unknown,Unknown,Unknown,,,,https://edocs.deq.nc.gov/WaterResources/Search.aspx?dbid=0&searchcommand=%7B%5B%5D%3A%5BID%20%23%5D%3D%22WQ0010878%22%7D,,,WQ0010878,2026-06-13 02:20:02.366830+00:00,2026-06-13 02:20:02.366830+00:00
5f86977c-fdce-4f66-b7de-33125c2ceaa7,Town of Boone Class A Residuals Program,land_application_site,,,NC,,Watauga,,,Unknown,Unknown,Unknown,,,,https://edocs.deq.nc.gov/WaterResources/Search.aspx?dbid=0&searchcommand=%7B%5B%5D%3A%5BID%20%23%5D%3D%22WQ0013263%22%7D,,,WQ0013263,2026-06-13 02:20:02.366830+00:00,2026-06-13 02:20:02.366830+00:00
5f99dcda-b789-4b3d-93c2-d88f6267cec1,Emerson Waldorf School WWTF,private_regional_septage_facility,,,NC,,Orange,,,Unknown,Unknown,Unknown,,,,https://edocs.deq.nc.gov/WaterResources/Search.aspx?dbid=0&searchcommand=%7B%5B%5D%3A%5BID%20%23%5D%3D%22WQ0004508%22%7D,,,WQ0004508,2026-06-13 02:20:02.366830+00:00,2026-06-13 02:20:02.366830+00:00
5fba5867-58c1-405e-bc4d-57810abefdec,MURRELL TRANSFER STATION,transfer_station,23813 MURRELL,HOCKLEY,TX,77484,HARRIS,,,Unknown,Unknown,Unknown,,,,,,,110025,2026-06-13 02:19:52.391210+00:00,2026-06-13 02:19:52.391210+00:00
5fbba364-14db-4e2e-a631-f202f78de749,LIBERTY COUNTY CITIZENS COLLECTION STATION - DAYTON,transfer_station,29 PRIVATE ROAD 489,DAYTON,TX,77535,LIBERTY,29.969166,-94.940277,Unknown,Unknown,Unknown,,,,,,,120200,2026-06-13 02:19:52.391210+00:00,2026-06-13 02:19:52.391210+00:00
5fc0d4e3-cc53-41d4-a604-e4ab2183f2c4,EAGLE SANITATION,transfer_station,815 JACK SCHEFFER RD,TRINITY,TX,75862,TRINITY,30.961666,-95.353888,Unknown,Unknown,Unknown,,,,,,,110031,2026-06-13 02:19:52.391210+00:00,2026-06-13 02:19:52.391210+00:00
60519a48-e53a-49eb-a4ca-397eb666fb22,THELIN RECYCLING,composting_facility,5225 THELIN ST,FORT WORTH,TX,76115-4402,Tarrant,32.66873,-97.3308,Unknown,Unknown,Unknown,,,,,110038305795,TXR05V802,100108,2026-06-13 02:16:29.369329+00:00,2026-06-13 02:19:52.391210+00:00
605df781-cdae-44e7-8d41-8d1fbe3535cb,Antique Town Campground,private_regional_septage_facility,1385 Atkins Road,Cameron,NC,,Moore,35.288964149689,-79.23473774431,Unknown,Unknown,Unknown,,(910) 690-7972,,,,,NCS-01686,2026-06-13 02:20:14.798453+00:00,2026-06-13 02:20:14.798453+00:00
605eaab2-49a6-425a-8e4e-b09879c77794,Septic 911,private_regional_septage_facility,106 E. King Street Suite A,King,NC,,Stokes,36.281526094623,-80.358236142086,Yes,Unknown,Unknown,,(336) 985-7051,,,,,NCS-01502,2026-06-13 02:20:14.798453+00:00,2026-06-13 02:20:14.798453+00:00
60696dc0-a21f-45ec-89ee-7001bdd4f8eb,Appalachian Septic & Grading,private_regional_septage_facility,PO Box 26,East Flat Rock,NC,,Henderson,,,Unknown,Unknown,Unknown,,828.-32.8381,,,,,NCS-01865,2026-06-13 02:20:14.798453+00:00,2026-06-13 02:20:14.798453+00:00
607fefca-5737-4647-bf02-1f783c969088,CITY OF DALHART MSW LF TRANSFER STATION,transfer_station,,,,,DALLAM,36.10444,-102.5875,Unknown,Unknown,Unknown,,,,,,,40315,2026-06-13 02:19:41.329224+00:00,2026-06-13 02:19:41.329224+00:00
6081c282-d1e2-467e-b08a-0246d2d4e856,"Camp Tekoa, Inc",private_regional_septage_facility,PO Box 1793,Flat Rock,NC,,Henderson,,,Unknown,Unknown,Unknown,,(828) 329-3666,,,,,NCS-01312,2026-06-13 02:20:07.409760+00:00,2026-06-13 02:20:07.409760+00:00
608446e5-2b28-452c-9d94-03dbf11495b2,Coastal Protein,composting_facility,5825 Martin Road,Godwin,NC,28344,Sampson,35.173889,-78.61688,Unknown,Unknown,Unknown,,(910) 237-2576,,,,,8205-COMPOST-2015,2026-06-13 02:20:07.409760+00:00,2026-06-13 02:20:07.409760+00:00
608ff9f7-fbed-4834-bfb7-9cdb039864c0,EPS Septic and Grading,private_regional_septage_facility,385 Lucky Street,Marion,NC,,McDowell,35.674916945552,-82.032095762078,Yes,Unknown,Unknown,,(828) 803-8483,,,,,NCS-01744,2026-06-13 02:20:14.798453+00:00,2026-06-13 02:20:14.798453+00:00
6094b91c-995c-4ad0-a118-4c6db0bde7ee,MONT BELVIEU RECYCLING COLLECTION SITE,transfer_station,4027 1 2 PERRY AVE,MONT BELVIEU,TX,77580,CHAMBERS,29.843123,-94.844575,Unknown,Unknown,Unknown,,,,,,,120208,2026-06-13 02:19:52.391210+00:00,2026-06-13 02:19:52.391210+00:00
60b81bd4-8e49-4588-86d5-9efd52229190,City of Belmont DCAR,land_application_site,,,NC,,Gaston,,,Unknown,Unknown,Unknown,,,,https://edocs.deq.nc.gov/WaterResources/Search.aspx?dbid=0&searchcommand=%7B%5B%5D%3A%5BID%20%23%5D%3D%22WQ0019504%22%7D,,,WQ0019504,2026-06-13 02:20:02.366830+00:00,2026-06-13 02:20:02.366830+00:00
60e48696-7304-4bea-a621-aa721af747ac,Steele Creek Marina,private_regional_septage_facility,13001 NC 39 Hwy N,Henderson,NC,,Vance,36.519367192616,-78.409698767539,Yes,Unknown,Yes,,(252) 213-4401,,,,,NCS-01055,2026-06-13 02:20:14.798453+00:00,2026-06-13 02:20:14.798453+00:00
61139f3c-2810-42b3-9413-2ce7222e55a7,Anderson's Septic Tank Service,private_regional_septage_facility,2668 Wiles Ridge Road,Hays,NC,,Wilkes,36.274543557648,-81.06821050034,Yes,Yes,Unknown,,(336) 927-1878,,,,,NCS-01640,2026-06-13 02:20:14.798453+00:00,2026-06-13 02:20:14.798453+00:00
611467d4-5dc4-4c0d-a7ba-ad0a383c944e,Cruse Septic & Trailer MFG,private_regional_septage_facility,6399 Mount Pleasant Rd South,Concord,NC,,Cabarrus,35.329640529515,-80.465046163063,Yes,Unknown,Unknown,,(704)453-3437,,,,,NCS-01784,2026-06-13 02:20:07.409760+00:00,2026-06-13 02:20:07.409760+00:00
6150266d-deec-41eb-a7c0-9f35edfbb936,Oak Lane Elementary WWTF,private_regional_septage_facility,,,NC,,Person,,,Unknown,Unknown,Unknown,,,,https://edocs.deq.nc.gov/WaterResources/Search.aspx?dbid=0&searchcommand=%7B%5B%5D%3A%5BID%20%23%5D%3D%22WQ0004750%22%7D,,,WQ0004750,2026-06-13 02:20:02.366830+00:00,2026-06-13 02:20:02.366830+00:00
615a90a8-35e6-4886-80b8-c5bdd46f7aec,CITY OF FRISCO ENVIRONMENTAL SERVICES,transfer_station,6616 WALNUT ST,FRISCO,TX,75033,COLLIN,33.15343,-96.827377,Unknown,Unknown,Unknown,,,,,,,120174,2026-06-13 02:19:52.391210+00:00,2026-06-13 02:19:52.391210+00:00
61814785-b789-4dbc-bb60-ed11310e246a,Piedmont Septic Pumping,private_regional_septage_facility,1480 Clark Rd,Lillington,NC,,Harnett,35.339494503169,-78.914216330199,Yes,Unknown,Unknown,,(910) 257-7545,,,,,NCS-01531,2026-06-13 02:20:07.409760+00:00,2026-06-13 02:20:07.409760+00:00
619d20c0-165d-4ef8-9ae7-9a0d0be963b9,CITY OF IDALOU CITIZENS COLLECTION STATION,transfer_station,200 MAIN ST,IDALOU,TX,79329,LUBBOCK,33.66555,-101.680427,Unknown,Unknown,Unknown,,,,,,,120037,2026-06-13 02:19:41.329224+00:00,2026-06-13 02:19:41.329224+00:00
61a257f3-e44f-4697-8048-3d51ddf13345,Trinity Creek - Phase 3A RWDL,potw_receiving_station,,,NC,,Wake,,,Unknown,Unknown,Unknown,,,,https://edocs.deq.nc.gov/WaterResources/Search.aspx?dbid=0&searchcommand=%7B%5B%5D%3A%5BID%20%23%5D%3D%22WQ0040584%22%7D,,,WQ0040584,2026-06-13 02:20:07.409760+00:00,2026-06-13 02:20:07.409760+00:00
61c79014-1c11-4117-abf5-460c7185dcf9,Lattisville Grove Missionary Baptist Church WWTF,private_regional_septage_facility,,,NC,,Orange,,,Unknown,Unknown,Unknown,,,,https://edocs.deq.nc.gov/WaterResources/Search.aspx?dbid=0&searchcommand=%7B%5B%5D%3A%5BID%20%23%5D%3D%22WQ0022785%22%7D,,,WQ0022785,2026-06-13 02:20:02.366830+00:00,2026-06-13 02:20:02.366830+00:00
61cdc932-2b05-4160-a291-7bec1e60aa2e,City of Asheboro Class B Residuals Program,land_application_site,,,NC,,Randolph,,,Unknown,Unknown,Unknown,,,,https://edocs.deq.nc.gov/WaterResources/Search.aspx?dbid=0&searchcommand=%7B%5B%5D%3A%5BID%20%23%5D%3D%22WQ0001684%22%7D,,,WQ0001684,2026-06-13 02:20:02.366830+00:00,2026-06-13 02:20:02.366830+00:00
61d7bc12-ffef-41ad-bf7d-ac2549506d49,Orbit Energy Anaerobic Digester Charlotte,composting_facility,600 Johnson Road,Charlotte,NC,28206,Mecklenburg,35.264043,-80.810621,Unknown,Unknown,Unknown,,(224) 500-7712,,,,,6033-AD-COMPOST-2015,2026-06-13 02:20:07.409760+00:00,2026-06-13 02:20:07.409760+00:00
61eb17fd-913f-40ba-bf1e-9655a9cb2410,General Maintenance Inc,private_regional_septage_facility,1445 Garretts Island Rd,Plymouth,NC,,Washington,35.846853287882,-76.707136060487,Unknown,No,Unknown,,(252) 793-2770,,,,,NCS-00823,2026-06-13 02:20:14.798453+00:00,2026-06-13 02:20:14.798453+00:00
61f27476-adaf-45a0-a031-64cafbbcd1d4,TAP INC DBA BIG K ENVIRONMENTAL,private_regional_septage_facility,423 LITTLE YORK RD,HOUSTON,TX,77076,HARRIS,29.8697,-95.3763,Yes,Yes,Yes,,,,,,,2350,2026-06-13 02:19:52.391210+00:00,2026-06-13 02:19:52.391210+00:00
61fbfbc9-090c-4813-bb2b-85659d0bb7d7,Sparrowpoint.com Septic Service,private_regional_septage_facility,1343 Clearwater Lake Rd,Chapel Hill,NC,,Orange,35.860367220883,-79.047945461855,Unknown,Unknown,Unknown,,(984)234-9494,,,,,NCS-01797,2026-06-13 02:20:14.798453+00:00,2026-06-13 02:20:14.798453+00:00
6264b2dc-19f5-4a79-b397-6ab968cebd91,HENRIETTA CITIZENS COLLECTION STATION,transfer_station,,,,,CLAY,,,Unknown,Unknown,Unknown,,,,,,,120038,2026-06-13 02:19:41.329224+00:00,2026-06-13 02:19:41.329224+00:00
6274e046-2e46-41f5-b936-b153e580cd50,Town of Seaboard WWTP,private_regional_septage_facility,,,NC,,Northampton,,,Unknown,Unknown,Unknown,,,,https://edocs.deq.nc.gov/WaterResources/Search.aspx?dbid=0&searchcommand=%7B%5B%5D%3A%5BID%20%23%5D%3D%22WQ0003299%22%7D,,,WQ0003299,2026-06-13 02:20:02.366830+00:00,2026-06-13 02:20:02.366830+00:00
62a6cf0b-fcff-460e-9427-814864584f1f,SMITH POINT CITIZENS COLLECTION STATION,transfer_station,806 PLUMMER CAMP RD,ANAHUAC,TX,77514,CHAMBERS,29.69,-94.68,Unknown,Unknown,Unknown,,,,,,,120028,2026-06-13 02:19:52.391210+00:00,2026-06-13 02:19:52.391210+00:00
62aac480-5951-41b3-9dc2-52a19e4a6a2f,Garbage Pal,private_regional_septage_facility,145 Brickton Drive,Fletcher,NC,,Buncombe,35.409737243119,-82.506140661031,Yes,Unknown,Yes,,(828) 280-8868,,,,,NCS-01459,2026-06-13 02:20:07.409760+00:00,2026-06-13 02:20:07.409760+00:00
62d84d86-f8ce-4299-8648-72acc9aef346,9515 Walnut Grove Church Rd.,private_regional_septage_facility,,,NC,,Orange,,,Unknown,Unknown,Unknown,,,,https://edocs.deq.nc.gov/WaterResources/Search.aspx?dbid=0&searchcommand=%7B%5B%5D%3A%5BID%20%23%5D%3D%22WQ0022021%22%7D,,,WQ0022021,2026-06-13 02:20:02.366830+00:00,2026-06-13 02:20:02.366830+00:00
62f32611-f1ae-4d2c-bd75-2803797378de,A To Z Septic Service,private_regional_septage_facility,3187 S Eagle Ridge Dr,Rocky Mount,NC,,Nash,36.012582233496,-77.880101417415,Unknown,Unknown,Unknown,,(252)-428-7979,,,,,NCS-01843,2026-06-13 02:20:14.798453+00:00,2026-06-13 02:20:14.798453+00:00
63055866-7f14-425b-801c-e46798ecefe0,"A & D Environmental Service, Inc.",private_regional_septage_facility,2718 Uwharrie Road,Archdale,NC,,Randolph,35.920919295188,-80.008489039662,Unknown,Unknown,Unknown,,(336) 434-7750,,,,,NCS-01162,2026-06-13 02:20:14.798453+00:00,2026-06-13 02:20:14.798453+00:00
632509aa-6647-4776-99ba-91b902ea4bff,Pilgrim's Pride - Sanford Class A Residuals Program,land_application_site,,,NC,,Lee,,,Unknown,Unknown,Unknown,,,,https://edocs.deq.nc.gov/WaterResources/Search.aspx?dbid=0&searchcommand=%7B%5B%5D%3A%5BID%20%23%5D%3D%22WQ0028653%22%7D,,,WQ0028653,2026-06-13 02:20:02.366830+00:00,2026-06-13 02:20:02.366830+00:00
632adfe4-eeab-42df-ba11-f30503292a75,ORGANICS BY GOSH COMPOSTING FACILITY 3,composting_facility,2040 FM 969,ELGIN,TX,78621-6102,BASTROP,30.21914,-97.45164,Unknown,Unknown,Unknown,,,,,110070708407,TXR1566BT,47068,2026-06-13 02:14:15.584891+00:00,2026-06-13 02:19:52.391210+00:00
63391609-95d3-4bf0-b7e3-050b9c529daf,Northeastern Inc,private_regional_septage_facility,PO Box 1785,Elizabeth City,NC,,Pasquotank,,,Yes,Unknown,Unknown,,(252) 339-2348,,,,,NCS-01720,2026-06-13 02:20:14.798453+00:00,2026-06-13 02:20:14.798453+00:00
6343032e-9162-4e88-8bb5-303d5acbe454,Waste Man. - Lee Co. Transfer Station,transfer_station,2740 Wilkins Drive,Sanford,NC,27330,Lee,35.480645,-79.201633,Unknown,Unknown,Unknown,,(919) 842-7966,,,,,5304T-TRANSFER-1993,2026-06-13 02:20:07.409760+00:00,2026-06-13 02:20:07.409760+00:00
63553674-790f-4743-985d-8d160db90f22,A & W Septic & Porta John,private_regional_septage_facility,266 Flat Creek Road,Black Mountain,NC,,Buncombe,35.629726985475,-82.315143607512,Unknown,Unknown,Unknown,,,,,,,NCS-01035,2026-06-13 02:20:07.409760+00:00,2026-06-13 02:20:07.409760+00:00
63d27593-7ff6-415a-9c67-374c355ba915,City of Albemarle Class B Residuals Program,land_application_site,,,NC,,Stanly,,,Unknown,Unknown,Unknown,,,,https://edocs.deq.nc.gov/WaterResources/Search.aspx?dbid=0&searchcommand=%7B%5B%5D%3A%5BID%20%23%5D%3D%22WQ0002616%22%7D,,,WQ0002616,2026-06-13 02:20:02.366830+00:00,2026-06-13 02:20:02.366830+00:00
63fbd05b-2841-49f4-826f-3af1fd472c5f,Griffin Waste Services,private_regional_septage_facility,432 Old Leicester Hwy,Asheville,NC,,Buncombe,35.630211056408,-82.619056967137,Unknown,Unknown,Yes,,(828) 281-4549,,,,,NCS-01523,2026-06-13 02:20:07.409760+00:00,2026-06-13 02:20:07.409760+00:00
642ee33a-7f80-4bc0-9161-05403b34d7c1,Boone Rent-All,private_regional_septage_facility,PO Box 1816,Boone,NC,,Watauga,,,Unknown,Unknown,Yes,,(828) 264-5000,,,,,NCS-00015,2026-06-13 02:20:14.798453+00:00,2026-06-13 02:20:14.798453+00:00
6483a92c-e425-4e97-ad58-2c534077095c,CITY OF CLEBURNE TRANSFER STATION FACILITY,transfer_station,2625 PIPELINE RD,CLEBURNE,TX,76031,JOHNSON,,,Unknown,Unknown,Unknown,,,,,,,40168,2026-06-13 02:19:41.329224+00:00,2026-06-13 02:19:41.329224+00:00
64c9f2c1-2602-427e-b7bd-940600c0da1e,A & R Septic Service LLC,private_regional_septage_facility,2529 Shelton Ave.,Hudson,NC,,Caldwell,35.872874040885,-81.474093243176,Yes,Unknown,Unknown,,(828) 499-1457,,,,,NCS-01426,2026-06-13 02:20:07.409760+00:00,2026-06-13 02:20:07.409760+00:00
64e1c273-0764-4d31-8e7c-1f62a0248b4e,Bass Services,private_regional_septage_facility,PO Box 21,Hertford,NC,,Perquimans,,,Yes,Unknown,Yes,,(252) 426-1897,,,,,NCS-00822,2026-06-13 02:20:14.798453+00:00,2026-06-13 02:20:14.798453+00:00
6545df77-e5cb-4705-88ef-d67d22b91a21,Surry Port A John,private_regional_septage_facility,625 S. Key Street,Pilot Mountain,NC,,Surry,36.380175401408,-80.477243088725,Unknown,No,Yes,,(336) 789-6052,,,,,NCS-01551,2026-06-13 02:20:14.798453+00:00,2026-06-13 02:20:14.798453+00:00
65760fe1-f14d-4535-9625-c0ae20331645,Ray's Septic Service,private_regional_septage_facility,1142 Gould Road,Jacksonville,NC,,Onslow,34.746391973479,-77.492584892091,Yes,Yes,Unknown,,(910) 347-7867,,,,,NCS-00038,2026-06-13 02:20:14.798453+00:00,2026-06-13 02:20:14.798453+00:00
659fe883-52e6-4655-937c-b8098cd51e1f,PETROLIA CONVENINCE CENTER,transfer_station,109 S CENTRAL AVE,PETROLIA,TX,76377,CLAY,,,Unknown,Unknown,Unknown,,,,,,,120021,2026-06-13 02:19:41.329224+00:00,2026-06-13 02:19:41.329224+00:00
65c532cd-5329-4035-b121-e56ef9818cc7,GREEN ARROW TRANSFER,private_regional_septage_facility,603 W 17TH ST,HOUSTON,TX,77008,HARRIS,29.245833,-95.245833,Unknown,Unknown,Unknown,,,,,,,40197,2026-06-13 02:19:52.391210+00:00,2026-06-13 02:19:52.391210+00:00
65ff70da-4258-44a7-9ff8-b03a79b8fd0b,NC State University Compost Facility & Research Cooperative,composting_facility,Inwood Road,Raleigh,NC,27603,Wake,35.725821,-78.668521,Unknown,Unknown,Unknown,,(919) 628-2379,,,,,9235-COMPOST-2003,2026-06-13 02:20:07.409760+00:00,2026-06-13 02:20:07.409760+00:00
6641ed2c-e77a-4bad-ad9b-4d0821a987df,Good Old Boys Septic Pumping,private_regional_septage_facility,450 Queen Street,Hendersonville,NC,,Henderson,35.339105719263,-82.466170537227,Yes,Unknown,Unknown,,(828) 551-6318,,,,,NCS-01553,2026-06-13 02:20:14.798453+00:00,2026-06-13 02:20:14.798453+00:00
665d365c-59b8-437f-8924-1ca432a502a3,Forever Clean Portable Toilets Inc. (Wilmington),private_regional_septage_facility,116 West Academy St.,Fuquay Varina,NC,,Brunswick,35.584394522805,-78.800027080284,Unknown,Unknown,Yes,,919.-66.6207,,,,,NCS-01885,2026-06-13 02:20:07.409760+00:00,2026-06-13 02:20:07.409760+00:00
66839d9f-3a16-49c7-a505-b84875a67c46,Tarheel Sanitation Trailer Wash WWTF,private_regional_septage_facility,,,NC,,Bladen,,,Unknown,Unknown,Unknown,,,,https://edocs.deq.nc.gov/WaterResources/Search.aspx?dbid=0&searchcommand=%7B%5B%5D%3A%5BID%20%23%5D%3D%22WQ0011360%22%7D,,,WQ0011360,2026-06-13 02:20:02.366830+00:00,2026-06-13 02:20:02.366830+00:00
668fe52d-0823-4f06-8a91-febe5c1f78d4,Paradise Cove Marina,private_regional_septage_facility,1242 Paradise Shores Rd,Merritt,NC,,Pamlico,35.097379179463,-76.60632068793,Unknown,Unknown,Unknown,,(336) 554-3043,,,,,NCS-01262,2026-06-13 02:20:14.798453+00:00,2026-06-13 02:20:14.798453+00:00
66be9967-e1c7-4246-a83c-50b1c0644734,SUNSET PARK CITIZEN COLLECTION STATION AKA SUNRISE HILL,transfer_station,,,,,HIDALGO,,,Unknown,Unknown,Unknown,,,,,,,120145,2026-06-13 02:19:52.391210+00:00,2026-06-13 02:19:52.391210+00:00
66c0f0a6-ea53-4358-a347-bf70a76cad72,Clean Septic Tank Service,private_regional_septage_facility,1048 Jacks Trail,Hillsborough,NC,,Durham,,,Yes,Yes,Yes,,(919) 291-6412,,,,,NCS-00433,2026-06-13 02:20:07.409760+00:00,2026-06-13 02:20:07.409760+00:00
66cd0894-7a60-4e77-8e36-42822e3f7d19,ELLIS AD 1,composting_facility,,,,,ELLIS,30.570277,-97.068611,Unknown,Unknown,Unknown,,,,,,,100630,2026-06-13 02:19:52.391210+00:00,2026-06-13 02:19:52.391210+00:00
6709cde7-1e7c-4e8d-a4be-7af644a1878b,WHITTLESEY LANDSCAPE SUPPLIES & RECYCLING INC,composting_facility,,,,,TRAVIS,30.656944,-97.598611,Unknown,Unknown,Unknown,,,,,,,100152,2026-06-13 02:19:52.391210+00:00,2026-06-13 02:19:52.391210+00:00
6717df68-f9b9-4e45-8b2c-65b4d86e29ba,STS Complete Septic Service & Grading,private_regional_septage_facility,170 Butterfly Lane,Rockwell,NC,,Rowan,35.517482351922,-80.524773384658,Yes,Unknown,Unknown,,704.-42.0591,,,,,NCS-01878,2026-06-13 02:20:14.798453+00:00,2026-06-13 02:20:14.798453+00:00
677ae1a5-0a7f-49cd-bc50-264bf694bbf9,Town of Hillsborough DCAR,land_application_site,,,NC,,Orange,,,Unknown,Unknown,Unknown,,,,https://edocs.deq.nc.gov/WaterResources/Search.aspx?dbid=0&searchcommand=%7B%5B%5D%3A%5BID%20%23%5D%3D%22WQ0038580%22%7D,,,WQ0038580,2026-06-13 02:20:02.366830+00:00,2026-06-13 02:20:02.366830+00:00
677dd001-05ad-47f0-8fae-9aa9b9149435,ZincHouse Winery & Brewery WWTF,private_regional_septage_facility,,,NC,,Durham,,,Unknown,Unknown,Unknown,,,,https://edocs.deq.nc.gov/WaterResources/Search.aspx?dbid=0&searchcommand=%7B%5B%5D%3A%5BID%20%23%5D%3D%22WQ0040186%22%7D,,,WQ0040186,2026-06-13 02:20:07.409760+00:00,2026-06-13 02:20:07.409760+00:00
679c09e2-692d-4749-a4e6-818897324384,DARLING INGREDIENTS Â€“ GASTONIA DIVISION,private_regional_septage_facility,5533 YORK HWY,GASTONIA,NC,28052,Gaston,35.16816,-81.19517,Yes,Yes,Unknown,,(704) 864-9941,,,110071643702,NCG081049,NCS-00876,2026-06-13 02:18:13.132699+00:00,2026-06-13 02:20:07.409760+00:00
67b1e05d-7c05-477f-9140-f632f62a24b1,Wilson Septic Services LLC,private_regional_septage_facility,3028 Pearidge Road,Bostic,NC,,Rutherford,35.431697230363,-81.857971381278,Unknown,Unknown,Unknown,,(828) 447-5610,,,,,NCS-01724,2026-06-13 02:20:14.798453+00:00,2026-06-13 02:20:14.798453+00:00
67bdb588-8935-4a21-8a6f-0ef5b2d022a5,Victory Septic Solutions,private_regional_septage_facility,186 EF Cottrell Rd,Louisburg,NC,,Franklin,36.063983451481,-78.311364218003,Yes,Yes,Unknown,,(919) 818-4342,,,,,NCS-01317,2026-06-13 02:20:07.409760+00:00,2026-06-13 02:20:07.409760+00:00
67cdb059-1adb-415d-937f-1b6d1c3d914c,CITY OF KINGSVILLE CITIZENS COLLECTION STATION,transfer_station,,,,,KLEBERG,27.526944,-97.866666,Unknown,Unknown,Unknown,,,,,,,120081,2026-06-13 02:19:52.391210+00:00,2026-06-13 02:19:52.391210+00:00
67d38603-7b96-4bca-aef4-c442e90ba0d8,Blake Farms Residuals Land Application Program,land_application_site,,,NC,,Onslow,,,Unknown,Unknown,Unknown,,,,https://edocs.deq.nc.gov/WaterResources/Search.aspx?dbid=0&searchcommand=%7B%5B%5D%3A%5BID%20%23%5D%3D%22WQ0012492%22%7D,,,WQ0012492,2026-06-13 02:20:02.366830+00:00,2026-06-13 02:20:02.366830+00:00
67da970a-fed4-4410-b79b-470bd916e156,Rockbridge WWTP,potw_receiving_station,,,NC,,Wake,,,Unknown,Unknown,Unknown,,,,https://edocs.deq.nc.gov/WaterResources/Search.aspx?dbid=0&searchcommand=%7B%5B%5D%3A%5BID%20%23%5D%3D%22WQ0024320%22%7D,,,WQ0024320,2026-06-13 02:20:02.366830+00:00,2026-06-13 02:20:02.366830+00:00
67f93c54-5a02-4215-836c-1a55c4e3f102,Sand Bar Septic,private_regional_septage_facility,175 Worth Guard Road,Coinjock,NC,,Currituck,36.347020760019,-75.955296483808,Unknown,Unknown,Unknown,,252.-48.5567,,,,,NCS-01916,2026-06-13 02:20:07.409760+00:00,2026-06-13 02:20:07.409760+00:00
67fb2562-453a-43f5-b50b-5be250befe48,Suttle Septic Solutions,private_regional_septage_facility,451 Ned McGimsey Rd,Nebo,NC,,McDowell,35.723309755994,-81.934962387692,Yes,Unknown,Unknown,,(828)559-5999,,,,,NCS-01855,2026-06-13 02:20:14.798453+00:00,2026-06-13 02:20:14.798453+00:00
6817d022-a6fd-4e8b-84fc-f8d4e2db3ca6,Country Inn Kennel and Cattery WWTF,private_regional_septage_facility,,,NC,,Orange,,,Unknown,Unknown,Unknown,,,,https://edocs.deq.nc.gov/WaterResources/Search.aspx?dbid=0&searchcommand=%7B%5B%5D%3A%5BID%20%23%5D%3D%22WQ0035458%22%7D,,,WQ0035458,2026-06-13 02:20:02.366830+00:00,2026-06-13 02:20:02.366830+00:00
681f2e09-423b-41a3-a90c-3305aceaaf65,EJE Recycling Transfer Station,transfer_station,802 Recycling Lane,Greenville,NC,27834,Pitt,35.621304,-77.182935,Unknown,Unknown,Unknown,,(252) 752-8274,,,,,7406T-TRANSFER-2001,2026-06-13 02:20:07.409760+00:00,2026-06-13 02:20:07.409760+00:00
68239422-cf2d-4b58-977c-7eb6e54fd7ab,HOLMES ROAD TYPE V TRANSFER STATION,transfer_station,1800 HOLMES RD,HOUSTON,TX,77045,HARRIS,29.66611,-95.41056,Unknown,Unknown,Unknown,,,,,,,40274,2026-06-13 02:19:52.391210+00:00,2026-06-13 02:19:52.391210+00:00
6839b5bd-d9f6-4e81-b52e-4bf1ef426aa2,Consolidated Waste Services,private_regional_septage_facility,696 Riverside Drive,Asheville,NC,,Buncombe,35.605024856377,-82.577600821577,Unknown,Unknown,Yes,,832.-97.6169,,,,,NCS-01799,2026-06-13 02:20:07.409760+00:00,2026-06-13 02:20:07.409760+00:00
6846feb6-ea77-48ff-ad72-e4408e2816f7,TEXAS ORGANIC RECYCLERS COMPOST FACILITY,composting_facility,15620 JACOBSON RD,DEL VALLE,TX,78617,TRAVIS,30.72833,-97.14,Unknown,Unknown,Unknown,,,,,,,47012,2026-06-13 02:19:52.391210+00:00,2026-06-13 02:19:52.391210+00:00
685126c0-3b62-4abf-8e7a-88ac57590a85,EverSwing Septic Tank Service,private_regional_septage_facility,1218 Becks Church Rd,Lexington,NC,,Davidson,35.778385535632,-80.220848118274,Yes,Unknown,Unknown,,336.-35.7227,,,,,NCS-00844,2026-06-13 02:20:07.409760+00:00,2026-06-13 02:20:07.409760+00:00
6865fb29-43fd-4e9f-9c89-d4dd1e540844,THE GROUND UP HOUSTON,composting_facility,9945 WINDFERN RD,HOUSTON,TX,77064,HARRIS,29.8432,-95.44,Unknown,Unknown,Unknown,,,,,,,100068,2026-06-13 02:19:52.391210+00:00,2026-06-13 02:19:52.391210+00:00
68802fe5-44b5-4c5c-b56f-2fcad39f351f,Utley Creek WWTP Reclaimed Water System,potw_receiving_station,,,NC,,Wake,,,Unknown,Unknown,Unknown,,,,https://edocs.deq.nc.gov/WaterResources/Search.aspx?dbid=0&searchcommand=%7B%5B%5D%3A%5BID%20%23%5D%3D%22WQ0032289%22%7D,,,WQ0032289,2026-06-13 02:20:02.366830+00:00,2026-06-13 02:20:02.366830+00:00
688d8866-1686-460e-9c47-2d22ef899f2e,BLM,private_regional_septage_facility,P.O. Box 40,New London,NC,,Stanly,,,Unknown,Unknown,Unknown,,,,,,,NCS-01072,2026-06-13 02:20:14.798453+00:00,2026-06-13 02:20:14.798453+00:00
68905228-ca42-4819-81d0-5acc649b83f7,City of Rocky Mount Class B Residuals Program,land_application_site,,,NC,,Edgecombe,,,Unknown,Unknown,Unknown,,,,https://edocs.deq.nc.gov/WaterResources/Search.aspx?dbid=0&searchcommand=%7B%5B%5D%3A%5BID%20%23%5D%3D%22WQ0005568%22%7D,,,WQ0005568,2026-06-13 02:20:02.366830+00:00,2026-06-13 02:20:02.366830+00:00
68a0d2ed-8a34-4c73-9713-87477f4b46b1,PJS BBQ,composting_facility,,,,,COLLIN,33.191372,-96.56459,Unknown,Unknown,Unknown,,,,,,,47025,2026-06-13 02:19:52.391210+00:00,2026-06-13 02:19:52.391210+00:00
68ab90a1-b131-48f0-94b7-bd767434301e,Waste Management of Wilmington,private_regional_septage_facility,3920 River Road,Wilmington,NC,,New Hanover,34.165077223772,-77.942984614864,Unknown,Unknown,Unknown,,(910) 915-9040,,,,,NCS-00121,2026-06-13 02:20:14.798453+00:00,2026-06-13 02:20:14.798453+00:00
68f94d11-ca3b-420c-8625-4b667e4875b5,The Conservancy at Jordan Lake WWTP,potw_receiving_station,,,NC,,Chatham,,,Unknown,Unknown,Unknown,,,,https://edocs.deq.nc.gov/WaterResources/Search.aspx?dbid=0&searchcommand=%7B%5B%5D%3A%5BID%20%23%5D%3D%22WQ0044604%22%7D,,,WQ0044604,2026-06-13 02:20:02.366830+00:00,2026-06-13 02:20:02.366830+00:00
6928a18a-9594-4c5f-99aa-5c5ee4d2b537,Columbus County Transfer Station,transfer_station,107 Landfill Road,Whiteville,NC,28472,Columbus,34.293921,-78.751705,Unknown,Unknown,Unknown,,(910) 770-3038,,,,,2403T-TRANSFER-1997,2026-06-13 02:20:07.409760+00:00,2026-06-13 02:20:07.409760+00:00
69303a18-5877-4051-b0e4-1cc9ab87a08f,"Ivey's Septic Tank Service, Inc.",private_regional_septage_facility,1122 Brookhollow Road,Efland,NC,,Orange,36.094846130504,-79.165347287758,Yes,Unknown,Unknown,,(919) 732-5592,,,,,NCS-00072,2026-06-13 02:20:14.798453+00:00,2026-06-13 02:20:14.798453+00:00
693815d9-837c-4fcb-8088-6a5bad1da090,Perdue Foods - Eagle Springs Hatchery WWTF,private_regional_septage_facility,,,NC,,Moore,,,Unknown,Unknown,Unknown,,,,https://edocs.deq.nc.gov/WaterResources/Search.aspx?dbid=0&searchcommand=%7B%5B%5D%3A%5BID%20%23%5D%3D%22WQ0002715%22%7D,,,WQ0002715,2026-06-13 02:20:02.366830+00:00,2026-06-13 02:20:02.366830+00:00
69760530-522e-4899-ad70-ba12c9390534,Bates Septic Tank & Concrete Products Co.,private_regional_septage_facility,65 Bates Crossing,Franklin,NC,,Macon,35.236819022632,-83.391347232841,Yes,Unknown,Unknown,,(828) 371-7060,,,,,NCS-00221,2026-06-13 02:20:14.798453+00:00,2026-06-13 02:20:14.798453+00:00
6a391878-7052-44cd-af2a-e09e29c55089,Full Circle Septic,private_regional_septage_facility,"381 Cleveland Crossing Dr, Suite 125",Garner,NC,,Johnston,35.605785114765,-78.555801101839,Unknown,Yes,Unknown,,(919) 359-9984,,,,,NCS-01719,2026-06-13 02:20:14.798453+00:00,2026-06-13 02:20:14.798453+00:00
6a44708e-08e5-4b18-a537-46ffc20a3a10,Coastal Septic Solutions,private_regional_septage_facility,7846 Shiloh Rd,Willard,NC,,Pender,34.598501676222,-78.115350210694,Yes,Unknown,Unknown,,(910) 271-2008,,,,,NCS-01455,2026-06-13 02:20:14.798453+00:00,2026-06-13 02:20:14.798453+00:00
6a7c98fc-f368-4805-9b3a-0612af8c9a51,Darling Ingredients,private_regional_septage_facility,PO Box 1026,Rose Hill,NC,,Duplin,,,,,,,(910) 305-0376,,,,,NCS-00301,2026-06-13 02:20:07.409760+00:00,2026-06-13 02:20:07.409760+00:00
6abe1bec-f4a5-4619-8772-fb1043d1136a,KSS Kimsey Septic Services LLC,private_regional_septage_facility,2732 Old Highway 64 West,Hayesville,NC,,Clay,35.011365957877,-83.865322741414,Yes,Unknown,Unknown,,(828) 557-0091,,,,,NCS-01765,2026-06-13 02:20:07.409760+00:00,2026-06-13 02:20:07.409760+00:00
6acd2332-6e63-4d4f-b766-baf455c6daed,Scott Septic Service,private_regional_septage_facility,4151 NC 705 Hwy,Robbins,NC,,Moore,35.465871116518,-79.62473171209,Yes,Yes,Unknown,,(910) 783-5688,,,,,NCS-01537,2026-06-13 02:20:14.798453+00:00,2026-06-13 02:20:14.798453+00:00
6adde2aa-9d3c-462a-93ed-f91a428bbc17,SARAGOSA SITE,transfer_station,,,,,REEVES,31.0275,-103.669722,Unknown,Unknown,Unknown,,,,,,,120039,2026-06-13 02:19:52.391210+00:00,2026-06-13 02:19:52.391210+00:00
6af86288-d77c-4150-837c-b8d61b0ac6f9,Carolina Septic Pro,private_regional_septage_facility,16115 Patterson Park Dr,Pineville,NC,,Mecklenburg,,,Yes,Unknown,Unknown,,(980) 500-1022,,,,,NCS-01439,2026-06-13 02:20:14.798453+00:00,2026-06-13 02:20:14.798453+00:00
6b112ca4-6611-44ec-8822-36035795d301,Third Creek SDU,land_application_site,,,NC,,Iredell,,,Unknown,Unknown,Unknown,,,,https://edocs.deq.nc.gov/WaterResources/Search.aspx?dbid=0&searchcommand=%7B%5B%5D%3A%5BID%20%23%5D%3D%22WQ0004040%22%7D,,,WQ0004040,2026-06-13 02:20:02.366830+00:00,2026-06-13 02:20:02.366830+00:00
6b1ab37d-1055-4e22-9146-bf87a411beff,CITY OF FORT WORTH OLD HEMPHILL DROP OFF STATION,transfer_station,6260 OLD HEMPHILL RD,FORT WORTH,TX,76134,TARRANT,32.65809,-97.32379,Unknown,Unknown,Unknown,,,,,,,120134,2026-06-13 02:19:52.391210+00:00,2026-06-13 02:19:52.391210+00:00
6b4d7d6a-23b3-4aed-a4bc-a2541e8174d5,Town of Weldon Class B Residuals Program,land_application_site,,,NC,,Halifax,,,Unknown,Unknown,Unknown,,,,https://edocs.deq.nc.gov/WaterResources/Search.aspx?dbid=0&searchcommand=%7B%5B%5D%3A%5BID%20%23%5D%3D%22WQ0002368%22%7D,,,WQ0002368,2026-06-13 02:20:02.366830+00:00,2026-06-13 02:20:02.366830+00:00
6b728f26-9e63-489d-b6a5-00328452777d,Roberts Septic Tank Cleaners,private_regional_septage_facility,431 South Cheatham Street,Franklinton,NC,,Franklin,36.098602549718,-78.463236372416,Yes,Unknown,Unknown,,(919) 494-2914,,,,,NCS-00347,2026-06-13 02:20:07.409760+00:00,2026-06-13 02:20:07.409760+00:00
6b85c2c0-7291-48dd-b210-d42da24bfa7e,Summerfield Shopping Center WWTF,private_regional_septage_facility,,,NC,,Guilford,,,Unknown,Unknown,Unknown,,,,https://edocs.deq.nc.gov/WaterResources/Search.aspx?dbid=0&searchcommand=%7B%5B%5D%3A%5BID%20%23%5D%3D%22WQ0013808%22%7D,,,WQ0013808,2026-06-13 02:20:02.366830+00:00,2026-06-13 02:20:02.366830+00:00
6b8f009e-ab07-443b-b1d0-e0a21cc0f4a1,Parcel No. 79888 Jack Bennett Rd. SFR,private_regional_septage_facility,,,NC,,Chatham,,,Unknown,Unknown,Unknown,,,,https://edocs.deq.nc.gov/WaterResources/Search.aspx?dbid=0&searchcommand=%7B%5B%5D%3A%5BID%20%23%5D%3D%22WQ0043910%22%7D,,,WQ0043910,2026-06-13 02:20:02.366830+00:00,2026-06-13 02:20:02.366830+00:00
6bb38f6c-703d-4c7c-80c5-628b604d8dbc,White Oak Trailer Wash WWTF,private_regional_septage_facility,,,NC,,Bladen,,,Unknown,Unknown,Unknown,,,,https://edocs.deq.nc.gov/WaterResources/Search.aspx?dbid=0&searchcommand=%7B%5B%5D%3A%5BID%20%23%5D%3D%22WQ0014091%22%7D,,,WQ0014091,2026-06-13 02:20:02.366830+00:00,2026-06-13 02:20:02.366830+00:00
6bdac685-8239-4ef2-b3a2-b99eb4d3e971,Lefler-Stuart,private_regional_septage_facility,#369 P.O. Box 31547,Charlotte,NC,,Mecklenburg,,,Yes,Unknown,Unknown,,,,,,,NCS-00761,2026-06-13 02:20:14.798453+00:00,2026-06-13 02:20:14.798453+00:00
6be35d98-4035-4f3d-bc63-003e631a0a88,South Charlotte Transfer Station,transfer_station,1710 Westinghouse Boulevard,Charlotte,NC,28214,Mecklenburg,35.1264,-80.9357,Unknown,Unknown,Unknown,,(717) 659-4544,,,,,6038-TRANSFER-2020,2026-06-13 02:20:07.409760+00:00,2026-06-13 02:20:07.409760+00:00
6c01d19f-0d7a-49c0-8b14-08ff2ee576d1,Kirby Septic Pumping,private_regional_septage_facility,7770 Atkins Rd,Mebane,NC,,Alamance,36.222571834199,-79.245008932483,Yes,Unknown,Unknown,,(336) 516-3181,,,,,NCS-01421,2026-06-13 02:20:07.409760+00:00,2026-06-13 02:20:07.409760+00:00
6c754bfc-5835-4510-99ea-2d109fedd29b,Jordan Lake Business Park Association WWTF,potw_receiving_station,,,NC,,Chatham,,,Unknown,Unknown,Unknown,,,,https://edocs.deq.nc.gov/WaterResources/Search.aspx?dbid=0&searchcommand=%7B%5B%5D%3A%5BID%20%23%5D%3D%22WQ0011777%22%7D,,,WQ0011777,2026-06-13 02:20:02.366830+00:00,2026-06-13 02:20:02.366830+00:00
6c945c0e-2662-4016-8d6e-d22fe30e9e8b,Thompson Enterprise of Burgaw,private_regional_septage_facility,1565 NC HWY 53 West,Burgaw,NC,,Pender,34.547048150091,-77.943288028465,Yes,Unknown,Unknown,,(910) 620-1010,,,,,NCS-01672,2026-06-13 02:20:14.798453+00:00,2026-06-13 02:20:14.798453+00:00
6cd0b1f8-5aad-4199-904e-2d1500eafd42,J BAR ENTERPRISES,transfer_station,8120 COUNTY ROAD 252,BERTRAM,TX,78605,BURNET,30.75593,-98.15561,Unknown,Unknown,Yes,,,,,,,110056,2026-06-13 02:19:52.391210+00:00,2026-06-13 02:19:52.391210+00:00
6cd42b1f-b515-4f5e-824d-c2e900f7c716,Town of Clayton RLAP,land_application_site,,,NC,,Johnston,,,Unknown,Unknown,Unknown,,,,https://edocs.deq.nc.gov/WaterResources/Search.aspx?dbid=0&searchcommand=%7B%5B%5D%3A%5BID%20%23%5D%3D%22WQ0023178%22%7D,,,WQ0023178,2026-06-13 02:20:02.366830+00:00,2026-06-13 02:20:02.366830+00:00
6cedc385-9a3c-4cc6-bf55-5d67e86b1a46,Anson County Class A Residuals Program,land_application_site,,,NC,,Anson,,,Unknown,Unknown,Unknown,,,,https://edocs.deq.nc.gov/WaterResources/Search.aspx?dbid=0&searchcommand=%7B%5B%5D%3A%5BID%20%23%5D%3D%22WQ0040413%22%7D,,,WQ0040413,2026-06-13 02:20:02.366830+00:00,2026-06-13 02:20:02.366830+00:00
6d13a978-cfee-489d-b2d4-d3ae5fc7d470,Lassiter's Septic Tank Service,private_regional_septage_facility,127 Askewville Bryant St,Windsor,NC,,Bertie,36.111205395336,-76.945104838218,Yes,Yes,Unknown,,(252) 794-5444,,,,,NCS-00906,2026-06-13 02:20:07.409760+00:00,2026-06-13 02:20:07.409760+00:00
6d188f5e-9341-4a7c-a722-2df012afd2a1,"Foothills Septic Service, LLC",private_regional_septage_facility,458 Ararat Road,Pilot Mountain,NC,,Surry,36.410390399341,-80.530223055396,Yes,Yes,Unknown,,(336) 403-7641,,,,,NCS-01620,2026-06-13 02:20:14.798453+00:00,2026-06-13 02:20:14.798453+00:00
6d2971c6-84d4-458e-b3ca-69c30abb190e,Brunswick County CDLF,composting_facility,172 Landfill Road NE,Bolivia,NC,28422,Brunswick,34.044051,-78.258381,Yes,No,Unknown,,(910) 253-6314,,,,,1007-CDLF-1997,2026-06-13 02:20:07.409760+00:00,2026-06-13 02:20:07.409760+00:00
6d7601d1-70be-426f-b013-e74fd29eaa83,"Greenway Waste Solutions of Apex, LLC",composting_facility,5940 Old Smithfield Road,Apex,NC,27502,Wake,35.685334,-78.848681,Yes,Yes,Unknown,,(704) 201-5944,,,,,9230-CDLF-2014,2026-06-13 02:20:07.409760+00:00,2026-06-13 02:20:07.409760+00:00
6d9c3f5c-3b73-4f87-946a-e02d5fb3c962,Panacea Biofuels,private_regional_septage_facility,341 Old Spartanburg Rd,Wellford,NC,,Polk,34.940706595079,-82.092084093524,Unknown,Unknown,Unknown,,,,,,,NCS-01160,2026-06-13 02:20:14.798453+00:00,2026-06-13 02:20:14.798453+00:00
6d9dff56-6d75-4d64-bca0-100ddbafdca0,Saint Thomas More Reclaimed Water System,potw_receiving_station,,,NC,,Orange,,,Unknown,Unknown,Unknown,,,,https://edocs.deq.nc.gov/WaterResources/Search.aspx?dbid=0&searchcommand=%7B%5B%5D%3A%5BID%20%23%5D%3D%22WQ0034817%22%7D,,,WQ0034817,2026-06-13 02:20:02.366830+00:00,2026-06-13 02:20:02.366830+00:00
6dc6ced1-0dc1-458a-9c8f-3d70f9cd1f3e,Asbury's Septic Tank Cleaning Service Inc.,private_regional_septage_facility,1511 Brentwood Pl,Morganton,NC,,Burke,35.762999901234,-81.819327729806,Yes,Unknown,Yes,,(828) 443-7104,,,,,NCS-00262,2026-06-13 02:20:07.409760+00:00,2026-06-13 02:20:07.409760+00:00
6dd2b020-958d-4e1c-b56f-4e44904ec2fa,FATTY CHEM BY PRODUCTS,composting_facility,39809 HWY 100,LOS FRESNOS,TX,78566,Cameron,26.06487,-97.38406,Unknown,Yes,Unknown,,,,,110071541440,TXR05GM57,47083,2026-06-13 02:11:43.714909+00:00,2026-06-13 02:19:52.391210+00:00
6e56c89f-99f8-4b3d-a83e-62d55fd98d2e,CITY OF EARTH CITIZENS COLLECTION STATION,transfer_station,,,,,LAMB,34.0688,-102.3526,Unknown,Unknown,Unknown,,,,,,,120046,2026-06-13 02:19:41.329224+00:00,2026-06-13 02:19:41.329224+00:00
6e5f8b0f-8b55-480b-a0ce-be6b4d5597a6,River Landing WWTP,potw_receiving_station,,,NC,,Duplin,,,Unknown,Unknown,Unknown,,,,https://edocs.deq.nc.gov/WaterResources/Search.aspx?dbid=0&searchcommand=%7B%5B%5D%3A%5BID%20%23%5D%3D%22WQ0014866%22%7D,,,WQ0014866,2026-06-13 02:20:02.366830+00:00,2026-06-13 02:20:02.366830+00:00
6eeafa0e-a1a6-40e0-8bc2-026b4f18ea6a,Mountain Septic Service,private_regional_septage_facility,252 Fox Ridge Circle,Franklin,NC,,Macon,35.173374810422,-83.364186625029,Yes,Unknown,Unknown,,(828) 342-5700,,,,,NCS-01194,2026-06-13 02:20:14.798453+00:00,2026-06-13 02:20:14.798453+00:00
6f6cca30-3db5-417d-9938-4cd2186e528b,Septic OPS,private_regional_septage_facility,1848 Independence Square,Kannapolis,NC,,Cabarrus,35.464684421726,-80.647894576307,Unknown,Unknown,Yes,,(980) 565-9107,,,,,NCS-01703,2026-06-13 02:20:07.409760+00:00,2026-06-13 02:20:07.409760+00:00
6f75c3f9-19f3-4874-89b1-fa90b90e6076,Howard Fertilizer Company DCAR,land_application_site,,,NC,,Out of State,,,Unknown,Unknown,Unknown,,,,https://edocs.deq.nc.gov/WaterResources/Search.aspx?dbid=0&searchcommand=%7B%5B%5D%3A%5BID%20%23%5D%3D%22WQ0037094%22%7D,,,WQ0037094,2026-06-13 02:20:02.366830+00:00,2026-06-13 02:20:02.366830+00:00
6fb78826-2b82-4bb4-9c64-7093f585315f,CITY OF CACTUS TRANSFER STATION FACILITY,transfer_station,900 CENTER DR,CACTUS,TX,79013,MOORE,35.8378,-101.8928,Yes,Yes,Unknown,,,,,,,40031,2026-06-13 02:19:41.329224+00:00,2026-06-13 02:19:41.329224+00:00
6fbc094c-324e-400e-a39a-b91c20230771,"Liquid Munn-E Port a John Service, LLC",private_regional_septage_facility,4213 Exchange Street,Little River,NC,,Brunswick,33.861229341259,-78.660555001292,Unknown,Unknown,Yes,,(843) 390-1130,,,,,NCS-01584,2026-06-13 02:20:07.409760+00:00,2026-06-13 02:20:07.409760+00:00
6ff5cc4e-92d9-4614-8895-f97fa3d35de0,Burke County Transfer Facility,transfer_station,2500 Marsh Trail,Morganton,NC,28655,Burke,35.787121,-81.643331,Unknown,Unknown,Unknown,,(828) 764-9062,,,,,1205T-TRANSFER-1998,2026-06-13 02:20:07.409760+00:00,2026-06-13 02:20:07.409760+00:00
709965cb-283e-488c-b8f0-23a56a3c86f0,Louisiana-Pacific - Roaring River Mill DCAR,land_application_site,,,NC,,Wilkes,,,Unknown,Unknown,Unknown,,,,https://edocs.deq.nc.gov/WaterResources/Search.aspx?dbid=0&searchcommand=%7B%5B%5D%3A%5BID%20%23%5D%3D%22WQ0000461%22%7D,,,WQ0000461,2026-06-13 02:20:02.366830+00:00,2026-06-13 02:20:02.366830+00:00
70a22b54-8927-450c-aebe-2bf064d2c61e,Rouse Septic Tank Service,private_regional_septage_facility,123 Pete Road,Newport,NC,,Carteret,34.733727662763,-76.87954372525,Yes,Unknown,Unknown,,(252) 726-6761,,,,,NCS-00207,2026-06-13 02:20:07.409760+00:00,2026-06-13 02:20:07.409760+00:00
70be1ac2-c46e-411c-853d-82f9e210d2e9,TDM Farms Truck Wash WWTF,private_regional_septage_facility,,,NC,,Sampson,,,Unknown,Unknown,Unknown,,,,https://edocs.deq.nc.gov/WaterResources/Search.aspx?dbid=0&searchcommand=%7B%5B%5D%3A%5BID%20%23%5D%3D%22WQ0015010%22%7D,,,WQ0015010,2026-06-13 02:20:07.409760+00:00,2026-06-13 02:20:07.409760+00:00
70da1050-cbad-4ba1-8930-48872bb675e2,2700 Transis Camp Rd. SFR (John A. Mason House),private_regional_septage_facility,,,NC,,Chatham,,,Unknown,Unknown,Unknown,,,,https://edocs.deq.nc.gov/WaterResources/Search.aspx?dbid=0&searchcommand=%7B%5B%5D%3A%5BID%20%23%5D%3D%22WQ0016174%22%7D,,,WQ0016174,2026-06-13 02:20:02.366830+00:00,2026-06-13 02:20:02.366830+00:00
70e8aa1a-c4d2-463c-b5b9-63e15cc7b85d,Watson's Septic Tank Cleaning Service,private_regional_septage_facility,PO Box 194,Enfield,NC,,Halifax,,,Yes,Unknown,Unknown,,(252) 445-2892,,,,,NCS-00175,2026-06-13 02:20:07.409760+00:00,2026-06-13 02:20:07.409760+00:00
70f65603-bbf0-424a-9e49-0f24a0555382,Abbey Green Transfer Station,transfer_station,5030 Overdale Rd,Winston-Salem,NC,27107,Forsyth,36.0317,-80.23386,Unknown,Unknown,Unknown,,(336) 287-8593,,,,,3424-TP-2010,2026-06-13 02:20:07.409760+00:00,2026-06-13 02:20:07.409760+00:00
7155dfa5-7435-4ad1-bfeb-f3dd8aacd2d6,SAN PATRICIO COUNTY ROAD & BRIDGE 4,transfer_station,3141 FM 3512,ARANSAS PASS,TX,78336,SAN PATRICIO,27.916666,-97.209444,Unknown,Unknown,Unknown,,,,,,,120139,2026-06-13 02:19:52.391210+00:00,2026-06-13 02:19:52.391210+00:00
716e0e69-353b-4110-af8f-4f1192ee3929,All American Septic,private_regional_septage_facility,5508 Watkins Rd,Wendell,NC,,Wake,35.849375791675,-78.469715167291,Yes,Yes,Unknown,,(919) 398-1045,,,,,NCS-01184,2026-06-13 02:20:14.798453+00:00,2026-06-13 02:20:14.798453+00:00
717a1554-b55a-4893-a744-ebc1ae367a72,Deep Run Transfer Station,transfer_station,2287 Leslie R. Stroud Road,Kinston,NC,28504,Lenoir,35.172231,-77.697407,Unknown,Unknown,Unknown,,(252) 291-6635,,,,,5408-TRANSFER-2014,2026-06-13 02:20:07.409760+00:00,2026-06-13 02:20:07.409760+00:00
719dfdf0-de95-446f-8a03-b4e7571d7206,Grimes Septic Tank Pumping,private_regional_septage_facility,1536 Richmond Hill Church Rd,Boonville,NC,,Yadkin,36.253802313769,-80.638592624195,Yes,Unknown,Unknown,,(336) 469-9710,,,,,NCS-00023,2026-06-13 02:20:14.798453+00:00,2026-06-13 02:20:14.798453+00:00
71ab219b-4fd1-4f35-aadc-d4cd0f132bb3,FORT BEND LANDFILL GAS TREATMENT FACILITY,anaerobic_digester,14115 DAVIS ESTATE RD,NEEDVILLE,TX,77461,FORT BEND,29.4,-95.7247,Unknown,Unknown,Unknown,,,,,,,48034,2026-06-13 02:19:52.391210+00:00,2026-06-13 02:19:52.391210+00:00
71b1da3e-5bcf-43c6-99fc-6159cd69582b,Hendersonville Portable Toilets,private_regional_septage_facility,139 Glenwood Rd,Hendersonville,NC,,Henderson,35.363088521518,-82.496645909901,Unknown,Unknown,Yes,,(828) 692-3438,,,,,NCS-00118,2026-06-13 02:20:07.409760+00:00,2026-06-13 02:20:07.409760+00:00
71ebff35-3a00-4585-94a8-bfc12fcaaa1e,Custom Quality Packers WWTF,private_regional_septage_facility,,,NC,,Nash,,,Unknown,Unknown,Unknown,,,,https://edocs.deq.nc.gov/WaterResources/Search.aspx?dbid=0&searchcommand=%7B%5B%5D%3A%5BID%20%23%5D%3D%22WQ0012901%22%7D,,,WQ0012901,2026-06-13 02:20:02.366830+00:00,2026-06-13 02:20:02.366830+00:00
724bc86c-31c1-4edf-a762-a52747eaa7ab,MESA PROCESSING LAREDO TRANSFER STATION FACILITY,private_regional_septage_facility,419 LOGAN AVE,LAREDO,TX,78040,WEBB,27.50083,-99.49133,Yes,Yes,Yes,,,,,,,40078,2026-06-13 02:19:52.391210+00:00,2026-06-13 02:19:52.391210+00:00
72662d18-9850-4f13-b9fe-02af23f12207,TRAVIS COUNTY TRANSFER STATION,transfer_station,4001 RANCH RD 620,AUSTIN,TX,78767,TRAVIS,30.3249,-97.7722,Unknown,Unknown,Unknown,,,,,,,119,2026-06-13 02:19:52.391210+00:00,2026-06-13 02:19:52.391210+00:00
72c490d1-6da2-4e19-92ed-645ad4bd7f35,CITY OF DALLAS TRANSFER STATION,transfer_station,7677 FAIR OAKS AVE,DALLAS,TX,75231-4601,Dallas,32.879546,-96.74999,Unknown,Unknown,Unknown,,,,,110034356239,TXRNEAW76,1453,2026-06-13 02:10:41.740925+00:00,2026-06-13 02:19:41.329224+00:00
72cbbd71-bfff-4a47-9f9d-6774fa38a142,North End Elementary WWTF,private_regional_septage_facility,,,NC,,Person,,,Unknown,Unknown,Unknown,,,,https://edocs.deq.nc.gov/WaterResources/Search.aspx?dbid=0&searchcommand=%7B%5B%5D%3A%5BID%20%23%5D%3D%22WQ0005150%22%7D,,,WQ0005150,2026-06-13 02:20:02.366830+00:00,2026-06-13 02:20:02.366830+00:00
72db6789-e703-4afb-81bf-dbacee5eb893,DWAYNE E WOODY DBA W W CATTLE COPY,composting_facility,6391 OLD AGNES RD,POOLVILLE,TX,76487,PARKER,32.883333,-97.75,Unknown,Unknown,Unknown,,,,,,,47026,2026-06-13 02:19:52.391210+00:00,2026-06-13 02:19:52.391210+00:00
72f6c561-e67a-4e34-94f6-11b7bf6f97b1,Sewer and Drain Medic,private_regional_septage_facility,2527 Clewis Rd.,Wilmington,NC,,New Hanover,34.294504316428,-77.839747293495,Yes,Unknown,Unknown,,(910) 520-1942,,,,,NCS-01158,2026-06-13 02:20:14.798453+00:00,2026-06-13 02:20:14.798453+00:00
72fd011b-e501-4d14-b716-ef4641f15c56,CITY OF LA JOYA LOW VOLUME TRANSFER STATION,transfer_station,,,,,HIDALGO,26.233909,-98.485598,Unknown,Unknown,Unknown,,,,,,,110047,2026-06-13 02:19:52.391210+00:00,2026-06-13 02:19:52.391210+00:00
7322c65b-731a-4ebb-ae61-83e8443cd017,Local Septic & Environmental Services LLC,private_regional_septage_facility,171 Triple I Dr.,Reidsville,NC,,Rockingham,36.332071118146,-79.761482841879,Yes,Unknown,Unknown,,(336) 613-7108,,,,,NCS-01609,2026-06-13 02:20:14.798453+00:00,2026-06-13 02:20:14.798453+00:00
7351bb08-31f3-4810-9686-21588bd5915f,Advanced Portable Toilets (Morehead City),private_regional_septage_facility,321 Jefferies Blvd,Rocky Mount,NC,,Carteret,35.987064180444,-77.792007551332,Unknown,Unknown,Yes,,(252) 443-3670,,,,,NCS-00977,2026-06-13 02:20:07.409760+00:00,2026-06-13 02:20:07.409760+00:00
735d3877-6ffe-408a-a159-00cce5c5952a,Shallotte WWTF,private_regional_septage_facility,,,NC,,Brunswick,,,Unknown,Unknown,Unknown,,,,https://edocs.deq.nc.gov/WaterResources/Search.aspx?dbid=0&searchcommand=%7B%5B%5D%3A%5BID%20%23%5D%3D%22WQ0000798%22%7D,,,WQ0000798,2026-06-13 02:20:02.366830+00:00,2026-06-13 02:20:02.366830+00:00
736e1cae-a28f-4dad-94ee-7d839fa07247,The Cottages of Boone WWTP,private_regional_septage_facility,,,NC,,Watauga,,,Unknown,Unknown,Unknown,,,,https://edocs.deq.nc.gov/WaterResources/Search.aspx?dbid=0&searchcommand=%7B%5B%5D%3A%5BID%20%23%5D%3D%22WQ0035784%22%7D,,,WQ0035784,2026-06-13 02:20:02.366830+00:00,2026-06-13 02:20:02.366830+00:00
737c0d83-fb77-482a-9f95-4445ad059537,"Elvis Service Co., Inc",private_regional_septage_facility,2200 Executive Ave,Myrtle Beach,NC,,Brunswick,33.703777412989,-78.899701544194,Yes,Yes,Yes,,(843) 448-5016,,,,,NCS-00128,2026-06-13 02:20:07.409760+00:00,2026-06-13 02:20:07.409760+00:00
73860de9-6bb4-4ccc-a1b4-513e98c9f883,DAVIS ROAD CITIZENS COLLECTION,transfer_station,6055 E DAVIS RD,EDINBURG,TX,78542,HIDALGO,26.351666,-98.089166,Unknown,Unknown,Unknown,,,,,,,120194,2026-06-13 02:19:52.391210+00:00,2026-06-13 02:19:52.391210+00:00
738c2237-113d-4f7b-8b0c-17b440b0def4,Simpson's Septic Tank Service,private_regional_septage_facility,540 S. Grove Street,Hendersonville,NC,,Henderson,35.310862781473,-82.454838227881,Yes,Unknown,Unknown,,(828) 697-7777,,,,,NCS-00342,2026-06-13 02:20:07.409760+00:00,2026-06-13 02:20:07.409760+00:00
73999174-0810-41e5-9696-afe765a550ba,Outhouse Portable Toilets,private_regional_septage_facility,P.O. Box 11,Pisgah Forest,NC,,Transylvania,,,Yes,Yes,Yes,,,,,,,NCS-00125,2026-06-13 02:20:14.798453+00:00,2026-06-13 02:20:14.798453+00:00
73c14755-9fe2-4463-9558-445d1d88bfdd,"All County Septic, LLC",private_regional_septage_facility,3058 Highway 24,Newport,NC,,Carteret,34.724846322952,-76.94090138605,Yes,No,Unknown,,(252) 241-4929,,,,,NCS-01261,2026-06-13 02:20:07.409760+00:00,2026-06-13 02:20:07.409760+00:00
73cb9fcc-ef7d-4e9c-8032-1d6927cd6410,Banks Plumbing & Septic,private_regional_septage_facility,3136 Old School Rd,Shelby,NC,,Cleveland,35.365689458805,-81.566662102236,Yes,Unknown,Unknown,,(704) 923-4844,,,,,NCS-01854,2026-06-13 02:20:07.409760+00:00,2026-06-13 02:20:07.409760+00:00
73d232e0-c157-4bf9-ae75-2270123d9c7c,POLK COUNTY CCS RICHARDSON RD,transfer_station,,,,,POLK,30.82,-94.86,Unknown,Unknown,Unknown,,,,,,,120104,2026-06-13 02:19:52.391210+00:00,2026-06-13 02:19:52.391210+00:00
73e33c7f-757c-4837-9d2e-326ecb5ec7b7,City of Belmont RLAP,land_application_site,,,NC,,Gaston,,,Unknown,Unknown,Unknown,,,,https://edocs.deq.nc.gov/WaterResources/Search.aspx?dbid=0&searchcommand=%7B%5B%5D%3A%5BID%20%23%5D%3D%22WQ0003281%22%7D,,,WQ0003281,2026-06-13 02:20:02.366830+00:00,2026-06-13 02:20:02.366830+00:00
73f0c88e-15d4-42bf-bfd5-ae0758faeebd,Bass Farms Sausage WWTF,private_regional_septage_facility,,,NC,,Nash,,,Unknown,Unknown,Unknown,,,,https://edocs.deq.nc.gov/WaterResources/Search.aspx?dbid=0&searchcommand=%7B%5B%5D%3A%5BID%20%23%5D%3D%22WQ0002004%22%7D,,,WQ0002004,2026-06-13 02:20:02.366830+00:00,2026-06-13 02:20:02.366830+00:00
7404a906-4aa8-43df-a17f-9f13089fd08f,E.F.L Septic Services,private_regional_septage_facility,245 Craven Lane,Carthage,NC,,Moore,35.290085948997,-79.312293469219,Unknown,Unknown,Unknown,,(910) 639-1712,,,,,NCS-01660,2026-06-13 02:20:14.798453+00:00,2026-06-13 02:20:14.798453+00:00
7411d710-9164-4ed4-9fd6-100fb02b9f45,Pearce Environmental Technologies,private_regional_septage_facility,P.O. Box 58,Rolesville,NC,,Wake,,,Unknown,Unknown,Unknown,,(919) 971-4599,,,,,NCS-01357,2026-06-13 02:20:14.798453+00:00,2026-06-13 02:20:14.798453+00:00
7430c968-32ab-478b-a086-2dbf09456c8b,Perquimans-Chowan-Gates Transfer,transfer_station,759 Perrys Bridge Road,Belvidere,NC,27919,Perquimans,36.308826,-76.545371,Unknown,Unknown,Unknown,,(252) 297-6524,,,,,7202T-TRANSFER-1995,2026-06-13 02:20:07.409760+00:00,2026-06-13 02:20:07.409760+00:00
743a570f-273a-48ed-b891-23e43bdf162f,Southern Port-A-John,private_regional_septage_facility,2597 Lamb Road,Garland,NC,,Sampson,34.796829501792,-78.368562374726,Unknown,Unknown,Unknown,,(910) 385-4957,,,,,NCS-01481,2026-06-13 02:20:14.798453+00:00,2026-06-13 02:20:14.798453+00:00
7494b017-ed68-44a2-9221-bd4b7aa75d51,MOCZGEMBA COMPOST,composting_facility,,,,,KARNES,28.83333,-98.16667,Unknown,Unknown,Unknown,,,,,,,47017,2026-06-13 02:19:52.391210+00:00,2026-06-13 02:19:52.391210+00:00
74d77da5-dee4-4acd-b4ea-96ff70ab6ea9,CITY OF FARWELL CCS,transfer_station,100 9TH ST,FARWELL,TX,79325,PARMER,34.377777,-103.004722,Unknown,Unknown,Unknown,,,,,,,120089,2026-06-13 02:19:41.329224+00:00,2026-06-13 02:19:41.329224+00:00
74e7c669-73aa-47ac-b5d2-a98591f81bfd,redbox+ of the Triad DBA redbox+,private_regional_septage_facility,455 Burkes Crossing Lane,Winston-Salem,NC,,Guilford,36.091913506606,-80.339310809888,Unknown,Unknown,Yes,,(704) 989-8777,,,,,NCS-01517,2026-06-13 02:20:07.409760+00:00,2026-06-13 02:20:07.409760+00:00
7501c532-faf7-4297-a587-e3646bbab3d7,M & M Septic Services,private_regional_septage_facility,8518 Julina Dr,Oak Ridge,NC,,Guilford,36.201931317058,-80.008630858132,Unknown,Unknown,Unknown,,336.-90.0604,,,,,NCS-01887,2026-06-13 02:20:07.409760+00:00,2026-06-13 02:20:07.409760+00:00
7515dd12-aaae-4dc4-9514-80633b3e2bc9,"Ferguson Septic, LLC",private_regional_septage_facility,228 S. Shore Drive,Lexington,NC,,Davidson,35.644761895423,-80.24824590623,Yes,Unknown,Unknown,,(336) 239-3403,,,,,NCS-01558,2026-06-13 02:20:07.409760+00:00,2026-06-13 02:20:07.409760+00:00
75465e75-0812-4a1d-8528-511ce3d378ed,Jethro's Johnnies,private_regional_septage_facility,15020 NC Highway 209,Hot Springs,NC,,Madison,35.746071591889,-82.872615767004,Unknown,Unknown,Yes,,,,,,,NCS-01064,2026-06-13 02:20:14.798453+00:00,2026-06-13 02:20:14.798453+00:00
755beccf-b981-47c0-bfe4-97956b363003,"WRB Rentals, INC",private_regional_septage_facility,PO Box 607,Murfreesboro,NC,,Northampton,,,Unknown,Unknown,Unknown,,(252) 398-3028,,,,,NCS-00276,2026-06-13 02:20:14.798453+00:00,2026-06-13 02:20:14.798453+00:00
758a32be-c723-48ad-b3df-2064538106a5,Reidsville WTP,land_application_site,,,NC,,Rockingham,,,Unknown,Unknown,Unknown,,,,https://edocs.deq.nc.gov/WaterResources/Search.aspx?dbid=0&searchcommand=%7B%5B%5D%3A%5BID%20%23%5D%3D%22WQ0032723%22%7D,,,WQ0032723,2026-06-13 02:20:02.366830+00:00,2026-06-13 02:20:02.366830+00:00
7597de91-8a23-4fe1-bd4c-fc3e972a5d34,Warsaw Sanitation Trailer Wash WWTF,private_regional_septage_facility,,,NC,,Duplin,,,Unknown,Unknown,Unknown,,,,https://edocs.deq.nc.gov/WaterResources/Search.aspx?dbid=0&searchcommand=%7B%5B%5D%3A%5BID%20%23%5D%3D%22WQ0023310%22%7D,,,WQ0023310,2026-06-13 02:20:07.409760+00:00,2026-06-13 02:20:07.409760+00:00
759f04a9-40e0-4171-82ad-48449bef0a43,B & B Septic,private_regional_septage_facility,742 Ed Rickard Road,Lexington,NC,,Davidson,35.786032418666,-80.399761939159,Yes,Yes,Unknown,,(336) 752-2099,,,,,NCS-00060,2026-06-13 02:20:07.409760+00:00,2026-06-13 02:20:07.409760+00:00
75be0449-17e1-4b7a-bb93-48ffd911d674,CJM THE SOIL SUPERMARKET,composting_facility,1700 E HIGHWAY 90A,RICHMOND,TX,77406-2421,Fort Bend,29.596086,-95.736823,Unknown,Unknown,Unknown,,,,,110033739444,TXR05AF96,100182,2026-06-13 02:10:47.633927+00:00,2026-06-13 02:19:52.391210+00:00
75d220d2-9b38-4f6f-bba9-489206d4cd92,Chatham Park - Grant Drive & Freedom Parkway Reclaimed Water Line,potw_receiving_station,,,NC,,Chatham,,,Unknown,Unknown,Unknown,,,,https://edocs.deq.nc.gov/WaterResources/Search.aspx?dbid=0&searchcommand=%7B%5B%5D%3A%5BID%20%23%5D%3D%22WQ0037891%22%7D,,,WQ0037891,2026-06-13 02:20:02.366830+00:00,2026-06-13 02:20:02.366830+00:00
75d3d2dc-e09e-46d1-bbe0-a870a6ebd4e2,Parcel No. A16 115 Stonegate Dr. SFR,private_regional_septage_facility,,,NC,,Person,,,Unknown,Unknown,Unknown,,,,https://edocs.deq.nc.gov/WaterResources/Search.aspx?dbid=0&searchcommand=%7B%5B%5D%3A%5BID%20%23%5D%3D%22WQ0034798%22%7D,,,WQ0034798,2026-06-13 02:20:02.366830+00:00,2026-06-13 02:20:02.366830+00:00
75fe9c24-68e6-4f64-b4aa-00568ce2fbc1,Pigeon Valley Septic & Grading Inc.,private_regional_septage_facility,334 Ridgeview Lane,Canton,NC,,Haywood,35.482192421558,-82.866631113762,Yes,Unknown,Unknown,,,,,,,NCS-01098,2026-06-13 02:20:07.409760+00:00,2026-06-13 02:20:07.409760+00:00
76539af6-4b08-4f2f-acc7-2d4e5e94af6c,Coastal Waste Solutions LLC,private_regional_septage_facility,121 Garnet Lane,Jacksonville,NC,,Onslow,34.803341538698,-77.356098716894,Yes,Unknown,Unknown,,(910) 787-0055,,,,,NCS-01683,2026-06-13 02:20:14.798453+00:00,2026-06-13 02:20:14.798453+00:00
76b2831e-ec5d-4f75-95c4-fa983daf5cde,POLK COUNTY CCS - HWY 146,transfer_station,,,,,POLK,30.8194,-94.8593,Unknown,Unknown,Unknown,,,,,,,120108,2026-06-13 02:19:52.391210+00:00,2026-06-13 02:19:52.391210+00:00
76b82eae-5d1f-467f-91c0-aaab17c78fe0,LL Parks Livestock - Delway Truck Wash WWTF,private_regional_septage_facility,,,NC,,Sampson,,,Unknown,Unknown,Unknown,,,,https://edocs.deq.nc.gov/WaterResources/Search.aspx?dbid=0&searchcommand=%7B%5B%5D%3A%5BID%20%23%5D%3D%22WQ0015030%22%7D,,,WQ0015030,2026-06-13 02:20:02.366830+00:00,2026-06-13 02:20:02.366830+00:00
76b8523b-8676-4bab-a53a-df65435576b1,Mac Attack Wagon,private_regional_septage_facility,502 E. Fisher Street,Salisbury,NC,,Rowan,35.662914836596,-80.466700282068,Unknown,Unknown,Unknown,,(704) 431-7326,,,,,NCS-01535,2026-06-13 02:20:14.798453+00:00,2026-06-13 02:20:14.798453+00:00
76f09953-36c1-4d6a-9e93-53e0d6857399,Avery County Transfer Station,transfer_station,2175 Brushy Creek Road,Spruce Pine,NC,28777,Avery,35.959661,-81.972021,Unknown,Unknown,Unknown,,(828) 737-5420,,,,,0603-TRANSFER-,2026-06-13 02:20:07.409760+00:00,2026-06-13 02:20:07.409760+00:00
76f13759-9dc8-4ba5-9c57-def07de8dc4a,Bladen County Transfer Station,transfer_station,1522 Mercer Mill Road,Elizabethtown,NC,28337,Bladen,34.606431,-78.605871,Unknown,Unknown,Unknown,,(910) 872-6320,,,,,0904T-TRANSFER-1995,2026-06-13 02:20:07.409760+00:00,2026-06-13 02:20:07.409760+00:00
77403661-c8b7-4740-ab38-589d0b35c77a,Shorties Pot O' Gold,private_regional_septage_facility,PO Box 1049,Littleton,NC,,Warren,,,Yes,Unknown,Yes,,(252) 578-0468,,,,,NCS-01341,2026-06-13 02:20:14.798453+00:00,2026-06-13 02:20:14.798453+00:00
7743c1ee-d82b-4310-a9f4-a3bc05e24868,Hodnett Septic Tank Cleaning,private_regional_septage_facility,6924 Kentuck Road,Ringgold,NC,,Caswell,36.657993580277,-79.287498409207,Yes,Yes,Unknown,,(434) 822-5005,,,,,NCS-01418,2026-06-13 02:20:07.409760+00:00,2026-06-13 02:20:07.409760+00:00
77488618-a87a-4fc3-b0ad-7c3e60039d18,Mallard Creek WRF,potw_receiving_station,,,NC,,Mecklenburg,,,Unknown,Unknown,Unknown,,,,https://edocs.deq.nc.gov/WaterResources/Search.aspx?dbid=0&searchcommand=%7B%5B%5D%3A%5BID%20%23%5D%3D%22WQ0013252%22%7D,,,WQ0013252,2026-06-13 02:20:02.366830+00:00,2026-06-13 02:20:02.366830+00:00
77842c8b-7778-41ce-90b8-439fe6c24a8b,True Way Holiness Church WWTF,private_regional_septage_facility,,,NC,,Durham,,,Unknown,Unknown,Unknown,,,,https://edocs.deq.nc.gov/WaterResources/Search.aspx?dbid=0&searchcommand=%7B%5B%5D%3A%5BID%20%23%5D%3D%22WQ0019573%22%7D,,,WQ0019573,2026-06-13 02:20:02.366830+00:00,2026-06-13 02:20:02.366830+00:00
7796462c-035a-4f87-93d3-8213d30238b6,Ray's,private_regional_septage_facility,PO Box 53,High Shoals,NC,,Gaston,,,Yes,Yes,Unknown,,(704) 922-5555,,,,,NCS-00883,2026-06-13 02:20:07.409760+00:00,2026-06-13 02:20:07.409760+00:00
77b8731c-0b15-4f69-9ea4-6b1550100062,Sandpiper Bay WWTP,potw_receiving_station,,,NC,,Brunswick,,,Unknown,Unknown,Unknown,,,,https://edocs.deq.nc.gov/WaterResources/Search.aspx?dbid=0&searchcommand=%7B%5B%5D%3A%5BID%20%23%5D%3D%22WQ0013398%22%7D,,,WQ0013398,2026-06-13 02:20:02.366830+00:00,2026-06-13 02:20:02.366830+00:00
77d8c924-abdc-489c-9110-d4aea0b6e3c9,"Raleigh, City of Yard Waste Facility",composting_facility,900 New Hope Road,Raleigh,NC,27610,Wake,35.786561,-78.558851,Yes,Unknown,Yes,,(919) 996-6030,,,,,9213-COMPOST-1991,2026-06-13 02:20:07.409760+00:00,2026-06-13 02:20:07.409760+00:00
77fa5a0c-40e8-4dfc-a5aa-f437f15110e0,Shamrock Environmental Corporation,private_regional_septage_facility,6106 Corporate Park Dr,Browns Summit,NC,,Guilford,36.164314783815,-79.741016079543,Yes,Unknown,Unknown,,336.-37.1989,,,,,NCS-00790,2026-06-13 02:20:07.409760+00:00,2026-06-13 02:20:07.409760+00:00
77fc6ebc-2a06-41a2-bd88-a6055d4a9a45,GUADALUPE COUNTY MARION COLLECTION STATION,transfer_station,,,,,GUADALUPE,,,Unknown,Unknown,Unknown,,,,,,,120149,2026-06-13 02:19:52.391210+00:00,2026-06-13 02:19:52.391210+00:00
77fe7b0e-8e30-4d28-b67c-b651de13ab2a,Lee's Long Term Care Facility,private_regional_septage_facility,,,NC,,Wake,,,Unknown,Unknown,Unknown,,,,https://edocs.deq.nc.gov/WaterResources/Search.aspx?dbid=0&searchcommand=%7B%5B%5D%3A%5BID%20%23%5D%3D%22WQ0015393%22%7D,,,WQ0015393,2026-06-13 02:20:02.366830+00:00,2026-06-13 02:20:02.366830+00:00
782b430f-bd5e-42c7-be09-1476b76a665d,Mayland Septic Service Inc.,private_regional_septage_facility,133 Beaver Creek Rd,Spruce Pine,NC,,Mitchell,35.922592146072,-82.054369126142,Yes,Unknown,Unknown,,(828) 765-9715,,,,,NCS-00742,2026-06-13 02:20:14.798453+00:00,2026-06-13 02:20:14.798453+00:00
787d02c2-8fdd-4e73-bcf3-81dc78b4e9f7,Bio-Nomic Services Class A Residuals Program,land_application_site,,,NC,,Unknown,,,Unknown,No,Unknown,,,,https://edocs.deq.nc.gov/WaterResources/Search.aspx?dbid=0&searchcommand=%7B%5B%5D%3A%5BID%20%23%5D%3D%22WQ0039053%22%7D,,,WQ0039053,2026-06-13 02:20:02.366830+00:00,2026-06-13 02:20:02.366830+00:00
78840aec-6b83-43f8-a358-104d59d8a0f9,PENINSULA SANITATION SERVICE INC,transfer_station,2787 HWY 87,CRYSTAL BEACH,TX,77650,GALVESTON,,,Yes,Unknown,Yes,,,,,,,110015,2026-06-13 02:19:52.391210+00:00,2026-06-13 02:19:52.391210+00:00
78845430-d4d0-4443-8787-9f0a5cc05e22,CITY OF COTULLA TRANSFER STATION,transfer_station,857 FM 624,COTULLA,TX,78014,LA SALLE,,,Unknown,Unknown,Unknown,,,,,,,40251,2026-06-13 02:19:52.391210+00:00,2026-06-13 02:19:52.391210+00:00
78edede9-de45-459f-80d0-c600d390df41,Master Porta- Jon Service,private_regional_septage_facility,PO Box 2309,Lenoir,NC,,Caldwell,,,Yes,Unknown,Yes,,(828) 754-1074,,,,,NCS-00025,2026-06-13 02:20:07.409760+00:00,2026-06-13 02:20:07.409760+00:00
78fbfd68-b418-4751-aa19-459267300130,Wall Recycling LLC DBA Liberty Waste Solutions(Wilmington),private_regional_septage_facility,2126 Garner Rd,Raleigh,NC,,New Hanover,35.750961084438,-78.631283008563,Unknown,Unknown,Yes,,(919)582-7777,,,,,NCS-01860,2026-06-13 02:20:14.798453+00:00,2026-06-13 02:20:14.798453+00:00
78fff7eb-1f6f-4db1-871c-c426573fb9d9,Camp Springs Bluegrass Park & Campground,private_regional_septage_facility,1390 Pagetown Road,Elon,NC,,Caswell,36.282888793623,-79.46570970585,Unknown,Unknown,Unknown,,(336) 213-1944,,,,,NCS-01867,2026-06-13 02:20:07.409760+00:00,2026-06-13 02:20:07.409760+00:00
793799a1-abba-49d7-b93e-93a69dc314c3,Able Septic Tank Service,private_regional_septage_facility,20 Brownwood Avenue,Asheville,NC,,Buncombe,35.580482752679,-82.57477093086,Yes,Unknown,Unknown,,(828) 254-1920,,,,,NCS-00096,2026-06-13 02:20:07.409760+00:00,2026-06-13 02:20:07.409760+00:00
793a8499-8e6c-446b-9c59-b710b330d365,Carolina Malt House WWTF,private_regional_septage_facility,,,NC,,Rowan,,,Unknown,Unknown,Unknown,,,,https://edocs.deq.nc.gov/WaterResources/Search.aspx?dbid=0&searchcommand=%7B%5B%5D%3A%5BID%20%23%5D%3D%22WQ0039181%22%7D,,,WQ0039181,2026-06-13 02:20:02.366830+00:00,2026-06-13 02:20:02.366830+00:00
7960def3-ff5e-480a-a88f-96c95760ad47,Carolina Friends School WWTF,private_regional_septage_facility,,,NC,,Orange,,,Unknown,Unknown,Unknown,,,,https://edocs.deq.nc.gov/WaterResources/Search.aspx?dbid=0&searchcommand=%7B%5B%5D%3A%5BID%20%23%5D%3D%22WQ0002161%22%7D,,,WQ0002161,2026-06-13 02:20:02.366830+00:00,2026-06-13 02:20:02.366830+00:00
79a1ff86-b33c-4ffc-8986-d88588fbf995,Pilgrim's Pride - Sanford WWTF,private_regional_septage_facility,,,NC,,Lee,,,Unknown,Unknown,Unknown,,,,https://edocs.deq.nc.gov/WaterResources/Search.aspx?dbid=0&searchcommand=%7B%5B%5D%3A%5BID%20%23%5D%3D%22WQ0014565%22%7D,,,WQ0014565,2026-06-13 02:20:02.366830+00:00,2026-06-13 02:20:02.366830+00:00
79a60e2f-f189-4256-a517-009887b4210b,City of Elizabeth City Class B Residuals Program,land_application_site,,,NC,,Pasquotank,,,Unknown,Unknown,Unknown,,,,https://edocs.deq.nc.gov/WaterResources/Search.aspx?dbid=0&searchcommand=%7B%5B%5D%3A%5BID%20%23%5D%3D%22WQ0002883%22%7D,,,WQ0002883,2026-06-13 02:20:02.366830+00:00,2026-06-13 02:20:02.366830+00:00
79c320bf-3266-40a5-8673-767afc671aa1,Driggers Pumping Service,private_regional_septage_facility,956 Harris Road,Trinity,NC,,Randolph,,,Yes,Unknown,Unknown,,(336) 215-4408,,,,,NCS-00855,2026-06-13 02:20:14.798453+00:00,2026-06-13 02:20:14.798453+00:00
79db5139-6449-404e-a35d-d38eeff4c4cb,Atkinson Milling Company WWTF,private_regional_septage_facility,,,NC,,Johnston,,,Unknown,Unknown,Unknown,,,,https://edocs.deq.nc.gov/WaterResources/Search.aspx?dbid=0&searchcommand=%7B%5B%5D%3A%5BID%20%23%5D%3D%22WQ0039473%22%7D,,,WQ0039473,2026-06-13 02:20:02.366830+00:00,2026-06-13 02:20:02.366830+00:00
79ea13af-a8ef-46e7-93c7-f96f5095414c,CITY OF CROCKETT CITIZENS COLLECTION STATION,transfer_station,2601 CADDO LN,CROCKETT,TX,75835,HOUSTON,,,Unknown,Unknown,Unknown,,,,,,,120156,2026-06-13 02:19:52.391210+00:00,2026-06-13 02:19:52.391210+00:00
7a01521e-7538-4a58-8e74-e1e1b311a511,Piney Hill Acres Large Type 1 Compost Unit,composting_facility,2081 Piney Grove Road,Kernersville,NC,27284,Forsyth,36.175118,-80.059721,Unknown,Unknown,Unknown,,(336) 682-2317,,,,,3427-COMPOST-2015,2026-06-13 02:20:07.409760+00:00,2026-06-13 02:20:07.409760+00:00
7a0aaca0-2e0f-4353-9c2c-1bbeffc0db55,Patterson's Septic Tank Cleaning,private_regional_septage_facility,5194 Mill Branch Rd NW,Ash,NC,,Brunswick,34.039936322609,-78.476558619611,Yes,Unknown,Unknown,,910.-44.0900,,,,,NCS-01892,2026-06-13 02:20:07.409760+00:00,2026-06-13 02:20:07.409760+00:00
7a0dd427-533d-40af-afe3-336b3427a745,Town of Morehead City RLAP,land_application_site,,,NC,,Carteret,,,Unknown,Unknown,Unknown,,,,https://edocs.deq.nc.gov/WaterResources/Search.aspx?dbid=0&searchcommand=%7B%5B%5D%3A%5BID%20%23%5D%3D%22WQ0006018%22%7D,,,WQ0006018,2026-06-13 02:20:02.366830+00:00,2026-06-13 02:20:02.366830+00:00
7a551689-51ef-4425-829d-c92af7baea09,Absolute Septic,private_regional_septage_facility,91 W Victory View Ter,Smithfield,NC,,Johnston,,,Yes,Yes,Unknown,,(919) 649-6044,,,,,NCS-01595,2026-06-13 02:20:14.798453+00:00,2026-06-13 02:20:14.798453+00:00
7a5aa9c6-a7de-4962-8277-f4b5092230e8,Ocean Isle Beach WWTP,potw_receiving_station,,,NC,,Brunswick,,,Unknown,Unknown,Unknown,,,,https://edocs.deq.nc.gov/WaterResources/Search.aspx?dbid=0&searchcommand=%7B%5B%5D%3A%5BID%20%23%5D%3D%22WQ0006085%22%7D,,,WQ0006085,2026-06-13 02:20:02.366830+00:00,2026-06-13 02:20:02.366830+00:00
7a8b2da3-6793-4a9c-a2b2-79dccd91c308,Family Dollar - Currie WWTF,private_regional_septage_facility,,,NC,,Pender,,,Unknown,Unknown,Unknown,,,,https://edocs.deq.nc.gov/WaterResources/Search.aspx?dbid=0&searchcommand=%7B%5B%5D%3A%5BID%20%23%5D%3D%22WQ0043463%22%7D,,,WQ0043463,2026-06-13 02:20:07.409760+00:00,2026-06-13 02:20:07.409760+00:00
7aa5cf12-35a7-4858-9d7d-ee8288f36231,CITY OF PETERSBURG,transfer_station,1524 MAIN ST,PETERSBURG,TX,79250,HALE,,,Unknown,Unknown,Unknown,,,,,,,120002,2026-06-13 02:19:41.329224+00:00,2026-06-13 02:19:41.329224+00:00
7ab1ac14-86de-4b7e-ba42-2f2bfb51e50f,Smithfield Fresh Meats - Tar Heel Plant,potw_receiving_station,,,NC,,Bladen,,,Unknown,Unknown,Unknown,,,,https://edocs.deq.nc.gov/WaterResources/Search.aspx?dbid=0&searchcommand=%7B%5B%5D%3A%5BID%20%23%5D%3D%22WQ0010892%22%7D,,,WQ0010892,2026-06-13 02:20:02.366830+00:00,2026-06-13 02:20:02.366830+00:00
7abbaf95-a9c4-4897-bad7-2ae2b9fbbb46,MINGUS TRANSFER STATION,transfer_station,,,,,PALO PINTO,32.51833,-98.43,Unknown,Unknown,Unknown,,,,,,,40104,2026-06-13 02:19:41.329224+00:00,2026-06-13 02:19:41.329224+00:00
7b0aec21-cae9-4c65-8391-174bec85b1a6,GFI Class B Residuals Program,land_application_site,,,NC,,Granville,,,Unknown,Unknown,Unknown,,,,https://edocs.deq.nc.gov/WaterResources/Search.aspx?dbid=0&searchcommand=%7B%5B%5D%3A%5BID%20%23%5D%3D%22WQ0000838%22%7D,,,WQ0000838,2026-06-13 02:20:02.366830+00:00,2026-06-13 02:20:02.366830+00:00
7b1501ab-62b2-416c-9f6b-725586afcb81,Eaton's Crossing WWTP,private_regional_septage_facility,,,NC,,Warren,,,Unknown,Unknown,Unknown,,,,https://edocs.deq.nc.gov/WaterResources/Search.aspx?dbid=0&searchcommand=%7B%5B%5D%3A%5BID%20%23%5D%3D%22WQ0033097%22%7D,,,WQ0033097,2026-06-13 02:20:07.409760+00:00,2026-06-13 02:20:07.409760+00:00
7b32e976-9ea7-4ba3-af49-50ca04b3d981,Parcel No. 69677 Wooded Lake Dr. SFR,private_regional_septage_facility,,,NC,,Chatham,,,Unknown,Unknown,Unknown,,,,https://edocs.deq.nc.gov/WaterResources/Search.aspx?dbid=0&searchcommand=%7B%5B%5D%3A%5BID%20%23%5D%3D%22WQ0011761%22%7D,,,WQ0011761,2026-06-13 02:20:02.366830+00:00,2026-06-13 02:20:02.366830+00:00
7b3a806b-18b1-4a55-b72f-6140ea9a5a1f,"Goldsboro, City of Transfer Station",transfer_station,904 Brick Street,Goldsboro,NC,27530,Wayne,35.377221,-78.017551,Unknown,Unknown,Unknown,,(919) 739-7412,,,,,9607T-TRANSFER-1997,2026-06-13 02:20:07.409760+00:00,2026-06-13 02:20:07.409760+00:00
7b906357-9de2-471d-b3b6-cf0c1e61777f,Greensboro Junction WWTF,private_regional_septage_facility,,,NC,,Guilford,,,Unknown,Unknown,Unknown,,,,https://edocs.deq.nc.gov/WaterResources/Search.aspx?dbid=0&searchcommand=%7B%5B%5D%3A%5BID%20%23%5D%3D%22WQ0006317%22%7D,,,WQ0006317,2026-06-13 02:20:02.366830+00:00,2026-06-13 02:20:02.366830+00:00
7bc9fc2d-ec99-4784-821e-0e59123f086b,MCOMMAS BLUFF LFG PROCESSING FACILITY,anaerobic_digester,5500 YOUNGBLOOD RD,DALLAS,TX,75241,DALLAS,32.679722,-96.728888,Unknown,Unknown,Unknown,,,,,,,48033,2026-06-13 02:19:41.329224+00:00,2026-06-13 02:19:41.329224+00:00
7bff46c9-efe4-45f9-9095-eeca586dde3d,"American Chrome and Chemicals, Inc. Castle Hayne Manufacturing Facility",land_application_site,,,NC,,New Hanover,,,Unknown,Unknown,Unknown,,,,https://edocs.deq.nc.gov/WaterResources/Search.aspx?dbid=0&searchcommand=%7B%5B%5D%3A%5BID%20%23%5D%3D%22WQ0001492%22%7D,,,WQ0001492,2026-06-13 02:20:07.409760+00:00,2026-06-13 02:20:07.409760+00:00
7c21caf0-9098-4ffc-ae96-612a1fb3bd84,Town of Broadway Class B Residuals Program,land_application_site,,,NC,,Lee,,,Unknown,Unknown,Unknown,,,,https://edocs.deq.nc.gov/WaterResources/Search.aspx?dbid=0&searchcommand=%7B%5B%5D%3A%5BID%20%23%5D%3D%22WQ0018007%22%7D,,,WQ0018007,2026-06-13 02:20:02.366830+00:00,2026-06-13 02:20:02.366830+00:00
7c255fb7-4754-46e4-9057-ca61bdfa9582,CORPUS CHRISTI RNG FACILITY,anaerobic_digester,2397 COUNTY ROAD 20,ROBSTOWN,TX,78380,NUECES,27.636666,-97.568055,Unknown,Unknown,Unknown,,,,,,,48052,2026-06-13 02:19:52.391210+00:00,2026-06-13 02:19:52.391210+00:00
7c26ae2d-290e-4189-8666-f5c075d2e62b,Ohmstead Plumbing Co. LLC,private_regional_septage_facility,470 Washington Street,Forest City,NC,,Rutherford,35.31947281806,-81.86985451447,Unknown,Unknown,Unknown,,(828) 245-7302,,,,,NCS-01602,2026-06-13 02:20:14.798453+00:00,2026-06-13 02:20:14.798453+00:00
7c2fdbfc-d8c3-4b72-b4bc-6c470a89597f,City of Monroe Class B Residuals Program,land_application_site,,,NC,,Union,,,Yes,Yes,Yes,,,,https://edocs.deq.nc.gov/WaterResources/Search.aspx?dbid=0&searchcommand=%7B%5B%5D%3A%5BID%20%23%5D%3D%22WQ0001346%22%7D,,,WQ0001346,2026-06-13 02:20:02.366830+00:00,2026-06-13 02:20:02.366830+00:00
7c52cd9a-438a-4d49-96a5-990e83468600,Viking Septic Services,private_regional_septage_facility,PO BOX 27,Candler,NC,,Buncombe,,,Yes,Yes,Yes,,(828) 280-3689,,,,,NCS-01527,2026-06-13 02:20:07.409760+00:00,2026-06-13 02:20:07.409760+00:00
7c5d9899-86d3-4fdd-bee5-94a3f4d711ff,NORTH TEXAS MUNICIPAL WATER DISTRICT TRANSFER STATION,transfer_station,1601 E LOOKOUT DR,RICHARDSON,TX,75082,COLLIN,32.590833,-96.414166,Unknown,Unknown,Unknown,,,,,,,53A,2026-06-13 02:19:41.329224+00:00,2026-06-13 02:19:41.329224+00:00
7c75913f-c88d-47ab-9685-561c3d5f90e4,DUKES JUNK RECYCLING,transfer_station,6514 BURNET RD,AUSTIN,TX,78757,TRAVIS,30.341885,-97.739066,Unknown,Unknown,Unknown,,,,,,,120218,2026-06-13 02:19:52.391210+00:00,2026-06-13 02:19:52.391210+00:00
7c9b5d3e-e2a3-48b3-a967-7a8012c17644,ECLP Co.,private_regional_septage_facility,PO Box 2151,Carolina Beach,NC,,New Hanover,,,Yes,Unknown,Unknown,,(910) 352-7249,,,,,NCS-01153,2026-06-13 02:20:14.798453+00:00,2026-06-13 02:20:14.798453+00:00
7ca2667f-5027-417c-8ed2-197fd2b563a4,COMPOST WE R COMPOSTING FACILITY,composting_facility,,,,,MILAM,30.084,-97.38467,Unknown,Unknown,Unknown,,,,,,,47009,2026-06-13 02:19:52.391210+00:00,2026-06-13 02:19:52.391210+00:00
7cb5b537-64d6-467a-8279-b3e199ec6797,SOUTHWEST PAPER STOCK,transfer_station,400 W JESSAMINE ST,FORT WORTH,TX,76110-2719,Tarrant,32.71814,-97.32924,Unknown,Unknown,Unknown,,,,,110035081032,TXR05AN05,40052,2026-06-13 02:15:44.933737+00:00,2026-06-13 02:19:41.329224+00:00
7cc81123-5956-4f72-85ca-92beacaaa6ee,JIM HOGG COUNTY TRANSFER STATION,transfer_station,,,,,JIM HOGG,27.31783,-98.65117,Unknown,Unknown,Unknown,,,,,,,40103,2026-06-13 02:19:52.391210+00:00,2026-06-13 02:19:52.391210+00:00
7d723673-b07b-44a3-b07f-cfb79eaf464f,WISE COUNTY DECATUR CITIZENS COLLECTION STATION,transfer_station,127 PRIVATE RD 4195,DECATUR,TX,76234,WISE,33.199749,-97.601695,Unknown,Unknown,Unknown,,,,,,,120161,2026-06-13 02:19:52.391210+00:00,2026-06-13 02:19:52.391210+00:00
7db85ca8-ba98-4360-b9fc-9186a755c045,Reliable Onsite Services(Greensboro),private_regional_septage_facility,791 East 64th Ave,Denver,NC,,Guilford,,,Yes,Yes,Yes,,336.-33.6088,,,,,NCS-01863,2026-06-13 02:20:07.409760+00:00,2026-06-13 02:20:07.409760+00:00
7dea1d94-2f29-495d-830c-ed6b984de14c,Anson County,land_application_site,,,NC,,Anson,34.972626,-80.088272,Unknown,Unknown,Unknown,,,,https://edocs.deq.nc.gov/WaterResources/Search.aspx?dbid=0&searchcommand=%7B%5B%5D%3A%5BID%20%23%5D%3D%22WQ0006438%22%7D,,,WQ0006438,2026-06-13 02:09:01.189307+00:00,2026-06-13 02:20:02.366830+00:00
7e007c57-98f1-46c6-ba14-1de3eb6a2576,TERRELL CITIZENS CONVENIENCE STATION,transfer_station,,,,,KAUFMAN,32.5993,-96.2963,Unknown,Unknown,Unknown,,,,,,,120158,2026-06-13 02:19:52.391210+00:00,2026-06-13 02:19:52.391210+00:00
7e08bb51-b426-41bc-83ec-8e781eaee88e,Forest Lake Preserve WWTP,private_regional_septage_facility,,,NC,,Davie,,,Unknown,Unknown,Unknown,,,,https://edocs.deq.nc.gov/WaterResources/Search.aspx?dbid=0&searchcommand=%7B%5B%5D%3A%5BID%20%23%5D%3D%22WQ0004972%22%7D,,,WQ0004972,2026-06-13 02:20:02.366830+00:00,2026-06-13 02:20:02.366830+00:00
7e3a6985-1fb1-40d4-adc4-135d9b81e582,"Asheboro, City of Compost Facility",composting_facility,2139 Old Lexington Road,Asheboro,NC,27203,Randolph,35.716828,-79.861524,Unknown,Unknown,Unknown,,(336) 626-1234,,,,,7608-COMPOST-2017,2026-06-13 02:20:07.409760+00:00,2026-06-13 02:20:07.409760+00:00
7e4f78db-07c6-4c90-8d73-ac956ca6228a,Overbey's,private_regional_septage_facility,5301 Burlington Road,McLeansville,NC,,Guilford,36.085551949915,-79.673664716788,Yes,Yes,Unknown,,(336) 697-8169,,,,,NCS-00410,2026-06-13 02:20:07.409760+00:00,2026-06-13 02:20:07.409760+00:00
7e6ae2ae-13d9-451d-8bee-13c3457e53cd,Metro Waste Inc.,private_regional_septage_facility,3524 Robinson Circle,Charlotte,NC,,Rowan,35.257829185035,-80.811364979587,Unknown,Unknown,Unknown,,,,,,,NCS-01076,2026-06-13 02:20:14.798453+00:00,2026-06-13 02:20:14.798453+00:00
7e746938-a510-4def-a0f8-f92c7290ec93,Rhea's Septic Tank,private_regional_septage_facility,5030 Harmon Road,Kings Mountain,NC,,Cleveland,35.244172241101,-81.439951329794,Yes,Unknown,Unknown,,(704) 739-5849,,,,,NCS-00608,2026-06-13 02:20:07.409760+00:00,2026-06-13 02:20:07.409760+00:00
7e7e572b-4f9d-49af-bd6f-73fa6af79176,Stowe Regional Water Resource Recovery Facility,potw_receiving_station,,,NC,,Mecklenburg,,,Unknown,Unknown,Unknown,,,,https://edocs.deq.nc.gov/WaterResources/Search.aspx?dbid=0&searchcommand=%7B%5B%5D%3A%5BID%20%23%5D%3D%22WQ0046502%22%7D,,,WQ0046502,2026-06-13 02:20:02.366830+00:00,2026-06-13 02:20:02.366830+00:00
7e83002c-c72e-4e94-b4c6-9733d9fb6b81,"Eastern Septic & Inspections, LLC",private_regional_septage_facility,P.O. Box 5,Erwin,NC,,Harnett,,,Yes,Unknown,Unknown,,(910) 580-1500,,,,,NCS-01440,2026-06-13 02:20:07.409760+00:00,2026-06-13 02:20:07.409760+00:00
7e916020-585d-49bd-b2c8-f26bf61682d7,City of New Bern Class A Distribution Program,land_application_site,,,NC,,Craven,,,Unknown,Unknown,Unknown,,,,https://edocs.deq.nc.gov/WaterResources/Search.aspx?dbid=0&searchcommand=%7B%5B%5D%3A%5BID%20%23%5D%3D%22WQ0023306%22%7D,,,WQ0023306,2026-06-13 02:20:02.366830+00:00,2026-06-13 02:20:02.366830+00:00
7eaec9ea-8b5f-483d-97c5-ee04e631cb64,Town of Liberty WWTF,private_regional_septage_facility,,,NC,,Randolph,,,Unknown,Unknown,Unknown,,,,https://edocs.deq.nc.gov/WaterResources/Search.aspx?dbid=0&searchcommand=%7B%5B%5D%3A%5BID%20%23%5D%3D%22WQ0003090%22%7D,,,WQ0003090,2026-06-13 02:20:02.366830+00:00,2026-06-13 02:20:02.366830+00:00
7eafaa94-0e3d-4e37-943c-0c07d16a3d0d,Parcel No. 76314 Lutterloh Rd. SFR,private_regional_septage_facility,,,NC,,Chatham,,,Unknown,Unknown,Unknown,,,,https://edocs.deq.nc.gov/WaterResources/Search.aspx?dbid=0&searchcommand=%7B%5B%5D%3A%5BID%20%23%5D%3D%22WQ0016495%22%7D,,,WQ0016495,2026-06-13 02:20:02.366830+00:00,2026-06-13 02:20:02.366830+00:00
7ebf5f56-a8fa-47e9-b9b7-8f40ab7df355,Addis Cates - Parkton WWTF,private_regional_septage_facility,,,NC,,Robeson,,,Unknown,Unknown,Unknown,,,,https://edocs.deq.nc.gov/WaterResources/Search.aspx?dbid=0&searchcommand=%7B%5B%5D%3A%5BID%20%23%5D%3D%22WQ0002905%22%7D,,,WQ0002905,2026-06-13 02:20:02.366830+00:00,2026-06-13 02:20:02.366830+00:00
7ed66cb7-1ac0-4b07-9e01-1542df51aca8,Tri-Area Septic Solutions,private_regional_septage_facility,5701 Novaglen Rd,Durham,NC,,Durham,36.103653805969,-78.893402715414,Unknown,Unknown,Unknown,,(919)205-2294,,,,,NCS-01857,2026-06-13 02:20:07.409760+00:00,2026-06-13 02:20:07.409760+00:00
7ed8a72d-a20f-4e7e-9142-44a8939755dc,CITY OF RALLS CITIZEN COLLECTION STATION,transfer_station,,,,,CROSBY,33.67,-101.396944,Unknown,Unknown,Unknown,,,,,,,120000,2026-06-13 02:19:41.329224+00:00,2026-06-13 02:19:41.329224+00:00
7edc2d11-3a2d-4504-aa87-9a0d508270f1,Pro Excavating and Septic Solutions,private_regional_septage_facility,548 Jordan Creek Dr,Burlington,NC,,Alamance,36.161912876854,-79.400565702122,Unknown,Unknown,Unknown,,,,,,,NCS-01196,2026-06-13 02:20:07.409760+00:00,2026-06-13 02:20:07.409760+00:00
7edc7c87-de3d-409d-b510-aab7804c125f,City of Salisbury Class B Residuals Program,land_application_site,,,NC,,Rowan,,,Unknown,Unknown,Unknown,,,,https://edocs.deq.nc.gov/WaterResources/Search.aspx?dbid=0&searchcommand=%7B%5B%5D%3A%5BID%20%23%5D%3D%22WQ0001956%22%7D,,,WQ0001956,2026-06-13 02:20:02.366830+00:00,2026-06-13 02:20:02.366830+00:00
7f2de528-873a-4671-8046-c9438b0f0caa,The Club at 12 Oaks,potw_receiving_station,,,NC,,Wake,,,Unknown,Unknown,Unknown,,,,https://edocs.deq.nc.gov/WaterResources/Search.aspx?dbid=0&searchcommand=%7B%5B%5D%3A%5BID%20%23%5D%3D%22WQ0034715%22%7D,,,WQ0034715,2026-06-13 02:20:02.366830+00:00,2026-06-13 02:20:02.366830+00:00
7f43ff24-14dd-4002-8cfa-d817af04b89f,Septic Pros LLC,private_regional_septage_facility,105 Sunset Dr,Rockwell,NC,,Rowan,35.577479883925,-80.41572614506,Yes,Yes,Unknown,,704.-22.7986,,,,,NCS-01895,2026-06-13 02:20:14.798453+00:00,2026-06-13 02:20:14.798453+00:00
7f5bb95a-5700-4469-96b0-335f40da523a,Northside WWTP,potw_receiving_station,,,NC,,New Hanover,,,Unknown,Unknown,Unknown,,,,https://edocs.deq.nc.gov/WaterResources/Search.aspx?dbid=0&searchcommand=%7B%5B%5D%3A%5BID%20%23%5D%3D%22WQ0037835%22%7D,,,WQ0037835,2026-06-13 02:20:02.366830+00:00,2026-06-13 02:20:02.366830+00:00
7f9bbcbf-8f80-40b0-950e-e4fb69940541,Town of Bath WWTP,private_regional_septage_facility,,,NC,,Beaufort,,,Unknown,Unknown,Unknown,,,,https://edocs.deq.nc.gov/WaterResources/Search.aspx?dbid=0&searchcommand=%7B%5B%5D%3A%5BID%20%23%5D%3D%22WQ0002520%22%7D,,,WQ0002520,2026-06-13 02:20:02.366830+00:00,2026-06-13 02:20:02.366830+00:00
7fd8f091-6aac-428f-948d-337465667710,EDINBURG LANDFILL GAS TREATMENT FACILITY,anaerobic_digester,8601 N JASMAN RD,EDINBURG,TX,78539,HIDALGO,26.2315,-98.0749,Unknown,Unknown,Unknown,,,,,,,48038,2026-06-13 02:19:52.391210+00:00,2026-06-13 02:19:52.391210+00:00
7fee01bd-e8a9-4222-a88b-ecd85175410e,B&R Septic LLC,private_regional_septage_facility,207 Western Wayne Drive,Pikeville,NC,,Wayne,35.460568331455,-78.049839407096,Yes,Yes,Unknown,,(919) 736-8858,,,,,NCS-01225,2026-06-13 02:20:14.798453+00:00,2026-06-13 02:20:14.798453+00:00
800291ac-904b-4c79-ab00-236be0c1c094,City of Wilson Compost Facility,composting_facility,3125 Stantonsburg RD SE,Wilson,NC,27893,Wilson,35.68621,-77.885772,Unknown,Unknown,Unknown,,(252) 399-2434,,,,,9812-COMPOST-2024,2026-06-13 02:20:07.409760+00:00,2026-06-13 02:20:07.409760+00:00
800b25d7-1eb3-4099-8f66-8ce763eabbc7,Dobson Septic Tank Pumping Service,private_regional_septage_facility,278 Graham Dobson Rd.,Magnolia,NC,,Duplin,34.916290745575,-77.949346272866,Yes,Yes,Yes,,(910) 296-4620,,,,,NCS-01046,2026-06-13 02:20:07.409760+00:00,2026-06-13 02:20:07.409760+00:00
808e4fda-2e57-4008-967b-7edb7d0c68b1,Johnston Community College New Public Building,potw_receiving_station,,,NC,,Johnston,,,Unknown,Unknown,Unknown,,,,https://edocs.deq.nc.gov/WaterResources/Search.aspx?dbid=0&searchcommand=%7B%5B%5D%3A%5BID%20%23%5D%3D%22WQ0030942%22%7D,,,WQ0030942,2026-06-13 02:20:07.409760+00:00,2026-06-13 02:20:07.409760+00:00
80a3efed-3390-4f94-9c43-f43644cd3987,Jim's RV Pumping,private_regional_septage_facility,574 Sawyer Cove Rd,Hayesville,NC,,Clay,35.062442234291,-83.793228986379,Yes,Yes,Yes,,(828) 361-0321,,,,,NCS-01112,2026-06-13 02:20:07.409760+00:00,2026-06-13 02:20:07.409760+00:00
80bf5e8e-b17e-4b9d-8507-ccbf593a7366,"Ronnie Oaks dba Liquid Waste, Inc.",composting_facility,2323 Diggs Road,Wadesboro,NC,28170,Anson,34.9084,-79.9846,Unknown,Unknown,Unknown,,(704) 294-0230,,,,,0405-COMPOST-2014,2026-06-13 02:20:07.409760+00:00,2026-06-13 02:20:07.409760+00:00
80e284af-2878-4db7-b78b-cf3bfeeafb09,The Plumbing Firm,private_regional_septage_facility,PO Box 439,Wilkesboro,NC,,Wilkes,,,Unknown,Unknown,Unknown,,(336)972-7170,,,,,NCS-01805,2026-06-13 02:20:14.798453+00:00,2026-06-13 02:20:14.798453+00:00
80f57dfd-28a2-41ba-b97f-8237d33c7015,Southwest Plantation WWTP,potw_receiving_station,,,NC,,Onslow,,,Unknown,Unknown,Unknown,,,,https://edocs.deq.nc.gov/WaterResources/Search.aspx?dbid=0&searchcommand=%7B%5B%5D%3A%5BID%20%23%5D%3D%22WQ0029601%22%7D,,,WQ0029601,2026-06-13 02:20:02.366830+00:00,2026-06-13 02:20:02.366830+00:00
80fac4b7-4085-498a-bf06-4923a4cf85d2,Halftime Rentals,private_regional_septage_facility,PO Box 790066,Charlotte,NC,,Mecklenburg,,,Unknown,Unknown,Unknown,,(980) 410-8463,,,,,NCS-01769,2026-06-13 02:20:14.798453+00:00,2026-06-13 02:20:14.798453+00:00
810778be-c529-4eaa-bdb7-f3c17298c668,Trinity World Solutions,private_regional_septage_facility,202 Salt Brick Ct,Wilmington,NC,,Gaston,34.25839550041,-77.788626971107,Yes,Unknown,Unknown,,,,,,,NCS-01200,2026-06-13 02:20:07.409760+00:00,2026-06-13 02:20:07.409760+00:00
81110602-e4bc-4180-8e82-1c9c8eb7ec06,Neuse Regional WASA DCAR,land_application_site,,,NC,,Lenoir,,,Unknown,Unknown,Unknown,,,,https://edocs.deq.nc.gov/WaterResources/Search.aspx?dbid=0&searchcommand=%7B%5B%5D%3A%5BID%20%23%5D%3D%22WQ0034688%22%7D,,,WQ0034688,2026-06-13 02:20:02.366830+00:00,2026-06-13 02:20:02.366830+00:00
812060a4-0431-42cd-8bd2-538fce29b8f0,Grit & Sons,private_regional_septage_facility,407 John Grit Road,Roaring River,NC,,Wilkes,36.276118693984,-81.038829915542,Yes,Unknown,Yes,,(336) 984-1171,,,,,NCS-01318,2026-06-13 02:20:14.798453+00:00,2026-06-13 02:20:14.798453+00:00
812dfa96-e299-472a-a775-9f94eb549082,DONALDSON ROY EUGENE RESOURCE RECOVERY FACILITY,composting_facility,15500 GOFORTH RD,CREEDMOOR,TX,78610,TRAVIS,30.039147,-97.729421,Unknown,Unknown,Unknown,,,,,,,42016,2026-06-13 02:19:52.391210+00:00,2026-06-13 02:19:52.391210+00:00
817550f9-ce12-4867-a96f-7fb358c20b99,E.M. Johnson WTP,potw_receiving_station,,,NC,,Wake,,,Unknown,Unknown,Unknown,,,,https://edocs.deq.nc.gov/WaterResources/Search.aspx?dbid=0&searchcommand=%7B%5B%5D%3A%5BID%20%23%5D%3D%22WQ0022036%22%7D,,,WQ0022036,2026-06-13 02:20:02.366830+00:00,2026-06-13 02:20:02.366830+00:00
819d4174-13b0-40b1-a2e6-9fc234eabfd1,Cherokee Septic,private_regional_septage_facility,641 Shady Grove Road,Murphy,NC,,Cherokee,35.012852937754,-84.171113259249,Yes,Unknown,Unknown,,(828) 361-3390,,,,,NCS-00787,2026-06-13 02:20:07.409760+00:00,2026-06-13 02:20:07.409760+00:00
82639274-a20a-4c77-811d-e035ea5a90b0,"WNC Independent Labs, Inc.",private_regional_septage_facility,149 Weaver Blvd #228,Weaverville,NC,,Buncombe,35.704069456491,-82.569047937767,Unknown,No,No,,(828) 552-5174,,,,,NCS-01508,2026-06-13 02:20:07.409760+00:00,2026-06-13 02:20:07.409760+00:00
82a7bd10-b8a4-450c-8ee8-327e19ff695f,Piney Island (BT-11) WWTF,private_regional_septage_facility,,,NC,,Carteret,,,Unknown,Unknown,Unknown,,,,https://edocs.deq.nc.gov/WaterResources/Search.aspx?dbid=0&searchcommand=%7B%5B%5D%3A%5BID%20%23%5D%3D%22WQ0007217%22%7D,,,WQ0007217,2026-06-13 02:20:07.409760+00:00,2026-06-13 02:20:07.409760+00:00
833781f6-1eb2-4454-832d-a4b56da311bc,CITY OF SABINAL TRANSFER STATION,transfer_station,,,,,UVALDE,29.3569,-99.7612,Unknown,Unknown,Unknown,,,,,,,40034,2026-06-13 02:19:52.391210+00:00,2026-06-13 02:19:52.391210+00:00
8348c762-2f4f-4d62-9cda-6518ef4fc5c6,Recovery Logistics,private_regional_septage_facility,1071 Classic Rd,Apex,NC,,Lee,35.717226474921,-78.826637615588,Unknown,Unknown,Unknown,,(919) 469-4141,,,,,NCS-01328,2026-06-13 02:20:14.798453+00:00,2026-06-13 02:20:14.798453+00:00
839ce292-f56c-4c95-8780-acc351426687,Terra Renewal Services Class B Residuals Program,land_application_site,,,NC,,Wilkes,,,Unknown,Unknown,Unknown,,,,https://edocs.deq.nc.gov/WaterResources/Search.aspx?dbid=0&searchcommand=%7B%5B%5D%3A%5BID%20%23%5D%3D%22WQ0038087%22%7D,,,WQ0038087,2026-06-13 02:20:02.366830+00:00,2026-06-13 02:20:02.366830+00:00
83c05342-8f91-46c2-bb90-b7ff3b10a536,First Call Septic and Environmental Services LLC,private_regional_septage_facility,3420 Snow Creek Road NE,Hickory,NC,,Catawba,35.781824555488,-81.263553709939,Yes,Unknown,Unknown,,(828) 312-4463,,,,,NCS-01699,2026-06-13 02:20:07.409760+00:00,2026-06-13 02:20:07.409760+00:00
83d078bf-df5a-4d49-b7f5-03ec19cf77b2,Glenola Industrial Park WWTF,private_regional_septage_facility,,,NC,,Randolph,,,Unknown,Unknown,Unknown,,,,https://edocs.deq.nc.gov/WaterResources/Search.aspx?dbid=0&searchcommand=%7B%5B%5D%3A%5BID%20%23%5D%3D%22WQ0014756%22%7D,,,WQ0014756,2026-06-13 02:20:02.366830+00:00,2026-06-13 02:20:02.366830+00:00
842790ce-3f1a-4460-99bd-6c15e9bb5b8c,LIVING EARTH TECHNOLOGY,composting_facility,5032 SPLIT TRAIL RD,PLANO,TX,75074-2109,Collin,33.05351,-96.694023,Unknown,Unknown,Unknown,,,,,110033901712,TXR05AG07,100178,2026-06-13 02:13:19.417606+00:00,2026-06-13 02:19:52.391210+00:00
8445a70f-91c6-4c8e-af96-05156bb134d0,Parcel No. 8970748546 Joyful Way Ln. SFR,private_regional_septage_facility,,,NC,,Alamance,,,Unknown,Unknown,Unknown,,,,https://edocs.deq.nc.gov/WaterResources/Search.aspx?dbid=0&searchcommand=%7B%5B%5D%3A%5BID%20%23%5D%3D%22WQ0016400%22%7D,,,WQ0016400,2026-06-13 02:20:02.366830+00:00,2026-06-13 02:20:02.366830+00:00
845be702-fb38-414b-90f5-e55ba0a4d465,J&R Mitchell Septic Tank Cleaning Service LLC,private_regional_septage_facility,6522 Speight School Road,Wilson,NC,,Wilson,35.656774779694,-77.796058778943,Yes,Unknown,Unknown,,(252) 243-2226,,,,,NCS-00115,2026-06-13 02:20:14.798453+00:00,2026-06-13 02:20:14.798453+00:00
847505b7-c3c0-4d15-a766-97bba218bf1e,"Hickory, City of Transfer Station",transfer_station,1050 1st Avenue S.W.,Hickory,NC,28601,Catawba,35.731251,-81.355881,Unknown,Unknown,Unknown,,(828) 323-7439,,,,,1808T-TRANSFER-,2026-06-13 02:20:07.409760+00:00,2026-06-13 02:20:07.409760+00:00
84b12b86-bc34-4c50-952c-76ef825ee801,Town of Madison Class A Residuals Program,land_application_site,,,NC,,Rockingham,,,Unknown,Unknown,Unknown,,,,https://edocs.deq.nc.gov/WaterResources/Search.aspx?dbid=0&searchcommand=%7B%5B%5D%3A%5BID%20%23%5D%3D%22WQ0019753%22%7D,,,WQ0019753,2026-06-13 02:20:02.366830+00:00,2026-06-13 02:20:02.366830+00:00
851464af-2ee6-45e9-9d18-271b889f463f,Hillbilly Campground,private_regional_septage_facility,6684 Summit Road,Purlear,NC,,Wilkes,36.240022618405,-81.434685002398,Unknown,Unknown,Unknown,,(828)-406-1949,,,,,NCS-01879,2026-06-13 02:20:14.798453+00:00,2026-06-13 02:20:14.798453+00:00
853649bf-c79c-49ec-a2e7-707c687cce55,"Environmental Hydrogeological Consultants, Inc. DBA EHC Environmental",private_regional_septage_facility,PO Box 902,Red Springs,NC,,Robeson,,,Unknown,Unknown,Unknown,,(910) 850-4299,,,,,NCS-01414,2026-06-13 02:20:14.798453+00:00,2026-06-13 02:20:14.798453+00:00
853a8b1e-e844-4f1b-bd3b-6fa2a132ee83,Campbell Soup Supply Company RLAP,land_application_site,,,NC,,Robeson,,,Unknown,Unknown,Unknown,,,,https://edocs.deq.nc.gov/WaterResources/Search.aspx?dbid=0&searchcommand=%7B%5B%5D%3A%5BID%20%23%5D%3D%22WQ0004893%22%7D,,,WQ0004893,2026-06-13 02:20:02.366830+00:00,2026-06-13 02:20:02.366830+00:00
856ebd28-4d1f-42a2-b521-348d56b878df,Town of Scotland Neck Class B Residuals Program,land_application_site,,,NC,,Halifax,,,Unknown,Unknown,Unknown,,,,https://edocs.deq.nc.gov/WaterResources/Search.aspx?dbid=0&searchcommand=%7B%5B%5D%3A%5BID%20%23%5D%3D%22WQ0001600%22%7D,,,WQ0001600,2026-06-13 02:20:02.366830+00:00,2026-06-13 02:20:02.366830+00:00
8599d9d6-4fd7-4883-9e7c-f0f1a314c98a,Wastewater Solutions LLC,private_regional_septage_facility,14 Apothecary Court,Garner,NC,,Johnston,35.592125722327,-78.571735477801,Yes,Unknown,Unknown,,(919) 661-8602,,,,,NCS-01684,2026-06-13 02:20:14.798453+00:00,2026-06-13 02:20:14.798453+00:00
85cb353c-2c65-432e-b549-7d2834fe1cc8,TEXAS LAWN WORKS,composting_facility,13535 FLORENCE RD,SUGAR LAND,TX,77498,FORT BEND,29.656115,-95.624087,Unknown,Unknown,Unknown,,,,,,,100425,2026-06-13 02:19:52.391210+00:00,2026-06-13 02:19:52.391210+00:00
85d8bc0f-b46d-4396-9a73-301fb5ad7c9c,Vance County Transfer Station,transfer_station,3453 NC Highway 39 N,Henderson,NC,27537,Vance,36.372774,-78.420878,Unknown,Unknown,Unknown,,(260) 579-1861,,,,,9102T-TRANSFER-1997,2026-06-13 02:20:07.409760+00:00,2026-06-13 02:20:07.409760+00:00
85e2cbdd-6bdc-4657-9004-5b60ff6ca84a,CITY OF SEYMOUR TRANSFER STATION FACILITY,transfer_station,,,,,BAYLOR,33.5595,-99.23867,Unknown,Unknown,Unknown,,,,,,,40144,2026-06-13 02:19:41.329224+00:00,2026-06-13 02:19:41.329224+00:00
8610e033-996a-4a78-83c0-a277d7772a3d,CITY OF CARTHAGE TRANSFER STATION FACILITY,transfer_station,,,,,PANOLA,32.17917,-94.32333,Unknown,Unknown,Unknown,,,,,,,40172,2026-06-13 02:19:52.391210+00:00,2026-06-13 02:19:52.391210+00:00
866bd6f8-2990-43fb-87f1-604afda4af84,Stevens Pumping Service,private_regional_septage_facility,3502 New Salem Road,Monroe,NC,,Union,35.067152386057,-80.441419571001,Yes,Unknown,Yes,,(980) 347-5359,,,,,NCS-01685,2026-06-13 02:20:14.798453+00:00,2026-06-13 02:20:14.798453+00:00
86966c76-0438-4be0-8f3f-f2c92c4c108f,TIMBER SOLUTIONS INC SOUTH YARD,composting_facility,14022 S GESSNER RD,MISSOURI CITY,TX,77489,FORT BEND,29.621181,-95.541219,Unknown,Unknown,Unknown,,,,,,,100227,2026-06-13 02:19:52.391210+00:00,2026-06-13 02:19:52.391210+00:00
86b0ce6e-4838-4e97-a099-6daf6c988d54,WEISINGER MATERIALS INC,composting_facility,6394 HIGHWAY 105 W,CONROE,TX,77304,MONTGOMERY,30.34241,-95.53766,Unknown,Unknown,Unknown,,,,,,,100339,2026-06-13 02:19:52.391210+00:00,2026-06-13 02:19:52.391210+00:00
8706adf3-ccc5-4302-9c6f-fb4df2da6b7f,CUERO COLLECTION,transfer_station,1315 E BROADWAY ST,CUERO,TX,77954,DEWITT,29.078333,-97.301944,Unknown,Unknown,Unknown,,,,,,,120079,2026-06-13 02:19:52.391210+00:00,2026-06-13 02:19:52.391210+00:00
87611ef4-1d29-47f9-b6bf-e566623987e4,GETTY SYNTHETIC FUELS GAS RECOVERY,anaerobic_digester,,,,,HARRIS,29.831944,-95.248889,Unknown,Unknown,Unknown,,,,,,,1777,2026-06-13 02:19:52.391210+00:00,2026-06-13 02:19:52.391210+00:00
87710415-30cb-4fc0-80f6-c5dc01fc234d,CCI,private_regional_septage_facility,708 Martin Luther King Jr Drive,Thomasville,NC,,Davidson,35.887929026191,-80.100941857002,Unknown,Unknown,Unknown,,(704) 273-1500,,,,,NCS-01853,2026-06-13 02:20:07.409760+00:00,2026-06-13 02:20:07.409760+00:00
87966feb-784b-4abd-901b-2a1d4c25e8c9,GREEN GROUN COMPOST,composting_facility,7864 RETTA MANSFIELD RD,MANSFIELD,TX,76063,TARRANT,32.5238,-97.1966,Unknown,Unknown,Unknown,,,,,,,47053,2026-06-13 02:19:52.391210+00:00,2026-06-13 02:19:52.391210+00:00
87b53f3c-3b2f-4cb9-9125-616bad43ed3e,Jordan Lake SRA - Poplar Point WWTF,private_regional_septage_facility,,,NC,,Chatham,,,Unknown,Unknown,Unknown,,,,https://edocs.deq.nc.gov/WaterResources/Search.aspx?dbid=0&searchcommand=%7B%5B%5D%3A%5BID%20%23%5D%3D%22WQ0004122%22%7D,,,WQ0004122,2026-06-13 02:20:02.366830+00:00,2026-06-13 02:20:02.366830+00:00
87da8ea9-124c-4932-b1b9-c87035eab060,Durham Compost Facility,composting_facility,2115 East Club Blvd.,Durham,NC,27704,Durham,36.037672,-78.852378,Unknown,Unknown,Unknown,,,,,,,3204-COMPOST-1991,2026-06-13 02:20:07.409760+00:00,2026-06-13 02:20:07.409760+00:00
87ff5197-b4e4-4f52-b5fc-6201125c90ab,CLEVELAND COMPACTOR #3,transfer_station,31 LILLEY YEAGER LOOP N,CLEVELAND,TX,77328,SAN JACINTO,30.607,-95.0896,Unknown,Unknown,Unknown,,,,,,,120054,2026-06-13 02:19:52.391210+00:00,2026-06-13 02:19:52.391210+00:00
88227426-94f7-44a8-b724-ee88b1c36985,South Cary WRF,potw_receiving_station,,,NC,,Wake,,,Unknown,Unknown,Unknown,,,,https://edocs.deq.nc.gov/WaterResources/Search.aspx?dbid=0&searchcommand=%7B%5B%5D%3A%5BID%20%23%5D%3D%22WQ0018489%22%7D,,,WQ0018489,2026-06-13 02:20:07.409760+00:00,2026-06-13 02:20:07.409760+00:00
885524a7-d386-442f-ae2c-73b78c073b4b,Town of Hertford Class B Residuals Program,land_application_site,,,NC,,Perquimans,,,Unknown,Unknown,Unknown,,,,https://edocs.deq.nc.gov/WaterResources/Search.aspx?dbid=0&searchcommand=%7B%5B%5D%3A%5BID%20%23%5D%3D%22WQ0020239%22%7D,,,WQ0020239,2026-06-13 02:20:02.366830+00:00,2026-06-13 02:20:02.366830+00:00
8885a40b-9ac4-4c37-8651-cb1f2bb6fc8e,City of Oxford RLAP,land_application_site,,,NC,,Granville,,,Unknown,Unknown,Unknown,,,,https://edocs.deq.nc.gov/WaterResources/Search.aspx?dbid=0&searchcommand=%7B%5B%5D%3A%5BID%20%23%5D%3D%22WQ0011244%22%7D,,,WQ0011244,2026-06-13 02:20:02.366830+00:00,2026-06-13 02:20:02.366830+00:00
88b26157-f341-404a-a852-c29c4a5798cf,Town of Faison WWTF,private_regional_septage_facility,,,NC,,Duplin,,,Unknown,Unknown,Unknown,,,,https://edocs.deq.nc.gov/WaterResources/Search.aspx?dbid=0&searchcommand=%7B%5B%5D%3A%5BID%20%23%5D%3D%22WQ0003661%22%7D,,,WQ0003661,2026-06-13 02:20:02.366830+00:00,2026-06-13 02:20:02.366830+00:00
88ec709e-39c5-4523-a6ad-b4388bc43a60,Edgecombe County CDLF,composting_facility,1601 Colonial Road,Tarboro,NC,27886,Edgecombe,35.823711,-77.56998,Unknown,Unknown,Unknown,,(252) 813-3947,,,,,3301-CDLF-1997,2026-06-13 02:20:07.409760+00:00,2026-06-13 02:20:07.409760+00:00
89189216-7757-4e2a-aa70-7364090d9190,Matthews Septic Tank Service,private_regional_septage_facility,PO Box 233,Farmville,NC,,Pitt,,,Yes,Unknown,Unknown,,(252) 714-7890,,,,,NCS-00246,2026-06-13 02:20:14.798453+00:00,2026-06-13 02:20:14.798453+00:00
892768d9-0946-40e3-b983-8f4b8308d356,YMCA Camp Weaver WWTP,private_regional_septage_facility,,,NC,,Guilford,,,Unknown,Unknown,Unknown,,,,https://edocs.deq.nc.gov/WaterResources/Search.aspx?dbid=0&searchcommand=%7B%5B%5D%3A%5BID%20%23%5D%3D%22WQ0019782%22%7D,,,WQ0019782,2026-06-13 02:20:02.366830+00:00,2026-06-13 02:20:02.366830+00:00
89e7686f-69f7-473c-b2d0-41db1a1618ea,SAM HOUSTON TRANSFER STATION,transfer_station,1138 W BELT DR N,HOUSTON,TX,77043-5010,Harris,29.750819,-95.558379,Unknown,Unknown,Unknown,,,,,110034997109,TXR05CY97,1471,2026-06-13 02:15:13.781135+00:00,2026-06-13 02:19:52.391210+00:00
8a205ac5-2867-497f-88fb-382d5105cc95,Myers Septic Tank Service LLC,private_regional_septage_facility,PO Box 207,Wilkesboro,NC,,Wilkes,,,Yes,Yes,Unknown,,(336) 838-5045,,,,,NCS-00338,2026-06-13 02:20:14.798453+00:00,2026-06-13 02:20:14.798453+00:00
8a464ccc-5628-4e45-b0be-c68965238b75,Liquid Environmental Solutions,private_regional_septage_facility,2990 Ervin Alston Rd,Fayetteville,NC,,Cumberland,34.960217209659,-78.840805621289,Unknown,Yes,Unknown,,(910) 323-4672,,,,,NCS-01330,2026-06-13 02:20:07.409760+00:00,2026-06-13 02:20:07.409760+00:00
8a718a8d-f778-4f8d-86d9-1d31d0b77f0c,Casey's Portable Toilets,private_regional_septage_facility,6901 Walters Rd,Gibson,NC,,Scotland,34.790513189677,-79.586818686091,Yes,Unknown,Yes,,(910) 217-3878,,,,,NCS-01352,2026-06-13 02:20:14.798453+00:00,2026-06-13 02:20:14.798453+00:00
8a8225f5-077a-49d5-be44-90f334c2e093,Parcel No. 20695 Weldon Painter Rd. SFR,private_regional_septage_facility,,,NC,,Person,,,Unknown,Unknown,Unknown,,,,https://edocs.deq.nc.gov/WaterResources/Search.aspx?dbid=0&searchcommand=%7B%5B%5D%3A%5BID%20%23%5D%3D%22WQ0008031%22%7D,,,WQ0008031,2026-06-13 02:20:02.366830+00:00,2026-06-13 02:20:02.366830+00:00
8b08d6a3-a91d-4661-b45f-fc27dc96755a,Mercado's Construction Clean Up Inc. DBA Purple Heart Portable Restrooms,private_regional_septage_facility,PO Box 786,Huntersville,NC,,Mecklenburg,,,Unknown,Unknown,Yes,,(704) 947-9811,,,,,NCS-01529,2026-06-13 02:20:14.798453+00:00,2026-06-13 02:20:14.798453+00:00
8b50797b-c8a5-4c4c-b0fa-b6b44a256716,DENNISON TRANSFER STATION,transfer_station,25409 STOCKDICK SCHOOL RD,KATY,TX,77493,HARRIS,29.845313,-95.814155,Unknown,Unknown,Unknown,,,,,,,110012,2026-06-13 02:19:52.391210+00:00,2026-06-13 02:19:52.391210+00:00
8bb2a37a-27e6-4edc-9bca-22daf3a2cb64,Roberson Home Services,private_regional_septage_facility,PO Box 1654,Elm City,NC,,Wilson,,,Yes,Unknown,Unknown,,(252) 236-3483,,,,,NCS-01202,2026-06-13 02:20:14.798453+00:00,2026-06-13 02:20:14.798453+00:00
8bb6f6d6-f34a-4464-bf58-b667ea55835d,Barnes Environmental Class B Residuals Program,land_application_site,,,NC,,Carteret,,,Unknown,Unknown,Unknown,,,,https://edocs.deq.nc.gov/WaterResources/Search.aspx?dbid=0&searchcommand=%7B%5B%5D%3A%5BID%20%23%5D%3D%22WQ0018525%22%7D,,,WQ0018525,2026-06-13 02:20:02.366830+00:00,2026-06-13 02:20:02.366830+00:00
8bd99dd5-69bd-4c82-b670-d4e23e7bcbb8,WasteAway Site Services LLC,private_regional_septage_facility,130 N Gibson Rd,Mebane,NC,,Orange,36.09580603551,-79.306293232341,Unknown,Unknown,Yes,,(919) 621-9111,,,,,NCS-01658,2026-06-13 02:20:14.798453+00:00,2026-06-13 02:20:14.798453+00:00
8c108743-355a-4df5-a42c-f89cbcd1818e,LPS LLC,private_regional_septage_facility,4204 Holder Rd,Durham,NC,,Durham,35.969729663873,-78.819509736281,Unknown,Unknown,Unknown,,,,,,,NCS-01904,2026-06-13 02:20:07.409760+00:00,2026-06-13 02:20:07.409760+00:00
8c315ad1-ed1a-4351-b6d1-b719c8f38b58,North Buncombe Septic Service,private_regional_septage_facility,27 Sawmill Road,Weaverville,NC,,Buncombe,35.742531931352,-82.600874451636,Yes,Unknown,Unknown,,(828) 775-1985,,,,,NCS-01543,2026-06-13 02:20:07.409760+00:00,2026-06-13 02:20:07.409760+00:00
8c5c0e8a-d049-4860-b5ed-49bd25989607,Anderson Septic Solutions,private_regional_septage_facility,3555 Ashworth Road,Marion,NC,,McDowell,35.627538515692,-81.987870698193,Yes,Yes,Unknown,,828.-92.6149,,,,,NCS-01923,2026-06-13 02:20:14.798453+00:00,2026-06-13 02:20:14.798453+00:00
8c6fde1a-43a4-44c6-8d11-849dbefef1f1,A-1 Appalachian Pumping,private_regional_septage_facility,124 Cheyenne Lane,Boone,NC,,Watauga,36.212538738829,-81.606398740333,Yes,Unknown,Unknown,,(828) 264-2450,,,,,NCS-01605,2026-06-13 02:20:14.798453+00:00,2026-06-13 02:20:14.798453+00:00
8c7f1eca-c6a0-4658-8a61-25f0482b3f9a,Wall Recycling - Garner Road,transfer_station,2126 Garner Road,Raleigh,NC,27610,Wake,35.750541,-78.633386,Unknown,Unknown,Yes,,(919) 812-9394,,,,,9242-TRANSFER-2020,2026-06-13 02:20:07.409760+00:00,2026-06-13 02:20:07.409760+00:00
8c85ab58-ac6d-43b2-865c-660cc569b7ea,CITY OF FORT WORTH BRENNAN AVE DROP OFF STATION,transfer_station,2400 BRENNAN AVE,FORT WORTH,TX,76106,TARRANT,32.78806,-97.32694,Unknown,Unknown,Unknown,,,,,,,120135,2026-06-13 02:19:52.391210+00:00,2026-06-13 02:19:52.391210+00:00
8c85be24-e9ef-47e0-b076-b55a57b5de57,Earth Farms Organics,composting_facility,351 Colt Thornburg Road,Dallas,NC,28034,Gaston,35.214536,-81.1012,Unknown,Yes,Unknown,,(717) 606-2704,,,,,3613-COMPOST-2017,2026-06-13 02:20:07.409760+00:00,2026-06-13 02:20:07.409760+00:00
8cc56c35-9ee7-40ff-9b23-1d6bc3737913,Duplin County Transfer Station,transfer_station,325 Landfill Road,Rose Hill,NC,28458,Duplin,34.859841,-77.981581,Unknown,Unknown,Unknown,,(910) 289-3091,,,,,3103-TRANSFER-2007,2026-06-13 02:20:07.409760+00:00,2026-06-13 02:20:07.409760+00:00
8cc84821-9930-4551-8b30-ae595f3bf817,Posh Potty and Events,private_regional_septage_facility,1008 Keith Rd,Wake Forest,NC,,Wake,35.988172579942,-78.607268419216,Unknown,Unknown,Yes,,(919)696-0188,,,,,NCS-01788,2026-06-13 02:20:14.798453+00:00,2026-06-13 02:20:14.798453+00:00
8ccfe44a-30ff-4423-9a54-a267a27484e9,EcoClean Septic Services,private_regional_septage_facility,1936 Jamestown Road,Morganton,NC,,Burke,35.706325587591,-81.777979172164,Yes,Unknown,Unknown,,(828) 334-1537,,,,,NCS-01390,2026-06-13 02:20:07.409760+00:00,2026-06-13 02:20:07.409760+00:00
8cf64cf2-9e12-40c3-81b4-741768025768,Wastewater Solutions By JTEC,private_regional_septage_facility,2625 Severn Road,Margarettsville,NC,,Northampton,36.518819010536,-77.245660746996,Unknown,Unknown,Unknown,,(252) 676-6170,,,,,NCS-01493,2026-06-13 02:20:14.798453+00:00,2026-06-13 02:20:14.798453+00:00
8d01b63d-23b3-488c-88ed-5b49e034593e,"Broyhill Environmental, LLC",private_regional_septage_facility,574 Lake Drive #9,Lexington,NC,,Davidson,35.703057426751,-80.248122512413,Unknown,Unknown,Unknown,,(828) 308-6007,,,,,NCS-01718,2026-06-13 02:20:07.409760+00:00,2026-06-13 02:20:07.409760+00:00
8d5161fa-94f5-4100-b6f5-db50ac400df5,City of Havelock Class B Residuals Program,land_application_site,,,NC,,Craven,,,Unknown,Unknown,Unknown,,,,https://edocs.deq.nc.gov/WaterResources/Search.aspx?dbid=0&searchcommand=%7B%5B%5D%3A%5BID%20%23%5D%3D%22WQ0000702%22%7D,,,WQ0000702,2026-06-13 02:20:02.366830+00:00,2026-06-13 02:20:02.366830+00:00
8d567e3c-c0dc-4846-82bf-4f09389c3e32,ANGELINA AND NECHES RIVER AUTHORITY COMPOSTING FACILITY,composting_facility,609 HWY 79 NORTH,JACKSONVILLE,TX,75766,CHEROKEE,31.900833,-95.403055,Unknown,Unknown,Unknown,,,,,,,42011,2026-06-13 02:19:52.391210+00:00,2026-06-13 02:19:52.391210+00:00
8d78e098-e2d3-4bf1-817d-e9f4c44ecfd8,Regional Disposal and Metal,transfer_station,9275 US Highway 19,Murphy,NC,28905,Cherokee,35.176,-83.922,Unknown,Unknown,Unknown,,(828) 837-5865,,,,,2003-TRANSFER-2020,2026-06-13 02:20:07.409760+00:00,2026-06-13 02:20:07.409760+00:00
8d7bb956-7faf-4a75-aada-0a8a98bf1828,"Morrisville Transfer Station, LLC",transfer_station,222 International Drive,Morrisville,NC,27560,Wake,35.840031,-78.823992,Unknown,Unknown,Unknown,,(919) 303-4728,,,,,9241-TRANSFER-2020,2026-06-13 02:20:07.409760+00:00,2026-06-13 02:20:07.409760+00:00
8d919649-4796-49fb-9077-04168ea61a13,Roanoke Porta-Johns,private_regional_septage_facility,PO Box 1123,Roanoke Rapids,NC,,Northampton,,,Unknown,Unknown,Yes,,(252) 537-2338,,,,,NCS-00039,2026-06-13 02:20:14.798453+00:00,2026-06-13 02:20:14.798453+00:00
8dd14e0b-29f8-43bd-b65d-e34ea7b22faf,Longs Septic Service,private_regional_septage_facility,162 Mountain View Dr,Jefferson,NC,,Ashe,36.411265429365,-81.432011657603,Yes,Unknown,Unknown,,(336) 246-3659,,,,,NCS-01282,2026-06-13 02:20:07.409760+00:00,2026-06-13 02:20:07.409760+00:00
8e01e7ac-3c94-4340-a79c-f2c1eeb16445,CIYT OF WICHITA FALLS TRANSFER STATION,transfer_station,3200 LAWRENCE RD,WICHITA FALLS,TX,76308-1615,WICHITA,33.87578,-98.53992,Unknown,Unknown,Unknown,,,,,110070357929,TXRNET703,1429,2026-06-13 02:10:47.633927+00:00,2026-06-13 02:19:41.329224+00:00
8e768fc7-d057-409b-bfd4-fba7b2749f96,"Future Abode, Inc. DBA Charlotte Septic Inspections",private_regional_septage_facility,8611 Concord Mills Blvd #142,Concord,NC,,Cabarrus,35.374169986581,-80.726103897438,Unknown,Unknown,Unknown,,(980) 439-3474,,,,,NCS-01581,2026-06-13 02:20:07.409760+00:00,2026-06-13 02:20:07.409760+00:00
8e865cb5-9b8c-4fff-b295-60ad223242cd,MESQUITE CREEK LFGTE FACILITY,anaerobic_digester,1700 KOHLENBERG RD,NEW BRAUNFELS,TX,78130,COMAL,29.736111,-98.019166,Unknown,Unknown,Unknown,,,,,,,48029,2026-06-13 02:19:52.391210+00:00,2026-06-13 02:19:52.391210+00:00
8e8c6d3a-0316-45cb-b276-4008a6fcf00c,Bear Lake Reserve WWTP,potw_receiving_station,,,NC,,Jackson,,,Unknown,Unknown,Unknown,,,,https://edocs.deq.nc.gov/WaterResources/Search.aspx?dbid=0&searchcommand=%7B%5B%5D%3A%5BID%20%23%5D%3D%22WQ0029233%22%7D,,,WQ0029233,2026-06-13 02:20:02.366830+00:00,2026-06-13 02:20:02.366830+00:00
8e96b0dc-27aa-4306-b231-0149f50fb595,Seaforth High School WWTF,private_regional_septage_facility,,,NC,,Chatham,,,Unknown,Unknown,Unknown,,,,https://edocs.deq.nc.gov/WaterResources/Search.aspx?dbid=0&searchcommand=%7B%5B%5D%3A%5BID%20%23%5D%3D%22WQ0040571%22%7D,,,WQ0040571,2026-06-13 02:20:02.366830+00:00,2026-06-13 02:20:02.366830+00:00
8ea5bace-5d3f-44ec-9cc6-9e19f768884c,Dirtworks,private_regional_septage_facility,P.O. Box 1394,Cashiers,NC,,Jackson,,,Unknown,Unknown,Unknown,,(828) 226-7171,,,,,NCS-01822,2026-06-13 02:20:14.798453+00:00,2026-06-13 02:20:14.798453+00:00
8eaec795-9620-4d71-b046-9abcc9cf2c60,R&J RECYCLING AND DISPOSAL TRANSFER STATION,transfer_station,,,,,SHELBY,31.811944,-94.176666,Unknown,Unknown,Yes,,,,,,,2401,2026-06-13 02:19:52.391210+00:00,2026-06-13 02:19:52.391210+00:00
8ed50b70-c5d2-4b41-8674-70402c203b13,LAKE AREA TRASH DISPOSAL,transfer_station,,,,,TRINITY,30.918333,-95.376388,Unknown,Unknown,Unknown,,,,,,,120056,2026-06-13 02:19:52.391210+00:00,2026-06-13 02:19:52.391210+00:00
8ef411b9-f1d0-4cc1-929b-4ad7b5f4ce66,CITY OF NACOGDOCHES GREASE TREATMENT FACILITY,private_regional_septage_facility,,,,,NACOGDOCHES,31.559444,-94.6475,Unknown,Unknown,Unknown,,,,,,,43007,2026-06-13 02:19:52.391210+00:00,2026-06-13 02:19:52.391210+00:00
8f7b9f2b-5666-4a07-b8c2-a6fa40ab5c40,Duplin Septic,private_regional_septage_facility,1235 Hallsville Rd.,Beulaville,NC,,Duplin,34.910144591902,-77.829034199034,Yes,Yes,Yes,,(910)282-8171,,,,,NCS-01846,2026-06-13 02:20:07.409760+00:00,2026-06-13 02:20:07.409760+00:00
8fa64092-8e93-47e5-a6e0-56488a86a57d,Redbox + of Cape Fear,private_regional_septage_facility,1905 Tempo Court,Greenville,NC,,Brunswick,35.577238563375,-77.348987636318,Unknown,Unknown,Yes,,(910) 506-8628,,,,,NCS-01677,2026-06-13 02:20:07.409760+00:00,2026-06-13 02:20:07.409760+00:00
8faf9a13-4abe-4525-baff-2dc52006a607,Town of Louisburg RLAP,land_application_site,,,NC,,Franklin,,,Unknown,Unknown,Unknown,,,,https://edocs.deq.nc.gov/WaterResources/Search.aspx?dbid=0&searchcommand=%7B%5B%5D%3A%5BID%20%23%5D%3D%22WQ0005981%22%7D,,,WQ0005981,2026-06-13 02:20:02.366830+00:00,2026-06-13 02:20:02.366830+00:00
8fdfe330-ebfb-4706-b230-5b9af59a4c81,Golden Valley Plant WWTF,private_regional_septage_facility,,,NC,,Rutherford,,,Unknown,Unknown,Unknown,,,,https://edocs.deq.nc.gov/WaterResources/Search.aspx?dbid=0&searchcommand=%7B%5B%5D%3A%5BID%20%23%5D%3D%22WQ0002052%22%7D,,,WQ0002052,2026-06-13 02:20:02.366830+00:00,2026-06-13 02:20:02.366830+00:00
8ff0442d-9bbb-4ac1-ac43-2ae5baad4c80,"KTJ Portables, LLC",private_regional_septage_facility,216 AI Taylor Rd,Richlands,NC,,Onslow,34.964581793694,-77.638524551669,Unknown,Unknown,Yes,,(910) 548-2444,,,,,NCS-01654,2026-06-13 02:20:14.798453+00:00,2026-06-13 02:20:14.798453+00:00
9018aad2-f185-4364-a8b6-62a526abe8bf,Carolina Compost,composting_facility,558 Free Pilgrim Church Road,Thomasville,NC,27360,Davidson,35.803563,-80.135258,Unknown,Yes,Unknown,,(336) 474-1436,,,,,2911-COMPOST-2022,2026-06-13 02:20:07.409760+00:00,2026-06-13 02:20:07.409760+00:00
902d91f8-0145-4bec-8fce-25d66b121d02,CITY OF EL PASO HONDO PASS CCS,transfer_station,4501 HONDO PASS DR,EL PASO,TX,79904,EL PASO,31.6942,-106.3003,Unknown,Unknown,Unknown,,,,,,,120018,2026-06-13 02:19:52.391210+00:00,2026-06-13 02:19:52.391210+00:00
9051f0c8-cafe-4a0a-9055-d251646187d2,3M - Pittsboro WWTP,potw_receiving_station,,,NC,,Chatham,,,Unknown,Unknown,Unknown,,,,https://edocs.deq.nc.gov/WaterResources/Search.aspx?dbid=0&searchcommand=%7B%5B%5D%3A%5BID%20%23%5D%3D%22WQ0020808%22%7D,,,WQ0020808,2026-06-13 02:20:02.366830+00:00,2026-06-13 02:20:02.366830+00:00
905e1798-a898-4d4e-b541-eb527474c61c,Inman Septic Services,private_regional_septage_facility,PO Box 10310,Wilmington,NC,,New Hanover,,,Yes,Unknown,Unknown,,(910) 763-1146,,,,,NCS-01221,2026-06-13 02:20:14.798453+00:00,2026-06-13 02:20:14.798453+00:00
9060cb80-30f6-45e7-b9d9-9212e59cbec4,CITY OF WEIMAR TRANSFER STATION,transfer_station,801 E SAINT CHARLES ST,WEIMAR,TX,78962,COLORADO,29.7,-96.76,Unknown,Unknown,Unknown,,,,,,,40282,2026-06-13 02:19:52.391210+00:00,2026-06-13 02:19:52.391210+00:00
90731f1c-eeec-4c88-94f0-425220b214ed,R&R Pumping Service,private_regional_septage_facility,1933 Michelle Dr,Kannapolis,NC,,Rowan,35.507548586636,-80.543556577615,Unknown,Unknown,Unknown,,(704) 985-3707,,,,,NCS-01179,2026-06-13 02:20:14.798453+00:00,2026-06-13 02:20:14.798453+00:00
90bbb127-ba3f-4053-9a00-edc75130f171,Scott Robbins Septic Tank,private_regional_septage_facility,1064 Garner Road,Denton,NC,,Davidson,35.658639938022,-80.097698785724,Yes,Unknown,Unknown,,(336) 880-0859,,,,,NCS-01099,2026-06-13 02:20:07.409760+00:00,2026-06-13 02:20:07.409760+00:00
90e27482-7068-47c8-ac40-45baff7909e3,CITY OF BROWNSVILLE COMPOSTING FACILITY,composting_facility,,,,,CAMERON,25.93583,-97.39,Unknown,Unknown,Unknown,,,,,,,42015,2026-06-13 02:19:52.391210+00:00,2026-06-13 02:19:52.391210+00:00
910334f7-c326-467b-9866-dd283cc78e3c,Robersonville Ice & Coal Inc.,private_regional_septage_facility,PO Box 106,Robersonville,NC,,Martin,,,Yes,Unknown,Yes,,(252) 795-4782,,,,,NCS-00611,2026-06-13 02:20:14.798453+00:00,2026-06-13 02:20:14.798453+00:00
910ddf86-b0c8-41a6-9120-3e190a2a05f3,CITY OF SEALY TRANSFER STATION,transfer_station,1097 DOWNEY RD,SEALY,TX,77474,AUSTIN,29.78833,-96.14,Unknown,Unknown,Unknown,,,,,,,40025,2026-06-13 02:19:52.391210+00:00,2026-06-13 02:19:52.391210+00:00
9119fa61-c958-4821-8e1b-040def405880,DUKES JUNK RECYCLING,transfer_station,20301 HOG EYE RD,MANOR,TX,78653,TRAVIS,30.2945,-97.4965,Unknown,Unknown,Unknown,,,,,,,120201,2026-06-13 02:19:52.391210+00:00,2026-06-13 02:19:52.391210+00:00
915155c9-19b5-4179-8729-b8e06128d50b,Bailey Company,private_regional_septage_facility,P.O. Box 2162,Henderson,NC,,Vance,,,Yes,Yes,Yes,,,,,,,NCS-00285,2026-06-13 02:20:14.798453+00:00,2026-06-13 02:20:14.798453+00:00
91883612-a45e-4c38-bda0-fcd40f62b4b7,PLESSALA ENTERPRISES,composting_facility,5846 FM 105,ORANGE,TX,77630-8091,Orange,30.218535,-94.02142,Unknown,Unknown,Unknown,,,,,110034377635,TXR05EM44,100008,2026-06-13 02:14:37.097914+00:00,2026-06-13 02:19:52.391210+00:00
919507a7-0003-40e2-bf3d-7ff1126d01f8,Parcel No. 18798 S. Oak Cove Dr. SFR,private_regional_septage_facility,,,NC,,Person,,,Unknown,Unknown,Unknown,,,,https://edocs.deq.nc.gov/WaterResources/Search.aspx?dbid=0&searchcommand=%7B%5B%5D%3A%5BID%20%23%5D%3D%22WQ0024719%22%7D,,,WQ0024719,2026-06-13 02:20:02.366830+00:00,2026-06-13 02:20:02.366830+00:00
91af1182-ff91-498b-a479-27aaa09d1a11,Overdale Road Transfer Station,transfer_station,5000 Overdale Road,Winston-Salem,NC,27101,Forsyth,36.033303,-80.232208,Yes,Unknown,Unknown,,(540) 915-1165,,,,,3416T-TRANSFER-,2026-06-13 02:20:07.409760+00:00,2026-06-13 02:20:07.409760+00:00
91d6f27a-eb86-46db-9c7c-d63591a06411,CITY OF DILLEY CITIZEN COLLECTION STATION,transfer_station,1257 CR 3800,DILLEY,TX,78017,FRIO,,,Unknown,Unknown,Unknown,,,,,,,120160,2026-06-13 02:19:52.391210+00:00,2026-06-13 02:19:52.391210+00:00
91dd23f5-e021-49bb-abf6-925a4b71350c,AUSTIN WOOD RECYCLING DAYTON,composting_facility,9635 FM 1960,DAYTON,TX,77535-6203,Liberty,30.049668,-95.029067,Unknown,Unknown,Unknown,,,,,110072000759,TXR05GU42,100626,2026-06-13 02:09:55.042677+00:00,2026-06-13 02:19:52.391210+00:00
9211cbe2-9aec-4b2f-8f1a-2d216dc4ddff,Garner Construction Co,private_regional_septage_facility,105 Carl Garner Rd,Newport,NC,,Carteret,34.758513393569,-76.849679326869,Yes,Unknown,Unknown,,(252) 223-4019,,,,,NCS-00049,2026-06-13 02:20:07.409760+00:00,2026-06-13 02:20:07.409760+00:00
92127977-e3a5-4f70-b6aa-2a688528ee98,SPRINGER TRANSFER STATION,transfer_station,13842 PENICK RD,WALLER,TX,77484,WALLER,31.65,-94.635887,Unknown,Unknown,Unknown,,,,,,,110013,2026-06-13 02:19:52.391210+00:00,2026-06-13 02:19:52.391210+00:00
921c0322-ebf4-4a83-9922-e547c55c51de,Maples Septic Tank Service,private_regional_septage_facility,80 Thomas Kelly Rd,Sanford,NC,,Lee,35.474948010532,-79.037913809445,Yes,Unknown,Unknown,,(919) 356-5785,,,,,NCS-00901,2026-06-13 02:20:14.798453+00:00,2026-06-13 02:20:14.798453+00:00
92258e76-3439-4d0c-b497-e78095375fa6,CITY OF PENITAS CITIZENS COLLECTION STATION,transfer_station,1129 MILITARY RD,PENITAS,TX,78576,HIDALGO,,,Unknown,Unknown,Unknown,,,,,,,120202,2026-06-13 02:19:52.391210+00:00,2026-06-13 02:19:52.391210+00:00
923c0e47-74f8-4169-b5e4-8e3fa997a70f,Powell Septic Tank Service,private_regional_septage_facility,360 Powell Road,Taylorsville,NC,,Alexander,35.895418889314,-81.143112843655,Yes,Unknown,Unknown,,828.-30.0758,,,,,NCS-00909,2026-06-13 02:20:07.409760+00:00,2026-06-13 02:20:07.409760+00:00
924a6b75-ed3e-433e-baed-401c62fa2d1c,Brian's Septic Service,private_regional_septage_facility,5127 Glenview Drive,High Point,NC,,Randolph,35.87080897759,-79.917139719857,Unknown,Unknown,Unknown,,(336) 491-1470,,,,,NCS-01570,2026-06-13 02:20:14.798453+00:00,2026-06-13 02:20:14.798453+00:00
927842ee-8211-4125-a6e3-f4e81ca18df7,CITY OF GARLAND TRANSFER STATION FACILITY,transfer_station,1434 COMMERCE ST,GARLAND,TX,75040-6704,Dallas,32.908763,-96.60976,Unknown,Unknown,Unknown,,,,,110034136370,TXR05DB88,12A,2026-06-13 02:10:41.740925+00:00,2026-06-13 02:19:41.329224+00:00
92a3e83e-f4e7-4479-82a8-4fd187434f2c,Smith Septic Systems,private_regional_septage_facility,5288 Sidney Rd,Belhaven,NC,,Beaufort,35.482486598432,-76.679974487673,Yes,Yes,Yes,,252. 94.8080,,,,,NCS-01856,2026-06-13 02:20:07.409760+00:00,2026-06-13 02:20:07.409760+00:00
92f611c5-643d-4685-9de1-ae28848963e7,PINEY WOODS SANITATION,transfer_station,,,,,HOUSTON,31.323576,-95.467571,Unknown,Unknown,Yes,,,,,,,40318,2026-06-13 02:19:52.391210+00:00,2026-06-13 02:19:52.391210+00:00
931a2785-1400-4c47-85a3-c2f9f499e506,Town of Rich Square WWIS,private_regional_septage_facility,,,NC,,Northampton,,,Unknown,Unknown,Unknown,,,,https://edocs.deq.nc.gov/WaterResources/Search.aspx?dbid=0&searchcommand=%7B%5B%5D%3A%5BID%20%23%5D%3D%22WQ0023203%22%7D,,,WQ0023203,2026-06-13 02:20:02.366830+00:00,2026-06-13 02:20:02.366830+00:00
934b03f4-7914-40cd-af8a-f4fc1ba8fad2,BEE COUNTY SKIDMORE CITIZENS COLLECITON CENTER,transfer_station,7577 CR 612,SKIDMORE,TX,78389,BEE,28.2437,-97.776,Unknown,Unknown,Unknown,,,,,,,120131,2026-06-13 02:19:52.391210+00:00,2026-06-13 02:19:52.391210+00:00
935bc6b9-dd75-4742-ad3e-b55307fc48d2,LIVING EARTH ROLAND RD,composting_facility,4314 ROLAND RD,KATY,TX,77493,Harris,29.83139,-95.80257,Unknown,Unknown,Unknown,,,,,110072002991,TXR1581VT,100364,2026-06-13 02:13:19.417606+00:00,2026-06-13 02:19:52.391210+00:00
93a5ea16-d95a-4d57-b976-4dc1f1d5701e,Broad River Water Authority DCAR,land_application_site,,,NC,,Rutherford,,,Unknown,Unknown,Unknown,,,,https://edocs.deq.nc.gov/WaterResources/Search.aspx?dbid=0&searchcommand=%7B%5B%5D%3A%5BID%20%23%5D%3D%22WQ0035576%22%7D,,,WQ0035576,2026-06-13 02:20:02.366830+00:00,2026-06-13 02:20:02.366830+00:00
93b5df37-6a32-4891-af88-5542ff744f54,BUFFALO CREEK RENEWABLE NATURAL GAS FACILITY,anaerobic_digester,,,,,WICHITA,,,Unknown,Unknown,Unknown,,,,,,,48057,2026-06-13 02:19:41.329224+00:00,2026-06-13 02:19:41.329224+00:00
9424f7ac-5608-45af-b281-aa029d8d6db6,Alleghany County Transfer Facility,transfer_station,419 Osborne Road,Sparta,NC,28675,Alleghany,36.493661,-81.149541,Unknown,Unknown,Unknown,,(336) 657-0769,,,,,0303T-TRANSFER-1994,2026-06-13 02:20:07.409760+00:00,2026-06-13 02:20:07.409760+00:00
9433946b-e5e7-493e-b5c1-d90a38591c28,ROMINE KEVIN D RECYCLING FACILITY,composting_facility,,,,,HARRIS,29.98567,-95.8055,Unknown,Unknown,Unknown,,,,,,,47005,2026-06-13 02:19:52.391210+00:00,2026-06-13 02:19:52.391210+00:00
944b70a2-ed5e-46dd-b18d-d300b3bd47c2,KIRSCH ENTERPRISES,composting_facility,2625 MILLS BRANCH DR,HUMBLE,TX,77345,HARRIS,30.071377,-95.170414,Unknown,Unknown,Unknown,,,,,,,100174,2026-06-13 02:19:52.391210+00:00,2026-06-13 02:19:52.391210+00:00
9493b3fe-55ed-4c0c-952f-02f2a5030ae1,FANNIN COUNTY TRANSFER STATION,transfer_station,2024 FM 87,BONHAM,TX,75418-5823,FANNIN,33.594722,-96.231944,Unknown,Unknown,Unknown,,,,,110070552953,TXRNEBG05,40290,2026-06-13 02:11:43.714909+00:00,2026-06-13 02:19:41.329224+00:00
94a0d61e-61fb-4c5a-a710-903b664bc738,Holden Waste Containers,private_regional_septage_facility,PO Box 2184,Cashiers,NC,,Jackson,,,Unknown,Unknown,Unknown,,,,,,,NCS-01136,2026-06-13 02:20:14.798453+00:00,2026-06-13 02:20:14.798453+00:00
94a70862-3bf0-424f-9a14-855c8b55669e,Rental Equipment Solutions,private_regional_septage_facility,908 N. Durham Avenue,Creedmoor,NC,,Granville,36.127443552126,-78.683456085975,Unknown,Unknown,Unknown,,(919)946-9680,,,,,NCS-01702,2026-06-13 02:20:07.409760+00:00,2026-06-13 02:20:07.409760+00:00
94b88864-5ee4-46ee-9cb4-72bef089b73f,ATASCOCITA LFGTE FACILITY,anaerobic_digester,3623 WILSON RD,HUMBLE,TX,77396,HARRIS,29.952222,-95.242222,Unknown,Unknown,Unknown,,,,,,,48006,2026-06-13 02:19:52.391210+00:00,2026-06-13 02:19:52.391210+00:00
94be8bb4-9ea3-4fee-a718-6e4d2f03a8ed,EVERGRO ORGANIC RECYCLING,composting_facility,12470 SRALLA RD,CROSBY,TX,77532,HARRIS,29.867777,-95.028611,Unknown,Unknown,Unknown,,,,,,,47069,2026-06-13 02:19:52.391210+00:00,2026-06-13 02:19:52.391210+00:00
94de5904-8a38-4060-90bf-4ecd2a714642,Bullard Septic Service,private_regional_septage_facility,236 McDougald Rd,Sanford,NC,,Lee,35.377705742546,-79.119072405269,Yes,Yes,Yes,,(919) 499-1460,,,,,NCS-00990,2026-06-13 02:20:14.798453+00:00,2026-06-13 02:20:14.798453+00:00
94fecc0c-8521-4ab3-9158-5e01e802dfc5,Colvin Truck Wash WWTF,private_regional_septage_facility,,,NC,,Bladen,,,Unknown,Unknown,Unknown,,,,https://edocs.deq.nc.gov/WaterResources/Search.aspx?dbid=0&searchcommand=%7B%5B%5D%3A%5BID%20%23%5D%3D%22WQ0018707%22%7D,,,WQ0018707,2026-06-13 02:20:07.409760+00:00,2026-06-13 02:20:07.409760+00:00
95029891-6cf6-4399-8526-aa4d0d8a9738,George Bros.,private_regional_septage_facility,250 Boone Rd,Havelock,NC,,Craven,34.876302300399,-76.781734998019,Yes,Unknown,Unknown,,(252) 675-0434,,,,,NCS-01279,2026-06-13 02:20:07.409760+00:00,2026-06-13 02:20:07.409760+00:00
9511c488-c5a5-4266-b909-ff6246e96ea4,TST Cleaning Services,private_regional_septage_facility,PO Box 363,Tarboro,NC,,Edgecombe,,,Unknown,Unknown,Unknown,,(252) 544-0596,,,,,NCS-01663,2026-06-13 02:20:07.409760+00:00,2026-06-13 02:20:07.409760+00:00
952abadd-6aee-45b9-adc7-4da83c304c7d,Anderson Creek Transfer Station,transfer_station,1086 Poplar Drive,Spring Lake,NC,28390,Harnett,35.294551,-78.995931,Unknown,Unknown,Unknown,,(910) 814-6004,,,,,4309T-TRANSFER-,2026-06-13 02:20:07.409760+00:00,2026-06-13 02:20:07.409760+00:00
954b9c59-f6c6-40c0-b085-b9c56f12a6fe,SOIL BUILDING SYSTEMS,composting_facility,2101 WALNUT HILL LN,DALLAS,TX,75229-4415,DALLAS,32.88108,-96.90809,Unknown,Unknown,Unknown,,,,,110070355534,TXR05DE90,100491,2026-06-13 02:15:37.068591+00:00,2026-06-13 02:19:52.391210+00:00
956cd848-f79a-4bc3-afde-9818c4e51016,Shinn Village WWTF,potw_receiving_station,,,NC,,Iredell,,,Unknown,Unknown,Unknown,,,,https://edocs.deq.nc.gov/WaterResources/Search.aspx?dbid=0&searchcommand=%7B%5B%5D%3A%5BID%20%23%5D%3D%22WQ0043421%22%7D,,,WQ0043421,2026-06-13 02:20:02.366830+00:00,2026-06-13 02:20:02.366830+00:00
95772a61-02ba-4b93-bb69-91c7415a37ab,JC Johnson Septic Services Inc,private_regional_septage_facility,3201 Maple Ave,Efland,NC,,Orange,36.130168152126,-79.209408278902,Yes,Yes,Yes,,(919)732-3737,,,,,NCS-01806,2026-06-13 02:20:14.798453+00:00,2026-06-13 02:20:14.798453+00:00
957fd292-791d-4359-84d2-3a787b85e0d8,Highlands Cove WWTP,potw_receiving_station,,,NC,,Jackson,,,Unknown,Unknown,Unknown,,,,https://edocs.deq.nc.gov/WaterResources/Search.aspx?dbid=0&searchcommand=%7B%5B%5D%3A%5BID%20%23%5D%3D%22WQ0017530%22%7D,,,WQ0017530,2026-06-13 02:20:02.366830+00:00,2026-06-13 02:20:02.366830+00:00
95a840b1-056f-46c2-ae45-33a0fe2ddd69,Town of Valdese Class A Residuals Composting Program,land_application_site,,,NC,,Burke,,,Unknown,Unknown,Unknown,,,,https://edocs.deq.nc.gov/WaterResources/Search.aspx?dbid=0&searchcommand=%7B%5B%5D%3A%5BID%20%23%5D%3D%22WQ0001990%22%7D,,,WQ0001990,2026-06-13 02:20:02.366830+00:00,2026-06-13 02:20:02.366830+00:00
95c096b5-8b53-4295-b8bc-bd3743d09c41,City of Wilson Class B Residuals Program,land_application_site,,,NC,,Wilson,,,Unknown,Unknown,Unknown,,,,https://edocs.deq.nc.gov/WaterResources/Search.aspx?dbid=0&searchcommand=%7B%5B%5D%3A%5BID%20%23%5D%3D%22WQ0001896%22%7D,,,WQ0001896,2026-06-13 02:20:02.366830+00:00,2026-06-13 02:20:02.366830+00:00
95f9409d-1d6d-405b-94c2-b165d9767601,North Durham WRF,potw_receiving_station,,,NC,,Durham,,,Unknown,Unknown,Unknown,,,,https://edocs.deq.nc.gov/WaterResources/Search.aspx?dbid=0&searchcommand=%7B%5B%5D%3A%5BID%20%23%5D%3D%22WQ0032515%22%7D,,,WQ0032515,2026-06-13 02:20:02.366830+00:00,2026-06-13 02:20:02.366830+00:00
960c0f3a-a26c-4144-abfa-88c89ff5be6c,RUFFINO HILLS TRANSFER STATION,transfer_station,9720 RUFFINO RD,HOUSTON,TX,77031-2636,Harris,29.6562,-95.55042,Unknown,Unknown,Unknown,,,,,110034158319,TXR05S197,1355A,2026-06-13 02:15:06.413808+00:00,2026-06-13 02:19:52.391210+00:00
961c30be-794d-478c-8f68-7eab28fcd3c2,Rock's Septic Cleaning LLC,private_regional_septage_facility,147 Crestview Drive,Rockingham,NC,,Richmond,34.976477349255,-79.795075839799,Yes,Yes,Yes,,(910)206-3455,,,,,NCS-01491,2026-06-13 02:20:14.798453+00:00,2026-06-13 02:20:14.798453+00:00
963aa9c2-42a0-4d67-b3df-2097bba3190b,Quality Service Today,private_regional_septage_facility,133 Lockhead Ln,Prospect Hill,NC,,Alamance,36.323283647529,-79.213931276423,Yes,Unknown,Unknown,,336.-29.2798,,,,,NCS-01576,2026-06-13 02:20:07.409760+00:00,2026-06-13 02:20:07.409760+00:00
963cd36a-d876-4d04-b421-0e7dedbc83f2,"Carolina Dewatering, LLC",private_regional_septage_facility,141 Furlong Industrial Drive,Kernersville,NC,,Forsyth,36.118839072257,-80.057044601454,Unknown,Unknown,Unknown,,,,,,,NCS-01159,2026-06-13 02:20:07.409760+00:00,2026-06-13 02:20:07.409760+00:00
963f33a5-9f26-49be-9d42-bb6ac1b0aa77,TEXAS SLUDGE DISPOSAL COMPOSTING FACILITY,composting_facility,,,,,SAN PATRICIO,27.996111,-97.357777,Unknown,Unknown,Unknown,,,,,,,2319,2026-06-13 02:19:52.391210+00:00,2026-06-13 02:19:52.391210+00:00
964e8114-170e-41e7-a392-a6608a7d982b,BRAZOS VALLEY RECYCLING,composting_facility,,,,,BRAZOS,30.57177,-96.4056,Unknown,Unknown,Yes,,,,,,,100200,2026-06-13 02:19:52.391210+00:00,2026-06-13 02:19:52.391210+00:00
96c430f4-f47b-4e64-b333-0e8318df81c2,A-1 Service Group,private_regional_septage_facility,P.O. Box 7707,Greensboro,NC,,Guilford,,,Unknown,Unknown,Yes,,336.-73.2224,,,,,NCS-01824,2026-06-13 02:20:07.409760+00:00,2026-06-13 02:20:07.409760+00:00
96cf871c-5f31-4f90-8837-49d4c123ee3a,CITY OF FORT WORTH HILLSHIRE DROP OFF STATION,transfer_station,301 HILLSHIRE DR,HASLET,TX,76052,TARRANT,32.927941,-97.355672,Unknown,Unknown,Unknown,,,,,,,120133,2026-06-13 02:19:52.391210+00:00,2026-06-13 02:19:52.391210+00:00
96f37343-c100-46b6-924e-0387b357bc32,CITY OF CLARENDON TRANSFER STATION,transfer_station,400 N FRONT ST,CLARENDON,TX,79226,DONLEY,34.889166,-99.889166,Unknown,Unknown,Unknown,,,,,,,40192,2026-06-13 02:19:41.329224+00:00,2026-06-13 02:19:41.329224+00:00
9734eb28-f4c7-47f3-91fa-0d848c3257b5,R & B GATLIN F,composting_facility,2397 E LOOP 281,LONGVIEW,TX,75605,GREGG,32.513055,-94.6725,Unknown,Unknown,Unknown,,,,,110070362427,TXR05EY40,100564,2026-06-13 02:14:51.834762+00:00,2026-06-13 02:19:52.391210+00:00
9748ada9-e58d-4896-93d9-6c4291c85366,COASTAL PLAINS RECYCLING AND LANDFILL FACILITY,composting_facility,21000 E HIGHWAY 6,ALVIN,TX,77511,GALVESTON,29.424722,-95.193888,Unknown,Unknown,Unknown,,,,,,,1721A,2026-06-13 02:19:52.391210+00:00,2026-06-13 02:19:52.391210+00:00
974f81e2-3083-4ff8-9841-8879b9362896,Amgen CUS,potw_receiving_station,,,NC,,Wake,,,Unknown,Unknown,Unknown,,,,https://edocs.deq.nc.gov/WaterResources/Search.aspx?dbid=0&searchcommand=%7B%5B%5D%3A%5BID%20%23%5D%3D%22WQ0046976%22%7D,,,WQ0046976,2026-06-13 02:20:07.409760+00:00,2026-06-13 02:20:07.409760+00:00
97676b05-812c-4fc7-9cb8-7795437d9dd4,Neuse River Resource Recovery Facility,potw_receiving_station,,,NC,,Wake,,,Unknown,Unknown,Unknown,,,,https://edocs.deq.nc.gov/WaterResources/Search.aspx?dbid=0&searchcommand=%7B%5B%5D%3A%5BID%20%23%5D%3D%22WQ0016222%22%7D,,,WQ0016222,2026-06-13 02:20:02.366830+00:00,2026-06-13 02:20:02.366830+00:00
9768b830-f99d-4adb-ac89-8808f2f37e35,Prince Boat Dock,private_regional_septage_facility,237 Prince Boat Dock Road,Almond,NC,,Graham,,,Unknown,Unknown,Unknown,,828.-47.3704,,,,,NCS-01876,2026-06-13 02:20:07.409760+00:00,2026-06-13 02:20:07.409760+00:00
97946be8-7289-43a4-8c69-1fa3c6376328,Erik's Grading & Septic,private_regional_septage_facility,PO Box 1172,Franklin,NC,,Macon,,,Yes,Unknown,Unknown,,(828) 526-6245,,,,,NCS-01661,2026-06-13 02:20:14.798453+00:00,2026-06-13 02:20:14.798453+00:00
97e8a7a5-ff18-48a3-9430-2ef4cae8ec06,One More Pott Septic Services LLC,private_regional_septage_facility,415 South Lansford Dr.,Wadesboro,NC,,Anson,34.955951896871,-80.089867473567,Yes,Unknown,Unknown,,(704)475-0254,,,,,NCS-01820,2026-06-13 02:20:07.409760+00:00,2026-06-13 02:20:07.409760+00:00
98178a3e-da3c-4e2e-b91c-d4bb34947db2,CHAMPION COMPOST FACILITY,composting_facility,,,,,GRAYSON,33.7408,-96.68905,Unknown,Unknown,Unknown,,,,,,,47073,2026-06-13 02:19:52.391210+00:00,2026-06-13 02:19:52.391210+00:00
981e9792-26ed-44b9-90c5-0d5ab4d4ca49,Badin Lake Recreation Area WWTF,private_regional_septage_facility,,,NC,,Montgomery,,,Unknown,Unknown,Unknown,,,,https://edocs.deq.nc.gov/WaterResources/Search.aspx?dbid=0&searchcommand=%7B%5B%5D%3A%5BID%20%23%5D%3D%22WQ0009849%22%7D,,,WQ0009849,2026-06-13 02:20:02.366830+00:00,2026-06-13 02:20:02.366830+00:00
9846ffd9-da37-4496-b24d-368f3ef16fa0,Liquid Environmental Solutions (Winston-Salem),private_regional_septage_facility,750 Palmer Lane,Winston-Salem,NC,,Forsyth,36.050392321436,-80.229696111244,Unknown,Yes,Unknown,,(910) 224-3119,,,,,NCS-01372,2026-06-13 02:20:07.409760+00:00,2026-06-13 02:20:07.409760+00:00
984a81e3-6546-45a5-86db-2ed4514da1f2,Willis Septic Tank Service,private_regional_septage_facility,22247 NC Highway 55,Oriental,NC,,Pamlico,35.064434583773,-76.711993983233,Unknown,Unknown,Unknown,,,,,,,NCS-00796,2026-06-13 02:20:14.798453+00:00,2026-06-13 02:20:14.798453+00:00
987ce619-58f1-4a7a-97f2-097015542723,ORVEL WHEELER,composting_facility,3710 VALERIE LN,SPRING,TX,77380,MONTGOMERY,30.146969,-95.499834,Unknown,Unknown,Unknown,,,,,,,100131,2026-06-13 02:19:52.391210+00:00,2026-06-13 02:19:52.391210+00:00
9896a269-4140-4ba5-b924-0969c88358e9,Sustainable Waste Management LLC,private_regional_septage_facility,PO Box 3965,Mooresville,NC,,Iredell,,,Unknown,Unknown,Yes,,(704) 929-5408,,,,,NCS-01626,2026-06-13 02:20:14.798453+00:00,2026-06-13 02:20:14.798453+00:00
98989854-f88f-428f-864f-f29fa060e32c,Lenoir County Transfer Facility,transfer_station,2949 Hodges Farm Road,La Grange,NC,28551,Lenoir,35.295243,-77.713175,Unknown,Unknown,Unknown,,(252) 566-4194,,,,,5405T-TRANSFER-1998,2026-06-13 02:20:07.409760+00:00,2026-06-13 02:20:07.409760+00:00
989a746b-f80a-4aa0-97d0-28ff37898052,Harnett Regional Water,private_regional_septage_facility,700 McKinney Parkway,Lillington,NC,,Harnett,35.420306837009,-78.812874204351,Unknown,Unknown,Unknown,,(910) 893-7575,,,,,NCS-00879,2026-06-13 02:20:07.409760+00:00,2026-06-13 02:20:07.409760+00:00
98bf4fe2-2f87-4fc9-9ad4-d6f41f2adf14,LONE STAR WASTE,transfer_station,413 FM 20,BASTROP,TX,78602,BASTROP,30.09101,-97.38502,Unknown,Unknown,Unknown,,,,,,,110022,2026-06-13 02:19:52.391210+00:00,2026-06-13 02:19:52.391210+00:00
98db10d1-2b91-470b-aa6f-5c975c6522a1,"Bay Disposal, LLC",transfer_station,8546 Caratoke Hwy.,Powells Point,NC,27966,Currituck,36.109716,-75.825455,Unknown,Unknown,Unknown,,(571) 221-8657,,,,,2706-TRANSFER-2013,2026-06-13 02:20:07.409760+00:00,2026-06-13 02:20:07.409760+00:00
98e0cb7f-deae-4d7b-843d-7fbad35193f5,Parcel No. B30000007802 NC 801 N SFR,private_regional_septage_facility,,,NC,,Davie,,,Unknown,Unknown,Unknown,,,,https://edocs.deq.nc.gov/WaterResources/Search.aspx?dbid=0&searchcommand=%7B%5B%5D%3A%5BID%20%23%5D%3D%22WQ0044626%22%7D,,,WQ0044626,2026-06-13 02:20:02.366830+00:00,2026-06-13 02:20:02.366830+00:00
98e6a566-af40-436b-b2e0-cf1cb0b264d7,Beaufort Transfer Station,transfer_station,500 Flanders Filters Road,Washington,NC,27889,Beaufort,35.592911,-77.113111,Unknown,Unknown,Unknown,,(252) 644-3207,,,,,0703T-TRANSFER-2012,2026-06-13 02:20:07.409760+00:00,2026-06-13 02:20:07.409760+00:00
98f14cca-e213-491b-8e14-d6d508838f12,Atlantic OBX,private_regional_septage_facility,PO Box 2560,Kitty Hawk,NC,,Dare,,,Yes,Yes,Yes,,252.-26.8483,,,,,NCS-01151,2026-06-13 02:20:07.409760+00:00,2026-06-13 02:20:07.409760+00:00
9921ed64-0bcd-45b3-b850-0198f27a34f1,CITY OF NEWCASTLE,transfer_station,,,,,YOUNG,,,Unknown,Unknown,Unknown,,,,,,,120211,2026-06-13 02:19:41.329224+00:00,2026-06-13 02:19:41.329224+00:00
994e93c0-32c9-4c42-bbee-58031d599457,Contentnea MSD Class B Residuals Program,land_application_site,,,NC,,Pitt,,,Unknown,Unknown,Unknown,,,,https://edocs.deq.nc.gov/WaterResources/Search.aspx?dbid=0&searchcommand=%7B%5B%5D%3A%5BID%20%23%5D%3D%22WQ0001048%22%7D,,,WQ0001048,2026-06-13 02:20:07.409760+00:00,2026-06-13 02:20:07.409760+00:00
996f5dcb-f65c-43f7-8dde-6be192277bb5,Barnes Excavation and Grading,private_regional_septage_facility,7848 NC HWY 33 NW,Tarboro,NC,,Edgecombe,35.992773597507,-77.582530832165,Unknown,Unknown,Unknown,,252.-90.0909,,,,,NCS-01894,2026-06-13 02:20:07.409760+00:00,2026-06-13 02:20:07.409760+00:00
99ac7dc0-36ce-4224-89d2-05610c9d355f,Black Creek Road Transfer Station,transfer_station,3031 Black Creek Road,Wilson,NC,27893,Wilson,35.685091,-77.905201,Unknown,Unknown,Unknown,,(252) 361-0755,,,,,9808T-TRANSFER-2000,2026-06-13 02:20:07.409760+00:00,2026-06-13 02:20:07.409760+00:00
99ad5680-1d2b-477d-a46e-e76d41e76141,The Legacy at Jordan Lake Conjunctive Utilization System,potw_receiving_station,,,NC,,Chatham,,,Unknown,Unknown,Unknown,,,,https://edocs.deq.nc.gov/WaterResources/Search.aspx?dbid=0&searchcommand=%7B%5B%5D%3A%5BID%20%23%5D%3D%22WQ0040798%22%7D,,,WQ0040798,2026-06-13 02:20:02.366830+00:00,2026-06-13 02:20:02.366830+00:00
99f1ffd6-7b47-4eb6-bb5b-781a4dd28046,WASTE MANAGEMENT WESTSIDE TRANSFER STATION,transfer_station,12280 CAMP BOWIE WEST BLVD,ALEDO,TX,76008-5251,Tarrant,32.723159,-97.533703,Unknown,Unknown,Unknown,,,,,110071710966,TXR05AN18,40186,2026-06-13 02:17:14.573066+00:00,2026-06-13 02:19:41.329224+00:00
99f38e22-e02d-4b5d-a510-57d2de472080,WASTE CONVERSION INDUSTRIES INC,transfer_station,12500 CALLOWAY CEMETERY RD,EULESS,TX,76040,TARRANT,32.810277,-97.087777,Unknown,Unknown,Unknown,,,,,,,40207,2026-06-13 02:19:41.329224+00:00,2026-06-13 02:19:41.329224+00:00
9a0744c7-8175-467d-ada4-6a7cb1661705,BIG BIRD TREE SERVICE INC,composting_facility,401 E WHEATLAND RD,DALLAS,TX,75241,DALLAS,32.651205,-96.816927,Unknown,Unknown,Unknown,,,,,,,100158,2026-06-13 02:19:52.391210+00:00,2026-06-13 02:19:52.391210+00:00
9a0dd053-c790-44b3-a524-a4fc089ee9c4,SOUTH PLAINS DISPOSAL,private_regional_septage_facility,801 N AVENUE P,LUBBOCK,TX,79403,LUBBOCK,33.609094,-101.85376,Unknown,Unknown,Unknown,,,,,,,2231,2026-06-13 02:19:41.329224+00:00,2026-06-13 02:19:41.329224+00:00
9a2c8afc-6bb9-4029-bd3a-26779197c465,Castle Bay WWTP,potw_receiving_station,,,NC,,Pender,,,Unknown,Unknown,Unknown,,,,https://edocs.deq.nc.gov/WaterResources/Search.aspx?dbid=0&searchcommand=%7B%5B%5D%3A%5BID%20%23%5D%3D%22WQ0018755%22%7D,,,WQ0018755,2026-06-13 02:20:07.409760+00:00,2026-06-13 02:20:07.409760+00:00
9a2e93ac-011d-4206-8f0a-cf6b4100eafa,Clearview Land Management LLC DBA Clearview Environmental Services,private_regional_septage_facility,56 Devine Way,Waynesville,NC,,Haywood,35.548924741863,-83.019998086658,Yes,Yes,Unknown,,(828) 506-5747,,,,,NCS-01404,2026-06-13 02:20:07.409760+00:00,2026-06-13 02:20:07.409760+00:00
9a34625d-9ff4-4e08-a927-5ca3eea2b550,Blue Ridge Tissue Class A Residuals Program,land_application_site,,,NC,,Caldwell,,,Unknown,Unknown,Unknown,,,,https://edocs.deq.nc.gov/WaterResources/Search.aspx?dbid=0&searchcommand=%7B%5B%5D%3A%5BID%20%23%5D%3D%22WQ0011532%22%7D,,,WQ0011532,2026-06-13 02:20:02.366830+00:00,2026-06-13 02:20:02.366830+00:00
9a57e738-50bd-4d8b-870d-73bd7d7c5b58,620 RECYCLING DEPOT,transfer_station,3717 RANCH ROAD 620 N,AUSTIN,TX,78734,TRAVIS,30.396709,-97.918122,,,,,,,,,,110057,2026-06-13 02:19:52.391210+00:00,2026-06-13 02:19:52.391210+00:00
9a5a9f2a-cacf-45f6-b8ee-1246e57abcd5,"EEM (Eastern Environmental Management, LLC)",private_regional_septage_facility,PO Box 4030,Rocky Mount,NC,,Nash,,,Unknown,Unknown,Unknown,,(252) 443-2224,,,,,NCS-01533,2026-06-13 02:20:14.798453+00:00,2026-06-13 02:20:14.798453+00:00
9a658e88-a1ba-4a42-83b7-5f166b9e4f9f,Yancey-Mitchell Transfer Station,transfer_station,661 Landfill Road,Burnsville,NC,28714,Yancey,35.930271,-82.178251,Unknown,Unknown,Unknown,,(828) 682-3971,,,,,10003T-TRANSFER-1995,2026-06-13 02:20:07.409760+00:00,2026-06-13 02:20:07.409760+00:00
9ad43feb-8dbb-42bb-850b-330816247692,Swain County Transfer Facility,transfer_station,1422 NC Highway 19 S.,Bryson City,NC,28713,Swain,35.415481,-83.465291,Unknown,Unknown,Unknown,,(828) 735-2921,,,,,8702T-TRANSFER-,2026-06-13 02:20:07.409760+00:00,2026-06-13 02:20:07.409760+00:00
9ae51a0a-090b-4977-a86c-93354cd4f9ad,VALLEY DEWATERING SERVICES INC,private_regional_septage_facility,100 CAPISALLO RD,MERCEDES,TX,78570,HIDALGO,26.1522,-97.91,Yes,Unknown,Unknown,,,,,,,2343,2026-06-13 02:19:52.391210+00:00,2026-06-13 02:19:52.391210+00:00
9b3521d9-d9c8-4b47-bf7e-8e1ba47785df,Suttles Rd. Reclaimed Water Line Extension,potw_receiving_station,,,NC,,Chatham,,,Unknown,Unknown,Unknown,,,,https://edocs.deq.nc.gov/WaterResources/Search.aspx?dbid=0&searchcommand=%7B%5B%5D%3A%5BID%20%23%5D%3D%22WQ0040391%22%7D,,,WQ0040391,2026-06-13 02:20:02.366830+00:00,2026-06-13 02:20:02.366830+00:00
9b3a84d8-78d7-4faa-9aa4-055e67066354,Register's Septic Tank Pumping,private_regional_septage_facility,205 West Rd.,Turkey,NC,,Duplin,34.970938345698,-78.192176644596,Yes,Yes,Yes,,(910) 293-4022,,,,,NCS-00256,2026-06-13 02:20:07.409760+00:00,2026-06-13 02:20:07.409760+00:00
9b409dab-4300-4fce-98be-1bce08acc104,SPECHT ROAD RECYCLING FACILITY,composting_facility,,,,,BEXAR,,,Unknown,Unknown,Unknown,,,,,,,100454,2026-06-13 02:19:52.391210+00:00,2026-06-13 02:19:52.391210+00:00
9b536c80-eef3-40a9-9892-0d5dad74445d,Page's Septic Tank Cleaning,private_regional_septage_facility,146 Pine Ridge Road,Mocksville,NC,,Davie,35.804149616282,-80.513426957519,Yes,Unknown,Unknown,,(336) 284-4362,,,,,NCS-00474,2026-06-13 02:20:07.409760+00:00,2026-06-13 02:20:07.409760+00:00
9b64e7af-e861-4ae1-a7b9-f5a71b692886,Johnnie Mosley Regional WRF,potw_receiving_station,,,NC,,Lenoir,,,Unknown,Unknown,Unknown,,,,https://edocs.deq.nc.gov/WaterResources/Search.aspx?dbid=0&searchcommand=%7B%5B%5D%3A%5BID%20%23%5D%3D%22WQ0029289%22%7D,,,WQ0029289,2026-06-13 02:20:02.366830+00:00,2026-06-13 02:20:02.366830+00:00
9ba39010-d6cc-42cf-bec9-e0a0a73a6857,WRE Earth Farms LLC DBA Stanley Environmental Solutions,private_regional_septage_facility,131 Mariposa Road,Stanley,NC,,Gaston,35.37106843118,-81.098412299879,Yes,Yes,Unknown,,(704) 689-2106,,,,,NCS-01373,2026-06-13 02:20:07.409760+00:00,2026-06-13 02:20:07.409760+00:00
9bcc9b2a-0b1c-4715-b547-c2563caf5778,Atlantic OBX Class A Residuals Program,land_application_site,,,NC,,Dare,,,Yes,Yes,Yes,,,,https://edocs.deq.nc.gov/WaterResources/Search.aspx?dbid=0&searchcommand=%7B%5B%5D%3A%5BID%20%23%5D%3D%22WQ0040622%22%7D,,,WQ0040622,2026-06-13 02:20:02.366830+00:00,2026-06-13 02:20:02.366830+00:00
9bce3a21-b692-416e-8b7e-ffaaabd1a2d5,SHEPHERD COMPACTOR NO 2,transfer_station,550 N BYRD,SHEPHERD,TX,77371,SAN JACINTO,30.607,-95.0896,Unknown,Unknown,Unknown,,,,,,,120053,2026-06-13 02:19:52.391210+00:00,2026-06-13 02:19:52.391210+00:00
9bce7ef7-4b62-446f-a786-e1b8985cb062,Lower Cape Fear Water and Sewer Authority Class A Residuals Program,land_application_site,,,NC,,Bladen,,,Unknown,Unknown,Unknown,,,,https://edocs.deq.nc.gov/WaterResources/Search.aspx?dbid=0&searchcommand=%7B%5B%5D%3A%5BID%20%23%5D%3D%22WQ0036916%22%7D,,,WQ0036916,2026-06-13 02:20:02.366830+00:00,2026-06-13 02:20:02.366830+00:00
9bf398c1-5ec3-4e6a-b4aa-ced673965e8d,SENLAC SERVICE CENTER,transfer_station,13333 SENLAC DR,FARMERS BRANCH,TX,75234,DALLAS,32.9241,-96.9094,Unknown,Unknown,Unknown,,,,,,,65021,2026-06-13 02:19:41.329224+00:00,2026-06-13 02:19:52.391210+00:00
9bf93fd8-5bdc-45e3-83a4-e82c8fa28b26,200 Harris MIll Road,private_regional_septage_facility,,,NC,,Durham,,,Unknown,Unknown,Unknown,,,,https://edocs.deq.nc.gov/WaterResources/Search.aspx?dbid=0&searchcommand=%7B%5B%5D%3A%5BID%20%23%5D%3D%22WQ0003180%22%7D,,,WQ0003180,2026-06-13 02:20:07.409760+00:00,2026-06-13 02:20:07.409760+00:00
9c1847a4-743e-4537-8d92-09e48cfa5c37,DON TOL COMPOST FACILITY,composting_facility,,,,,WHARTON,,,Unknown,Unknown,Unknown,,,,,,,2318,2026-06-13 02:19:52.391210+00:00,2026-06-13 02:19:52.391210+00:00
9c196baa-52ac-424a-9264-0d952e9d6f3e,TEXAS DEPARTMENT OF CRIMINAL JUSTICE BETO I TRANSFER STATION FACILITY,transfer_station,1391 FM 3328,TENNESSEE COLONY,TX,75880,ANDERSON,31.736463,-95.824657,Unknown,Unknown,Unknown,,,,,,,40005,2026-06-13 02:19:52.391210+00:00,2026-06-13 02:19:52.391210+00:00
9c2f1815-e8f2-4389-9bc5-9450c8922c9a,Durant Road Transfer Station,transfer_station,9220 Durant Road,Raleigh,NC,27614,Wake,35.899546,-78.568541,Yes,No,Yes,,(919) 557-9583,,,,,9234-TRANSFER-2012,2026-06-13 02:20:07.409760+00:00,2026-06-13 02:20:07.409760+00:00
9c7ac4ee-f665-4d21-9b3d-6ea4b65e933a,Luck Stone - Pittsboro WWTF,private_regional_septage_facility,,,NC,,Chatham,,,Unknown,Unknown,Unknown,,,,https://edocs.deq.nc.gov/WaterResources/Search.aspx?dbid=0&searchcommand=%7B%5B%5D%3A%5BID%20%23%5D%3D%22WQ0019754%22%7D,,,WQ0019754,2026-06-13 02:20:02.366830+00:00,2026-06-13 02:20:02.366830+00:00
9c7c5e69-a3fb-47ef-896d-872787355c64,Chemours - Fayetteville Works Class A Residuals Program,land_application_site,,,NC,,Bladen,,,Unknown,Unknown,Unknown,,,,https://edocs.deq.nc.gov/WaterResources/Search.aspx?dbid=0&searchcommand=%7B%5B%5D%3A%5BID%20%23%5D%3D%22WQ0035431%22%7D,,,WQ0035431,2026-06-13 02:20:02.366830+00:00,2026-06-13 02:20:02.366830+00:00
9c820787-b68f-495e-a1ae-97259a06aba8,CITY OF BRACKETTVILLE TRANSFER STATION FACILITY,transfer_station,,,,,KINNEY,29.07167,-100.30117,Unknown,Unknown,Unknown,,,,,,,40170,2026-06-13 02:19:52.391210+00:00,2026-06-13 02:19:52.391210+00:00
9c9057cd-d822-4e2c-ace8-014a839f01aa,D & D Organic Farming LLC (DBA Royal Thrones Lavatories),private_regional_septage_facility,441 Buck Newsome Rd,Fremont,NC,,Wayne,35.584118642163,-77.906585916687,Yes,Yes,Unknown,,(919) 242-3751,,,,,NCS-00953,2026-06-13 02:20:14.798453+00:00,2026-06-13 02:20:14.798453+00:00
9c963a9b-2379-4898-a4a0-73c3aba6ca8b,PENDLY YARD,composting_facility,700 S LOOP 340,WACO,TX,76706,MCLENNAN,31.5275,-97.075833,Unknown,Unknown,Unknown,,,,,,,100629,2026-06-13 02:19:52.391210+00:00,2026-06-13 02:19:52.391210+00:00
9cb3fe06-f42e-4e7f-800d-765cedd4c895,Hawley's Camping Center,private_regional_septage_facility,P.O. Box 2060,Garner,NC,,Wake,,,Unknown,Unknown,Unknown,,,,,,,NCS-01038,2026-06-13 02:20:14.798453+00:00,2026-06-13 02:20:14.798453+00:00
9ce759fa-2cc4-44b8-9052-1fd621bf0908,"2853 Chimney RR, LLC",private_regional_septage_facility,1150 West Blue Ridge Road,Flat Rock,NC,,Henderson,35.272189345605,-82.436153039668,Unknown,Unknown,Unknown,,(828) 676-4088,,,,,NCS-01687,2026-06-13 02:20:14.798453+00:00,2026-06-13 02:20:14.798453+00:00
9d268596-b568-4726-9743-f20a1b028a36,IESI PALESTINE TRANSFER STATION,transfer_station,400 CR 3679,PALESTINE,TX,75801,Anderson,31.796975,-95.599486,Unknown,Unknown,Unknown,,,,,110070179827,TXR05AP69,2389,2026-06-13 02:12:46.409770+00:00,2026-06-13 02:19:52.391210+00:00
9d6cd860-6eb6-4f2f-903a-3ee17079b283,Town of Pittsboro WWTP,potw_receiving_station,,,NC,,Chatham,,,Unknown,Unknown,Unknown,,,,https://edocs.deq.nc.gov/WaterResources/Search.aspx?dbid=0&searchcommand=%7B%5B%5D%3A%5BID%20%23%5D%3D%22WQ0024838%22%7D,,,WQ0024838,2026-06-13 02:20:02.366830+00:00,2026-06-13 02:20:02.366830+00:00
9da96959-9615-4b36-9269-596ddda2039d,CHAMPION CONSTRUCTION RECYCLING MATERAIL RECOVERY FACILITY,transfer_station,4160 N PRESTON RD,CELINA,TX,75009,COLLIN,33.377566,-96.76761,Unknown,Unknown,Unknown,,,,,,,40284,2026-06-13 02:19:41.329224+00:00,2026-06-13 02:19:41.329224+00:00
9dd0edb0-3bce-4e72-9864-28dd2893b32c,Stoney Creek Elementary School WWTF,private_regional_septage_facility,,,NC,,Caswell,,,Unknown,Unknown,Unknown,,,,https://edocs.deq.nc.gov/WaterResources/Search.aspx?dbid=0&searchcommand=%7B%5B%5D%3A%5BID%20%23%5D%3D%22WQ0006941%22%7D,,,WQ0006941,2026-06-13 02:20:02.366830+00:00,2026-06-13 02:20:02.366830+00:00
9e17ff15-ff5d-4a30-afec-bff20b1d80be,CITY OF MESQUITE TRANSFER STATION FACILITY,transfer_station,1101 E MAIN ST,MESQUITE,TX,75149,DALLAS,32.5458,-96.5816,Unknown,Unknown,Unknown,,,,,,,1263,2026-06-13 02:19:41.329224+00:00,2026-06-13 02:19:41.329224+00:00
9e22c0a7-dd4b-449b-baf1-60b65f58350d,GNF-A Wilmington - Castle Hayne WWTP,potw_receiving_station,,,NC,,New Hanover,,,Unknown,Unknown,Unknown,,,,https://edocs.deq.nc.gov/WaterResources/Search.aspx?dbid=0&searchcommand=%7B%5B%5D%3A%5BID%20%23%5D%3D%22WQ0031317%22%7D,,,WQ0031317,2026-06-13 02:20:02.366830+00:00,2026-06-13 02:20:02.366830+00:00
9eab3206-f242-4c6d-9d22-fb08cbaa3f2b,Jenkins Waste Management Inc,private_regional_septage_facility,PO Box 216,Browns Summit,NC,,Guilford,,,Yes,Yes,Unknown,,(336) 656-4505,,,,,NCS-00525,2026-06-13 02:20:07.409760+00:00,2026-06-13 02:20:07.409760+00:00
9eb0f977-2f90-4faa-ab5b-e9f4fd52e024,NC Portables LLC,private_regional_septage_facility,PO Box 131,Richlands,NC,,Onslow,,,Unknown,Unknown,Unknown,,(910) 983-7000,,,,,NCS-01842,2026-06-13 02:20:14.798453+00:00,2026-06-13 02:20:14.798453+00:00
9ef37f1e-4bdc-49e2-a456-a63fc360b41a,NELSON ROAD SITE,composting_facility,8449 NELSON RD,SAN ANTONIO,TX,78252-2605,BEXAR,29.322381,-98.657777,Unknown,Unknown,Unknown,,,,,110070917213,TXR05FC13,42044,2026-06-13 02:14:01.016761+00:00,2026-06-13 02:19:52.391210+00:00
9f18876c-5222-41fb-b40c-b136a9313e65,P2 Potties,private_regional_septage_facility,8828 Fowler Road,Zebulon,NC,,Wake,35.883600147439,-78.358561484039,Unknown,Unknown,Yes,,(919) 818-2780,,,,,NCS-01705,2026-06-13 02:20:14.798453+00:00,2026-06-13 02:20:14.798453+00:00
9fae102f-4bc6-4f55-8d2e-0b5028da7b2f,BROOKS COUNTY CITIZENS COLLECTION STATION,transfer_station,627 FM 754,FALFURRIAS,TX,78355,BROOKS,27.237481,-98.175477,No,No,No,,,,,,,120162,2026-06-13 02:19:52.391210+00:00,2026-06-13 02:19:52.391210+00:00
9fb6a62a-df2d-4419-8651-e4889f6fe64b,R&R Septic & Porta-Toilets,private_regional_septage_facility,3572 Peppers Ferry Rd,Wytheville,NC,,Stokes,,,Yes,Yes,Yes,,(276) 228-3548,,,,,NCS-01208,2026-06-13 02:20:14.798453+00:00,2026-06-13 02:20:14.798453+00:00
9fce7f63-81f1-45c5-933a-60b0e34eee49,"Boswell & Son Septic Tank Service, Inc.",private_regional_septage_facility,6101 Nobles Mill Pond Rd,Rocky Mount,NC,,Edgecombe,35.90410938376,-77.73397747018,Yes,Yes,Unknown,,252.-81.5715,,,,,NCS-00470,2026-06-13 02:20:07.409760+00:00,2026-06-13 02:20:07.409760+00:00
a007b2ac-7193-41c3-883a-0e5337ae6e85,Polk County Transfer Station,transfer_station,322 Landfill Road,Mill Spring,NC,28756,Polk,35.318682,-82.181935,No,No,No,,(828) 894-3737,,,,,7504T-TRANSFER-2005,2026-06-13 02:20:07.409760+00:00,2026-06-13 02:20:07.409760+00:00
a019f8c6-814c-4e86-87d6-fbaabc61187c,HILLSIDE MATERIAL RECOVERY AND TRANSFER STATION,transfer_station,1100 NELSON RD,SHERMAN,TX,75090,GRAYSON,33.58583,-96.53667,Unknown,Unknown,Unknown,,,,,,,40082,2026-06-13 02:19:41.329224+00:00,2026-06-13 02:19:41.329224+00:00
a024ec82-0950-4517-94bc-36eb44eba8c5,CITY OF MERCEDES,transfer_station,,,,,HIDALGO,,,Unknown,Unknown,Unknown,,,,,,,120154,2026-06-13 02:19:52.391210+00:00,2026-06-13 02:19:52.391210+00:00
a09b534b-d030-48fd-8897-2ceb52ece0e1,BALCONES RECYLING MATERIALS RECOVERY FACILITY,composting_facility,9301 JOHNNY MORRIS RD,AUSTIN,TX,78724,TRAVIS,30.3249,-97.7722,Unknown,Unknown,Unknown,,,,,,,100356,2026-06-13 02:19:52.391210+00:00,2026-06-13 02:19:52.391210+00:00
a09fe8e9-dd2b-40b7-a6e4-eed44735a9bc,Waste Management Of Asheville,transfer_station,24 Pond Road,Asheville,NC,28806,Buncombe,35.548801,-82.602491,Unknown,Unknown,Unknown,,(717) 682-8126,,,,,1104-TRANSFER-1993,2026-06-13 02:20:07.409760+00:00,2026-06-13 02:20:07.409760+00:00
a0ba1c47-1213-4043-9397-6a1a0a35c929,C & C Septic Tank Service,private_regional_septage_facility,1366 Bass Lake Road,Roseboro,NC,,Sampson,34.9703821576,-78.395268487602,Yes,Yes,Yes,,(910) 564-6207,,,,,NCS-00271,2026-06-13 02:20:14.798453+00:00,2026-06-13 02:20:14.798453+00:00
a0e1d4f1-31fd-4eff-8c8a-8fa0323451a5,Town of Winton WWTF,private_regional_septage_facility,,,NC,,Hertford,,,Unknown,Unknown,Unknown,,,,https://edocs.deq.nc.gov/WaterResources/Search.aspx?dbid=0&searchcommand=%7B%5B%5D%3A%5BID%20%23%5D%3D%22WQ0001602%22%7D,,,WQ0001602,2026-06-13 02:20:02.366830+00:00,2026-06-13 02:20:02.366830+00:00
a0e7961c-e34b-4434-a8a1-73995359baac,King & Son Septic Tank Service,private_regional_septage_facility,1518 St Andrews Church Rd,Henderson,NC,,Vance,36.354326331262,-78.447958752947,Yes,Unknown,Unknown,,(252) 432-2363,,,,,NCS-00003,2026-06-13 02:20:14.798453+00:00,2026-06-13 02:20:14.798453+00:00
a0ee76d7-083b-4a76-9311-40436be42629,The Luxury Outhouse LLC,private_regional_septage_facility,5565 Bend of the River Road,Rocky Mount,NC,,Nash,35.868901272548,-77.919652083349,Unknown,Unknown,Yes,,(252) 450-0888,,,,,NCS-01650,2026-06-13 02:20:14.798453+00:00,2026-06-13 02:20:14.798453+00:00
a10e98cd-db02-420d-84e4-050203ac9eb9,Clear Flow Septic Pumping Inc.,private_regional_septage_facility,6424 US Hwy 70 E,La Grange,NC,,Wayne,35.311364133698,-77.836147215085,Yes,Yes,Unknown,,252.-24.3569,,,,,NCS-01921,2026-06-13 02:20:14.798453+00:00,2026-06-13 02:20:14.798453+00:00
a121bf7a-6c21-4986-b766-b576aed4012f,CITY OF VERNON TRANSFER STATION FACILITY,transfer_station,11053 COUNTY ROAD 97 N,VERNON,TX,76384,WILBARGER,34.20583,-99.3375,Unknown,Unknown,Unknown,,,,,,,40059,2026-06-13 02:19:41.329224+00:00,2026-06-13 02:19:41.329224+00:00
a13200f8-523d-401a-80cb-52ecc7a24022,K. T. Moore Septic Tank Service,private_regional_septage_facility,712 N Chavis Rd,Kittrell,NC,,Vance,36.232313726803,-78.434706389592,Yes,Unknown,Unknown,,(252) 432-1859,,,,,NCS-00758,2026-06-13 02:20:14.798453+00:00,2026-06-13 02:20:14.798453+00:00
a13ec8f7-93d4-44ea-9cad-a66befdb61c2,Abernathy Services,private_regional_septage_facility,2490 River Rd,Fayetteville,NC,,Cumberland,35.105955826654,-78.847983971346,Yes,Unknown,Unknown,,(910)580-4194,,,,,NCS-01807,2026-06-13 02:20:07.409760+00:00,2026-06-13 02:20:07.409760+00:00
a173f1aa-6487-41e2-b58d-4b4b856dc750,RIVER CITY RECYCLES,transfer_station,8000 DAFFAN LN,AUSTIN,TX,78724-1702,TRAVIS,30.31451,-97.62042,Unknown,Unknown,Unknown,,,,,110070363056,TXR05X602,40243,2026-06-13 02:14:59.217623+00:00,2026-06-13 02:19:52.391210+00:00
a1ac10c1-83e7-4a12-8ddb-3c1ac616e458,CITY OF BURKBURETT CITIZENS COLLECTION STATION,transfer_station,2172 FAIRVIEW RD,BURKBURNETT,TX,76354,WICHITA,34.1198,-98.63348,Unknown,Unknown,Unknown,,,,,,,120005,2026-06-13 02:19:41.329224+00:00,2026-06-13 02:19:41.329224+00:00
a201a2e7-f217-4951-b479-063bd70b8fb5,TEXAS GULF RECYCLING,transfer_station,308 VAT RD,BOLING,TX,77420,WHARTON,29.263055,-95.896944,Unknown,Unknown,Unknown,,,,,,,110050,2026-06-13 02:19:52.391210+00:00,2026-06-13 02:19:52.391210+00:00
a2150852-f1b1-41fd-978a-11be56f7b217,CITY OF LLANO CITIZENS COLLECTION STATION,transfer_station,1933 N HWY 16,LLANO,TX,78643,LLANO,30.771944,-98.675555,Unknown,Unknown,Unknown,,,,,,,120094,2026-06-13 02:19:52.391210+00:00,2026-06-13 02:19:52.391210+00:00
a264c5bd-09b0-4d82-b475-2a7d50bc7bcb,City of Sanford Class B Residuals Program,land_application_site,,,NC,,Lee,,,Unknown,Unknown,Unknown,,,,https://edocs.deq.nc.gov/WaterResources/Search.aspx?dbid=0&searchcommand=%7B%5B%5D%3A%5BID%20%23%5D%3D%22WQ0000543%22%7D,,,WQ0000543,2026-06-13 02:20:02.366830+00:00,2026-06-13 02:20:02.366830+00:00
a27b9919-a5fe-4842-8ea8-87d0097bdd68,KRIEWALDT TREE CARE INC,composting_facility,5067 FM 725,NEW BRAUNFELS,TX,78130,GUADALUPE,29.271533,-98.550708,Unknown,Unknown,Unknown,,,,,,,100119,2026-06-13 02:19:52.391210+00:00,2026-06-13 02:19:52.391210+00:00
a2c78694-b17f-4eca-a166-45228b899d75,Klean Latrine Septic Pumping,private_regional_septage_facility,PO Box 563,Shallotte,NC,,Brunswick,,,Yes,Unknown,Unknown,,(910) 620-5645,,,,,NCS-01203,2026-06-13 02:20:07.409760+00:00,2026-06-13 02:20:07.409760+00:00
a2e1659f-2830-4e48-ad3c-15556c9a466f,New Bern Grand Marina Yacht Club,private_regional_septage_facility,134 Craven Street,New Bern,NC,,Craven,35.103995852257,-77.038676962588,Unknown,Unknown,Unknown,,(252) 638-0318,,,,,NCS-01365,2026-06-13 02:20:07.409760+00:00,2026-06-13 02:20:07.409760+00:00
a2f6252b-87d2-4c46-8048-50dee57a7ac7,Gaither Barnes Septic Tank Service,private_regional_septage_facility,2104 Daniels Lumber Road,Taylorsville,NC,,Alexander,35.958593529762,-81.164211530855,Yes,Yes,Yes,,,,,,,NCS-00102,2026-06-13 02:20:07.409760+00:00,2026-06-13 02:20:07.409760+00:00
a2f72cad-935c-40d5-a983-80cdf7c51192,Hunt's Septic Cleaning,private_regional_septage_facility,197 Laudell Drive,Shannon,NC,,Robeson,34.779968187754,-79.061889239515,Yes,Unknown,Unknown,,(910) 785-5100,,,,,NCS-01290,2026-06-13 02:20:14.798453+00:00,2026-06-13 02:20:14.798453+00:00
a2fa358c-1b99-4e2a-a888-14b8b310d1e2,B-Line Portable Restrooms Rentals Inc.,private_regional_septage_facility,4837 Gateway Drive,Claremont,NC,,Catawba,35.775495565391,-81.13228754019,Unknown,Unknown,Yes,,828.-61.7362,,,,,NCS-01048,2026-06-13 02:20:07.409760+00:00,2026-06-13 02:20:07.409760+00:00
a2fbf597-b735-4ff7-a486-7b9abe357e97,EAGLE SANITATION II ALPHA,transfer_station,6965 N STATE HIGHWAY 94,GROVETON,TX,75845,TRINITY,31.146945,-98.082834,Unknown,Unknown,Unknown,,,,,,,110045,2026-06-13 02:19:52.391210+00:00,2026-06-13 02:19:52.391210+00:00
a3053498-d154-4650-8155-e0e9f71304a6,NEW EARTH,composting_facility,12286 HIGHWAY 105 E,CONROE,TX,77306-5304,Montgomery,30.32718,-95.38407,,,,,,,,110037924878,TXR05DC71,42037,2026-06-13 02:14:01.016761+00:00,2026-06-13 02:19:52.391210+00:00
a3273177-efee-4d02-9037-fe3e59a1b819,"Providence Environmental, Inc.",private_regional_septage_facility,PO Box 3216,Columbia,NC,,Cumberland,,,Yes,Yes,Unknown,,(803) 754-1175,,,,,NCS-01103,2026-06-13 02:20:07.409760+00:00,2026-06-13 02:20:07.409760+00:00
a33ba5ef-cae1-4778-8dc0-2e8b1c4d0b6a,Max Septage LLC,private_regional_septage_facility,4845 Ashely Park Lane,Charlotte,NC,,Mecklenburg,35.146967537457,-80.829680940842,Unknown,Unknown,Unknown,,(336) 690-2992,,,,,NCS-01582,2026-06-13 02:20:14.798453+00:00,2026-06-13 02:20:14.798453+00:00
a33f057e-5ace-4275-90c6-da40950927c3,CITY OF HARLINGEN TRANSFER STATION,transfer_station,404 S 54TH ST,HARLINGEN,TX,78550,CAMERON,30.3908,-97.67219,Unknown,Unknown,Unknown,,,,,,,40248,2026-06-13 02:19:52.391210+00:00,2026-06-13 02:19:52.391210+00:00
a3625a6f-672c-4b48-b7c8-2ce37d60b900,CITY OF ODEM,transfer_station,514 VOSS AVE,ODEM,TX,78370,SAN PATRICIO,27.949853,-97.582569,Unknown,Unknown,Unknown,,,,,,,120045,2026-06-13 02:19:52.391210+00:00,2026-06-13 02:19:52.391210+00:00
a385b4ab-ebe7-43e0-b7c3-842bd7c24b49,Franklin County WWTP,potw_receiving_station,,,NC,,Franklin,,,Unknown,Unknown,Unknown,,,,https://edocs.deq.nc.gov/WaterResources/Search.aspx?dbid=0&searchcommand=%7B%5B%5D%3A%5BID%20%23%5D%3D%22WQ0035300%22%7D,,,WQ0035300,2026-06-13 02:20:02.366830+00:00,2026-06-13 02:20:02.366830+00:00
a3d84ef5-bb44-4ed2-ba24-fd59aea61f7e,PORTLAND STP,transfer_station,1095 MOORE AVE (FM 893) 2000 FT NW FMR 893 AND US,Portland,TX,78374,SAN PATRICIO,27.878498,-97.332088,Unknown,Unknown,Unknown,,,,,,,120195,2026-06-13 02:08:48.038256+00:00,2026-06-13 02:19:52.391210+00:00
a3d898d8-351b-4292-b3f1-2a3babdfb32b,K & W Site Service LLC,private_regional_septage_facility,168 Kennedy Ridge Lane,Sparta,NC,,Alleghany,36.571316589754,-81.244594762451,Unknown,Unknown,Unknown,,(336) 657-2757,,,,,NCS-01715,2026-06-13 02:20:07.409760+00:00,2026-06-13 02:20:07.409760+00:00
a4184b72-45d8-4269-a66a-5b25623839ae,Restrooms on the Go,private_regional_septage_facility,46 Springmoor Circle,Wilsons Mills,NC,,Johnston,,,Unknown,Unknown,Unknown,,,,,,,NCS-01896,2026-06-13 02:20:14.798453+00:00,2026-06-13 02:20:14.798453+00:00
a4611fee-af3f-4709-bd57-405d95931adb,Bingham Woods MHP WWTF,private_regional_septage_facility,,,NC,,Orange,,,Unknown,Unknown,Unknown,,,,https://edocs.deq.nc.gov/WaterResources/Search.aspx?dbid=0&searchcommand=%7B%5B%5D%3A%5BID%20%23%5D%3D%22WQ0005279%22%7D,,,WQ0005279,2026-06-13 02:20:02.366830+00:00,2026-06-13 02:20:02.366830+00:00
a4c30785-8f61-45a7-929e-65fba3b051c0,J + J Septic Services,private_regional_septage_facility,172 Denning Farms Ln,Benson,NC,,Johnston,,,Yes,Unknown,Unknown,,(919)607-0150,,,,,NCS-01821,2026-06-13 02:20:14.798453+00:00,2026-06-13 02:20:14.798453+00:00
a4d65623-70e2-4aa2-840d-ffc6fc17d669,Town of Elm City WWTF,private_regional_septage_facility,,,NC,,Wilson,,,Yes,Unknown,Unknown,,,,https://edocs.deq.nc.gov/WaterResources/Search.aspx?dbid=0&searchcommand=%7B%5B%5D%3A%5BID%20%23%5D%3D%22WQ0003405%22%7D,,,WQ0003405,2026-06-13 02:20:02.366830+00:00,2026-06-13 02:20:02.366830+00:00
a4e9f8c9-47d0-446e-be40-840fda6d04e9,CITY OF PHARR,transfer_station,118 S CAGE BLVD,PHARR,TX,78577-4855,Hidalgo,26.1941,-98.1869,Unknown,Unknown,Unknown,,,,,110071364617,TXR1562LJ,748,2026-06-13 02:10:47.633927+00:00,2026-06-13 02:19:52.391210+00:00
a58d699f-b451-4559-a581-9adb08de3b18,Jefferson Rent-All,private_regional_septage_facility,427 South Main Street,Jefferson,NC,,Ashe,36.415074543369,-81.477547197212,Unknown,Unknown,Unknown,,(336) 846-8136,,,,,NCS-00217,2026-06-13 02:20:07.409760+00:00,2026-06-13 02:20:07.409760+00:00
a5966b4b-a6b8-4849-bf4f-4fdd3bba22b7,Ag Protein Trailer Wash WWTF,private_regional_septage_facility,,,NC,,Duplin,,,Unknown,Unknown,Unknown,,,,https://edocs.deq.nc.gov/WaterResources/Search.aspx?dbid=0&searchcommand=%7B%5B%5D%3A%5BID%20%23%5D%3D%22WQ0040918%22%7D,,,WQ0040918,2026-06-13 02:20:07.409760+00:00,2026-06-13 02:20:07.409760+00:00
a5abb515-f64e-4604-acb4-cd9670de1e0e,City of Wilson Reclaimed Water Utilization Program,potw_receiving_station,,,NC,,Wilson,,,Yes,Yes,No,,,,https://edocs.deq.nc.gov/WaterResources/Search.aspx?dbid=0&searchcommand=%7B%5B%5D%3A%5BID%20%23%5D%3D%22WQ0018709%22%7D,,,WQ0018709,2026-06-13 02:20:07.409760+00:00,2026-06-13 02:20:07.409760+00:00
a5afc0d3-0190-444b-8e79-b546e2943a3c,Precision Septic Pumping,private_regional_septage_facility,554 Homestead Ln,Angier,NC,,Harnett,35.452723822594,-78.70636515725,Yes,Yes,Yes,,(919) 639-8929,,,,,NCS-00803,2026-06-13 02:20:07.409760+00:00,2026-06-13 02:20:07.409760+00:00
a5d3c44e-a1a6-4713-9fed-aceae363f8fa,Randy Miller & Sons Septic Tank Service,private_regional_septage_facility,295 Miller Road,Mocksville,NC,,Davie,35.804011220358,-80.526208030192,Yes,Unknown,Unknown,,(336) 399-7261,,,,,NCS-00913,2026-06-13 02:20:07.409760+00:00,2026-06-13 02:20:07.409760+00:00
a5e54cc7-a085-4032-a875-256b63090bcc,D & D Organic Farming Compost Facility,composting_facility,7984 Pelt Road,Stantonsburg,NC,27883,Wilson,35.598115,-77.875491,Yes,Yes,Unknown,,(919) 920-0368,,,,,9810-COMPOST-2016,2026-06-13 02:20:07.409760+00:00,2026-06-13 02:20:07.409760+00:00
a5ef8031-ff47-467c-ab6b-4b96b0daae45,Cummins RMEP WaterHub,potw_receiving_station,,,NC,,Nash,,,Unknown,Unknown,Unknown,,,,https://edocs.deq.nc.gov/WaterResources/Search.aspx?dbid=0&searchcommand=%7B%5B%5D%3A%5BID%20%23%5D%3D%22WQ0040079%22%7D,,,WQ0040079,2026-06-13 02:20:07.409760+00:00,2026-06-13 02:20:07.409760+00:00
a60cdfe3-1d1e-436a-bd4c-cb533cc03308,SAN JACINTO COUNTY PRECINCT #4,transfer_station,,,,,SAN JACINTO,30.607,-95.0896,Unknown,Unknown,Unknown,,,,,,,120055,2026-06-13 02:19:52.391210+00:00,2026-06-13 02:19:52.391210+00:00
a61b6f72-8c0d-4455-8db5-a67f368368c3,Folkstone C&D Recycling Collection/Transfer Station,transfer_station,Hwy 172,Holly Ridge,NC,28445,Onslow,34.539864,-77.498437,Unknown,Unknown,Unknown,,(910) 284-2309,,,,,6712-TRANSFER-2016,2026-06-13 02:20:07.409760+00:00,2026-06-13 02:20:07.409760+00:00
a62c084a-c449-4319-8d9c-ed000a4d2e85,Seqirus Reclaimed Water System,potw_receiving_station,,,NC,,Wake,,,Unknown,Unknown,Unknown,,,,https://edocs.deq.nc.gov/WaterResources/Search.aspx?dbid=0&searchcommand=%7B%5B%5D%3A%5BID%20%23%5D%3D%22WQ0034603%22%7D,,,WQ0034603,2026-06-13 02:20:02.366830+00:00,2026-06-13 02:20:02.366830+00:00
a6427ed5-543f-4078-a77b-bfd7baf1240d,A Sani-Can,private_regional_septage_facility,8151 Webbs Road,Denver,NC,,Guilford,35.523727799038,-80.980236895326,Yes,Yes,Yes,,(704) 483-5641,,,,,NCS-00168,2026-06-13 02:20:07.409760+00:00,2026-06-13 02:20:07.409760+00:00
a65699c4-1538-4570-a943-1b283600034c,WI Garner Transfer Station,transfer_station,3741 Conquest Drive,Garner,NC,27529,Wake,35.727451,-78.571131,Unknown,Unknown,Unknown,,(919) 662-7100,,,,,9217-TRANSFER-1994,2026-06-13 02:20:07.409760+00:00,2026-06-13 02:20:07.409760+00:00
a66486fb-a104-4227-bf82-fa7b30e608e4,Bogue Sound Septic & Grading Inc,private_regional_septage_facility,178 W. Hilltop Dr.,Newport,NC,,Carteret,34.700832184847,-77.042464604162,Yes,Unknown,Unknown,,(252) 393-6426,,,,,NCS-00645,2026-06-13 02:20:07.409760+00:00,2026-06-13 02:20:07.409760+00:00
a67378f8-c8ce-43a6-aee5-ff4ac6f43666,SPRING BRANCH POND,composting_facility,,,,,MONTGOMERY,30.325742,-95.72998,Unknown,Unknown,Unknown,,,,,,,100555,2026-06-13 02:19:52.391210+00:00,2026-06-13 02:19:52.391210+00:00
a6a370ae-1b4f-4e44-8f10-ab7d7ab41f20,WES LAMBCO LLC,private_regional_septage_facility,1421 Ebenezer Rd,Murphy,NC,,Cherokee,,,Unknown,Unknown,Yes,,(828) 837-3867,,,,,NCS-01678,2026-06-13 02:20:07.409760+00:00,2026-06-13 02:20:07.409760+00:00
a6fcf55c-f966-432d-8786-c5f99f186388,Governors Club WWTP,potw_receiving_station,,,NC,,Chatham,,,Unknown,Unknown,Unknown,,,,https://edocs.deq.nc.gov/WaterResources/Search.aspx?dbid=0&searchcommand=%7B%5B%5D%3A%5BID%20%23%5D%3D%22WQ0000088%22%7D,,,WQ0000088,2026-06-13 02:20:02.366830+00:00,2026-06-13 02:20:02.366830+00:00
a6fec265-ff9c-4fbf-8235-7837fc323ce5,Briar Chapel WWTP,potw_receiving_station,,,NC,,Chatham,,,Unknown,Unknown,Unknown,,,,https://edocs.deq.nc.gov/WaterResources/Search.aspx?dbid=0&searchcommand=%7B%5B%5D%3A%5BID%20%23%5D%3D%22WQ0028552%22%7D,,,WQ0028552,2026-06-13 02:20:02.366830+00:00,2026-06-13 02:20:02.366830+00:00
a71b1cff-fea5-485e-b9f8-6bbcd57dd65e,"KW Restaurant Services, LLC",private_regional_septage_facility,805 Old Chapin Road,Lexington,NC,,Alexander,,,Unknown,Yes,Unknown,,843.-65.9140,,,,,NCS-01891,2026-06-13 02:20:07.409760+00:00,2026-06-13 02:20:07.409760+00:00
a72a80dc-8dd0-48ee-a2a9-0c937bea3bad,Sanford Compost Facility,composting_facility,601 N. 5th Street,Sanford,NC,27330,Lee,35.493551,-79.170186,Unknown,Unknown,Unknown,,(919) 777-1209,,,,,5303-COMPOST-1992,2026-06-13 02:20:07.409760+00:00,2026-06-13 02:20:07.409760+00:00
a72cdcc0-20bd-4149-83db-9cc705e51647,Bakelite Chemicals - Conway WWTF,private_regional_septage_facility,,,NC,,Northampton,,,Unknown,Unknown,Unknown,,,,https://edocs.deq.nc.gov/WaterResources/Search.aspx?dbid=0&searchcommand=%7B%5B%5D%3A%5BID%20%23%5D%3D%22WQ0002012%22%7D,,,WQ0002012,2026-06-13 02:20:02.366830+00:00,2026-06-13 02:20:02.366830+00:00
a75cc977-b047-44f6-8c6d-e018fe9ccbc0,Owensby's Septic Tank Pumping,private_regional_septage_facility,PO Box 26,Mill Spring,NC,,Polk,,,Yes,Unknown,Yes,,(828) 899-0274,,,,,NCS-00873,2026-06-13 02:20:14.798453+00:00,2026-06-13 02:20:14.798453+00:00
a77c3096-46ca-4ea8-93b7-a20aca4840ce,Call of Doody LLC,private_regional_septage_facility,375 Mount Pleasant Rd N,Mount Pleasant,NC,,Cabarrus,35.423148911565,-80.439165549464,Yes,Yes,Unknown,,(704)301-7179,,,,,NCS-01845,2026-06-13 02:20:07.409760+00:00,2026-06-13 02:20:07.409760+00:00
a799beb2-438d-4ca8-a3fb-058d6e156371,Bare's Septic & Land Services,private_regional_septage_facility,1068 Caudill Rd,North Wilkesboro,NC,,Wilkes,36.202911384761,-81.123552849406,Yes,Unknown,Unknown,,(980)-540-5071,,,,,NCS-01870,2026-06-13 02:20:14.798453+00:00,2026-06-13 02:20:14.798453+00:00
a7adc6ad-3f58-4938-a33e-e82a1098073e,Mountain Falls Luxury Motorcoach Resort,private_regional_septage_facility,20 Resorts Blvd,Lake Toxaway,NC,,Transylvania,35.119089867648,-82.93664162684,Unknown,Unknown,Unknown,,(828) 579-4678,,,,,NCS-01297,2026-06-13 02:20:14.798453+00:00,2026-06-13 02:20:14.798453+00:00
a7b16ff9-e02f-40e5-b779-94d298d371f3,Anytime Portable Toilets,private_regional_septage_facility,6557 North Browntown Road,Battleboro,NC,,Nash,36.039941548007,-77.840948736139,,,,,,,,,,NCS-01107,2026-06-13 02:20:14.798453+00:00,2026-06-13 02:20:14.798453+00:00
a80cff9f-0837-4f5f-bc82-d6aea48f97c9,Larry Carpenters Septic Tank Service,private_regional_septage_facility,16767 Governor Harrison Parkway,Freeman,NC,,Halifax,,,Yes,Unknown,Unknown,,(434) 637-3479,,,,,NCS-01309,2026-06-13 02:20:07.409760+00:00,2026-06-13 02:20:07.409760+00:00
a816b15c-4b02-46f5-b7ea-0906880930e4,Redbox+ (Manns Harbor NC),private_regional_septage_facility,P.O. Box 161,Manns Harbor,NC,,Dare,,,Unknown,Unknown,Yes,,(252) 473-7116,,,,,NCS-01420,2026-06-13 02:20:07.409760+00:00,2026-06-13 02:20:07.409760+00:00
a856362b-b118-4022-9f43-d7674ea937de,Rowan Septic Tank & Ditching Co Inc,private_regional_septage_facility,3340 Sherrills Ford Rd,Salisbury,NC,,Rowan,35.678552261234,-80.5486226974,Yes,Unknown,Yes,,(704) 633-2412,,,,,NCS-00008,2026-06-13 02:20:14.798453+00:00,2026-06-13 02:20:14.798453+00:00
a8aad3a8-802c-4f60-8b55-ddcd40e87efa,HARDIN COUNTY CITIZENS COLLECTION STATION,transfer_station,1675 JOE REGISTER RD,KOUNTZE,TX,77625,HARDIN,30.341855,-94.260325,No,No,No,,,,,,,120167,2026-06-13 02:19:52.391210+00:00,2026-06-13 02:19:52.391210+00:00
a8bc1127-5328-48f5-b4c4-58ff62b69cd2,Carolina Septic Tank Service,private_regional_septage_facility,7014 McLeansville Road,Brown Summit,NC,,Guilford,36.194112744981,-79.67906748722,Yes,Yes,Yes,,,,,,,NCS-00550,2026-06-13 02:20:07.409760+00:00,2026-06-13 02:20:07.409760+00:00
a94b11cb-deeb-42c9-9a1f-fc5914d2c0c5,"G & K Septic Tank Service and Portable Toilets, LLC",private_regional_septage_facility,151 Laudell Dr.,St. Pauls,NC,,Robeson,,,Unknown,Unknown,Unknown,,910.-85.1157,,,,,NCS-01911,2026-06-13 02:20:14.798453+00:00,2026-06-13 02:20:14.798453+00:00
a951dc71-fb48-4cf5-8d15-bdbe6b04a79f,SOS LIQUID WASTE HAULERS LIQUID WASTE TRANSFER STATION,private_regional_septage_facility,1375 CREEKVIEW,SAN ANTONIO,TX,78219,BEXAR,29.4417,-98.4169,Yes,Yes,Unknown,,,,,,,40157,2026-06-13 02:19:52.391210+00:00,2026-06-13 02:19:52.391210+00:00
a97b893d-c470-49e7-9cfb-1c2c38f325dd,Laurinburg Truck Wash WWTF,private_regional_septage_facility,,,NC,,Scotland,,,Unknown,Unknown,Unknown,,,,https://edocs.deq.nc.gov/WaterResources/Search.aspx?dbid=0&searchcommand=%7B%5B%5D%3A%5BID%20%23%5D%3D%22WQ0030190%22%7D,,,WQ0030190,2026-06-13 02:20:02.366830+00:00,2026-06-13 02:20:02.366830+00:00
a9bd9278-8a38-4b0d-94ea-997d7e88d554,Wayne-Sanderson Farms - St. Pauls WWTP,private_regional_septage_facility,,,NC,,Robeson,,,Unknown,Unknown,Unknown,,,,https://edocs.deq.nc.gov/WaterResources/Search.aspx?dbid=0&searchcommand=%7B%5B%5D%3A%5BID%20%23%5D%3D%22WQ0037772%22%7D,,,WQ0037772,2026-06-13 02:20:02.366830+00:00,2026-06-13 02:20:02.366830+00:00
a9c8b5a4-5180-440b-a3d3-5a538a217dad,Darling Ingredients - Rose Hill WWTP,private_regional_septage_facility,,,NC,,Duplin,,,Unknown,Yes,Unknown,,,,https://edocs.deq.nc.gov/WaterResources/Search.aspx?dbid=0&searchcommand=%7B%5B%5D%3A%5BID%20%23%5D%3D%22WQ0000485%22%7D,,,WQ0000485,2026-06-13 02:20:07.409760+00:00,2026-06-13 02:20:07.409760+00:00
a9dfdd68-3123-47fd-81a4-3e4788a21b12,Pumpmasters Pumping,private_regional_septage_facility,PO Box 11773,Winston Salem,NC,,Forsyth,,,Unknown,Unknown,Unknown,,(336) 788-6339,,,,,NCS-01010,2026-06-13 02:20:07.409760+00:00,2026-06-13 02:20:07.409760+00:00
a9f92cf7-5f4a-43ad-b400-8c8320b1585d,TC Portable Toilets LLC,private_regional_septage_facility,PO Box 241,Greer,NC,,Henderson,,,Unknown,Unknown,Unknown,,(864)404-5280,,,,,NCS-01795,2026-06-13 02:20:14.798453+00:00,2026-06-13 02:20:14.798453+00:00
a9fd8650-e0be-4d3d-ae3d-8df448ebf4b7,Brunswick County DCAR,land_application_site,,,NC,,Brunswick,,,Yes,No,Unknown,,,,https://edocs.deq.nc.gov/WaterResources/Search.aspx?dbid=0&searchcommand=%7B%5B%5D%3A%5BID%20%23%5D%3D%22WQ0034468%22%7D,,,WQ0034468,2026-06-13 02:20:02.366830+00:00,2026-06-13 02:20:02.366830+00:00
aa1618b1-d8da-4986-962e-0d4c663dae88,Gates County WWTF and WWTP,private_regional_septage_facility,,,NC,,Gates,,,Unknown,Unknown,Unknown,,,,https://edocs.deq.nc.gov/WaterResources/Search.aspx?dbid=0&searchcommand=%7B%5B%5D%3A%5BID%20%23%5D%3D%22WQ0000267%22%7D,,,WQ0000267,2026-06-13 02:20:02.366830+00:00,2026-06-13 02:20:02.366830+00:00
aa5188d3-d37a-4b3c-b705-4c9ce8192146,"Cannons Septic Tank Service, Inc.",private_regional_septage_facility,PO Box 65,Grifton,NC,,Pitt,,,Yes,Yes,Unknown,,(252) 524-4282,,,,,NCS-00314,2026-06-13 02:20:14.798453+00:00,2026-06-13 02:20:14.798453+00:00
aa8f0e3e-f434-4449-a9dc-c31261d5cf95,RESOURCE RECYCLING FACILITY,composting_facility,,,,,BELL,31.101,-97.32533,Unknown,Unknown,Unknown,,,,,,,47007,2026-06-13 02:19:52.391210+00:00,2026-06-13 02:19:52.391210+00:00
ab0e7356-bf2c-48fe-8858-995f5111d35c,Legacy at Jordan Lake WWTP,potw_receiving_station,,,NC,,Chatham,,,Unknown,Unknown,Unknown,,,,https://edocs.deq.nc.gov/WaterResources/Search.aspx?dbid=0&searchcommand=%7B%5B%5D%3A%5BID%20%23%5D%3D%22WQ0024844%22%7D,,,WQ0024844,2026-06-13 02:20:02.366830+00:00,2026-06-13 02:20:02.366830+00:00
ab1731ef-23de-4e77-b1e4-cd5099da9b63,Dirtcraft Compost Facility,composting_facility,1323 Pilot Knob Trail,Marshall,NC,28753,Madison,35.753027,-82.690017,Unknown,Unknown,Unknown,,(828) 649-5161,,,,,5804-COMPOST-2024,2026-06-13 02:20:07.409760+00:00,2026-06-13 02:20:07.409760+00:00
ab263900-3fad-48ed-8944-c2ddf63f4510,VICTORIA ENVIRONMENTAL,private_regional_septage_facility,6910 US HIGHWAY 59 N,VICTORIA,TX,77905,VICTORIA,28.793333,-96.938055,Yes,Unknown,Yes,,,,,,,2330,2026-06-13 02:19:52.391210+00:00,2026-06-13 02:19:52.391210+00:00
ab29823b-0c24-4a0d-bcf0-ad6d91f9b8ca,Redline Site Services DBA Redline Septic Service,private_regional_septage_facility,7322 Pleasant Hill Church Rd,Marshville,NC,,Union,35.154733023821,-80.337062577059,Yes,Unknown,Unknown,,(704)562-9922,,,,,NCS-01850,2026-06-13 02:20:14.798453+00:00,2026-06-13 02:20:14.798453+00:00
ab35c7dd-7680-4fa5-b50a-938e64c63cb6,Calderon Septic Services,private_regional_septage_facility,563 Sykes Farm Rd,Asheboro,NC,,Randolph,35.67642599318,-79.808178552763,Unknown,Unknown,Unknown,,(336)963-8388,,,,,NCS-01803,2026-06-13 02:20:14.798453+00:00,2026-06-13 02:20:14.798453+00:00
ab71cf5d-bd2d-4b59-bde5-b4620bf3b61c,Eagle Creek WWTP,potw_receiving_station,,,NC,,Currituck,,,Unknown,Unknown,Unknown,,,,https://edocs.deq.nc.gov/WaterResources/Search.aspx?dbid=0&searchcommand=%7B%5B%5D%3A%5BID%20%23%5D%3D%22WQ0014306%22%7D,,,WQ0014306,2026-06-13 02:20:02.366830+00:00,2026-06-13 02:20:02.366830+00:00
ab9869ca-0324-4a4a-9f2f-9674e23f5268,BEST SEPTIC TANK CLEANING LIQUID WASTE TRANSFER STATION FACILITY,private_regional_septage_facility,1021 CUMINGS RD,ROSENBERG,TX,77471,FORT BEND,29.577222,-95.791944,Yes,Unknown,Unknown,,,,,,,40053,2026-06-13 02:19:52.391210+00:00,2026-06-13 02:19:52.391210+00:00
abd7740c-8152-47d2-9987-f040b46b57bd,Baytree Lakes WWTP,private_regional_septage_facility,,,NC,,Bladen,,,Unknown,Unknown,Unknown,,,,https://edocs.deq.nc.gov/WaterResources/Search.aspx?dbid=0&searchcommand=%7B%5B%5D%3A%5BID%20%23%5D%3D%22WQ0018708%22%7D,,,WQ0018708,2026-06-13 02:20:07.409760+00:00,2026-06-13 02:20:07.409760+00:00
abe22645-7c39-4559-a8ca-df71e6b4590e,LIVING EARTH,composting_facility,5802 CRAWFORD RD,HOUSTON,TX,77041-5711,HARRIS,29.85241,-95.55741,Unknown,Unknown,Unknown,,,,,110070364236,TXR05CW07,100264,2026-06-13 02:13:19.417606+00:00,2026-06-13 02:19:52.391210+00:00
abe634ba-48aa-4f26-b683-90a5b77b9027,DB TREE DISPOSAL,composting_facility,274 MOUSE BROWN RD,LIVINGSTON,TX,77351,POLK,,,Unknown,Unknown,Unknown,,,,,,,100608,2026-06-13 02:19:52.391210+00:00,2026-06-13 02:19:52.391210+00:00
ac0f100a-5e59-42d5-8255-b52747009fc5,Nova Farms,private_regional_septage_facility,6 Maxim Ct.,Arden,NC,,Buncombe,35.470711971633,-82.556882712998,Unknown,Unknown,Unknown,,828.-73.2245,,,,,NCS-01889,2026-06-13 02:20:07.409760+00:00,2026-06-13 02:20:07.409760+00:00
ac5d6251-185b-47fa-90dd-ac21ebdf9942,NEWTON COUNTY SITE 4,transfer_station,2175 COUNTY RD 4123,DEWEYVILLE,TX,77614,NEWTON,30.3025,-93.77167,Unknown,Unknown,Yes,,,,,,,120020,2026-06-13 02:19:52.391210+00:00,2026-06-13 02:19:52.391210+00:00
acc55fca-7268-4e2d-8b8a-6d3a5adcf2bc,HWS PRAIRIE TRANSFER STATION,transfer_station,8919 PRAIRIE DR,HOUSTON,TX,77064-7807,HARRIS,29.9059,-95.5325,Unknown,Unknown,Unknown,,,,,110071156973,TXR05EZ92,40320,2026-06-13 02:12:46.409770+00:00,2026-06-13 02:19:52.391210+00:00
acc88296-feef-4992-8bdc-2da70beb19cd,Town of Yanceyville Class B Residuals Program,land_application_site,,,NC,,Caswell,,,Unknown,Unknown,Unknown,,,,https://edocs.deq.nc.gov/WaterResources/Search.aspx?dbid=0&searchcommand=%7B%5B%5D%3A%5BID%20%23%5D%3D%22WQ0028547%22%7D,,,WQ0028547,2026-06-13 02:20:02.366830+00:00,2026-06-13 02:20:02.366830+00:00
aceac785-7e5a-447a-8a1f-4b84350772a4,TANNER ROAD FACILITY,transfer_station,10415 TANNER RD,HOUSTON,TX,77041-7439,Harris,29.850193,-95.553777,Unknown,Unknown,Unknown,,,,,110035367233,TXR05FX89,40217,2026-06-13 02:16:07.600088+00:00,2026-06-13 02:19:52.391210+00:00
ad1371c8-5bc7-49e3-b9b1-e0d1490bc90f,MADISON COUNTY PRECINT 1 CCS,transfer_station,901 PRECINCT 1 DUMPSTERS LANE,MADISONVILLE,TX,77864,MADISON,,,Unknown,Unknown,Unknown,,,,,,,120077,2026-06-13 02:19:52.391210+00:00,2026-06-13 02:19:52.391210+00:00
ad14075c-3fef-4397-bf96-bf1b11cbb351,Register Trailer Wash WWTF,private_regional_septage_facility,,,NC,,Duplin,,,Unknown,Unknown,Unknown,,,,https://edocs.deq.nc.gov/WaterResources/Search.aspx?dbid=0&searchcommand=%7B%5B%5D%3A%5BID%20%23%5D%3D%22WQ0014247%22%7D,,,WQ0014247,2026-06-13 02:20:02.366830+00:00,2026-06-13 02:20:02.366830+00:00
ad312b15-dce7-49c5-8e03-ab13ef7d2714,CITY OF SANTA ANNA CONVENIENT CENTER,transfer_station,506 OLIVER ST,SANTA ANNA,TX,76878,COLEMAN,31.735277,-99.326111,,,,,,,,,,120221,2026-06-13 02:19:52.391210+00:00,2026-06-13 02:19:52.391210+00:00
ad71e713-e5c9-4803-ae03-ef2199d9903c,Big Buffalo WWTP,potw_receiving_station,,,NC,,Lee,,,Unknown,Unknown,Unknown,,,,https://edocs.deq.nc.gov/WaterResources/Search.aspx?dbid=0&searchcommand=%7B%5B%5D%3A%5BID%20%23%5D%3D%22WQ0020248%22%7D,,,WQ0020248,2026-06-13 02:20:02.366830+00:00,2026-06-13 02:20:02.366830+00:00
ad8c06a1-c24b-44c1-9019-55e97a141790,Lake James Camping Resort,private_regional_septage_facility,5786 Benfield Landing Road,Nebo,NC,,Burke,35.734070323837,-81.863637713562,Unknown,Unknown,Unknown,,(828) 584-0190,,,,,NCS-01513,2026-06-13 02:20:07.409760+00:00,2026-06-13 02:20:07.409760+00:00
ad978125-1652-4208-853d-8d08d1197f33,Parcel No. 93851 NC 751 SFR,private_regional_septage_facility,,,NC,,Chatham,,,Unknown,Unknown,Unknown,,,,https://edocs.deq.nc.gov/WaterResources/Search.aspx?dbid=0&searchcommand=%7B%5B%5D%3A%5BID%20%23%5D%3D%22WQ0013873%22%7D,,,WQ0013873,2026-06-13 02:20:02.366830+00:00,2026-06-13 02:20:02.366830+00:00
adad7f1a-c49c-46b6-8c70-e56971291cc4,LIVING EARTH TECHNOLOGY,composting_facility,1901 CALIFORNIA CROSSING RD,DALLAS,TX,75220-7005,Dallas,32.86669,-96.91622,Unknown,Unknown,Unknown,,,,,110034078281,TXR05AF95,100179,2026-06-13 02:13:19.417606+00:00,2026-06-13 02:19:52.391210+00:00
adae43bf-7c63-4943-a8c3-a7f916247756,VITAL EARTH RESOURCES COMPOSTING FACILITY,composting_facility,7940 US HIGHWAY 80,BIG SANDY,TX,75755,UPSHUR,32.570833,-95.051388,Unknown,Unknown,Unknown,,,,,,,356,2026-06-13 02:19:52.391210+00:00,2026-06-13 02:19:52.391210+00:00
adb23656-6645-4645-a55e-86bd48f1db54,Reddi Jon,private_regional_septage_facility,5630 Davis Mill Road,Greensboro,NC,,Guilford,35.957627123781,-79.794581860577,Yes,Unknown,Yes,,,,,,,NCS-00218,2026-06-13 02:20:07.409760+00:00,2026-06-13 02:20:07.409760+00:00
ade1d830-1da3-499d-9e78-43d3475ab527,"Sparks Environmental Services, Inc.",private_regional_septage_facility,P.O. Box 591,Lenoir,NC,,Caldwell,,,Unknown,Unknown,Unknown,,(828) 303-0158,,,,,NCS-01142,2026-06-13 02:20:07.409760+00:00,2026-06-13 02:20:07.409760+00:00
adfffa1d-f9f5-4116-8ca7-69079b1707d8,D.C. Carter Septic Tank Services,private_regional_septage_facility,708 Mayflower Court,Fayetteville,NC,,Cumberland,35.063979251074,-79.055549609147,Yes,Unknown,Unknown,,(910) 867-5388,,,,,NCS-01161,2026-06-13 02:20:07.409760+00:00,2026-06-13 02:20:07.409760+00:00
ae1c3d3f-eae1-490e-8914-941fedabfff9,Little's Septic Services,private_regional_septage_facility,32935 Rowland Road,Albemarle,NC,,Stanly,35.378973855153,-80.334009655459,Unknown,Yes,Unknown,,(704) 746-6331,,,,,NCS-01691,2026-06-13 02:20:14.798453+00:00,2026-06-13 02:20:14.798453+00:00
ae1cc9ed-3279-4f82-a4a9-ae80977e354a,City of Shelby Class A Residuals Program,land_application_site,,,NC,,Cleveland,,,Unknown,Unknown,Unknown,,,,https://edocs.deq.nc.gov/WaterResources/Search.aspx?dbid=0&searchcommand=%7B%5B%5D%3A%5BID%20%23%5D%3D%22WQ0007780%22%7D,,,WQ0007780,2026-06-13 02:20:02.366830+00:00,2026-06-13 02:20:02.366830+00:00
ae227c9d-420c-428f-8344-28a04491be25,Preferred Rent-A-Jon,private_regional_septage_facility,PO Box 414,Clemmons,NC,,Forsyth,,,Unknown,Unknown,Unknown,,(336) 345-4392,,,,,NCS-00756,2026-06-13 02:20:07.409760+00:00,2026-06-13 02:20:07.409760+00:00
ae33903f-2848-4dc5-8f6b-65b7f462262f,S & M VACUUM & WASTE LWP,private_regional_septage_facility,1904 E RANCIER AVE,KILLEEN,TX,76541,BELL,31.1275,-97.626666,Yes,Yes,Yes,,,,,,,2368,2026-06-13 02:19:52.391210+00:00,2026-06-13 02:19:52.391210+00:00
ae4392a2-2e25-4b36-aaf9-4a9ebf3c0560,Town of Spindale Class B Residuals Program,land_application_site,,,NC,,Rutherford,,,Unknown,Unknown,Unknown,,,,https://edocs.deq.nc.gov/WaterResources/Search.aspx?dbid=0&searchcommand=%7B%5B%5D%3A%5BID%20%23%5D%3D%22WQ0001953%22%7D,,,WQ0001953,2026-06-13 02:20:02.366830+00:00,2026-06-13 02:20:02.366830+00:00
ae4d0fdb-652d-4213-9f98-fe57ba0649fd,New England Fertilizer Company DCAR,land_application_site,,,NC,,Out of State,,,Unknown,Unknown,Unknown,,,,https://edocs.deq.nc.gov/WaterResources/Search.aspx?dbid=0&searchcommand=%7B%5B%5D%3A%5BID%20%23%5D%3D%22WQ0013276%22%7D,,,WQ0013276,2026-06-13 02:20:07.409760+00:00,2026-06-13 02:20:07.409760+00:00
ae81276d-8f91-4c14-a531-577af77b0c7f,S & R Disposable Environmental,private_regional_septage_facility,14021 Conlan Circle Suite B-6,Charlotte,NC,,Mecklenburg,35.057219419381,-80.851153968686,Unknown,Yes,Unknown,,(704) 807-3158,,,,,NCS-01770,2026-06-13 02:20:14.798453+00:00,2026-06-13 02:20:14.798453+00:00
ae9aa020-fa74-4967-be72-f644237038b9,SPRINT RECYCLING CENTER NORTHEAST,transfer_station,,,,,HARRIS,29.887777,-95.361111,Unknown,Unknown,Unknown,,,,,,,40211,2026-06-13 02:19:52.391210+00:00,2026-06-13 02:19:52.391210+00:00
ae9b008f-879a-43d9-b479-58b300ba7f81,CITY OF CANADIAN TRANSFER STATION FACILITY,transfer_station,,,,,HEMPHILL,35.897645,-100.397429,Unknown,Unknown,Unknown,,,,,,,40026,2026-06-13 02:19:41.329224+00:00,2026-06-13 02:19:41.329224+00:00
af18a3aa-f6ba-4f3b-91a3-f9a86395fdee,Mattamuskeet Campus WWTF,private_regional_septage_facility,,,NC,,Hyde,,,Unknown,Unknown,Unknown,,,,https://edocs.deq.nc.gov/WaterResources/Search.aspx?dbid=0&searchcommand=%7B%5B%5D%3A%5BID%20%23%5D%3D%22WQ0006131%22%7D,,,WQ0006131,2026-06-13 02:20:07.409760+00:00,2026-06-13 02:20:07.409760+00:00
af1d8909-6e08-4a92-9c00-0411d7b7dd7c,All Bright Sanitation,private_regional_septage_facility,P.O. Box 816,Columbus,NC,,Polk,,,Yes,Unknown,Unknown,,,,,,,NCS-00795,2026-06-13 02:20:14.798453+00:00,2026-06-13 02:20:14.798453+00:00
af2ff9e9-4e68-4ba9-acc4-4ba884285159,TRENDSETTER CONSTRUCTION,composting_facility,13414 FM 206,TYLER,TX,75709-5107,SMITH,32.330431,-95.395532,Unknown,Unknown,Unknown,,,,,110071156248,TXR05EY37,100150,2026-06-13 02:16:36.677166+00:00,2026-06-13 02:19:52.391210+00:00
af4c222e-56f5-4893-9f62-4efd32a95722,Center Road Well WWTF,private_regional_septage_facility,,,NC,,Bladen,,,Unknown,Unknown,Unknown,,,,https://edocs.deq.nc.gov/WaterResources/Search.aspx?dbid=0&searchcommand=%7B%5B%5D%3A%5BID%20%23%5D%3D%22WQ0033942%22%7D,,,WQ0033942,2026-06-13 02:20:02.366830+00:00,2026-06-13 02:20:02.366830+00:00
af5d8428-fbc4-421d-9c03-c26de711133a,N.C. Zoological Park,composting_facility,4401 Zoo Parkway,Asheboro,NC,27205,Randolph,35.61908,-79.74874,Unknown,Unknown,Unknown,,(336) 879-7417,,,,,7604-COMPOST-,2026-06-13 02:20:07.409760+00:00,2026-06-13 02:20:07.409760+00:00
af5e613c-96ac-4463-a880-6804c3735433,Green Recycling Transfer Station at Hibbs Road,transfer_station,812 Hibbs Road,Newport,NC,28546,Carteret,34.753352,-76.878395,Unknown,Unknown,Unknown,,(910) 284-2309,,,,,1607-TRANSFER-2019,2026-06-13 02:20:07.409760+00:00,2026-06-13 02:20:07.409760+00:00
af688be2-2589-4c78-b981-1ddd074f8aa9,Anytime Portable Toilets,private_regional_septage_facility,PO Box 111,Red Oak,NC,,Nash,,,,,,,(252) 567-4955,,,,,NCS-01278,2026-06-13 02:20:14.798453+00:00,2026-06-13 02:20:14.798453+00:00
af705243-6119-4006-b0f1-5723395e4e08,Davis Septic Tank Cleaning,private_regional_septage_facility,P.O. Box 820,Pine Level,NC,,Johnston,,,Yes,Unknown,Unknown,,,,,,,NCS-00715,2026-06-13 02:20:14.798453+00:00,2026-06-13 02:20:14.798453+00:00
af7c1121-63f5-4907-96ab-6d68abcf5ffe,BLUE RIDGE LANDFILL,anaerobic_digester,2200 FM 521 RD,FRESNO,TX,77545-8214,Fort Bend,29.55444,-95.45111,Yes,Yes,Unknown,,,,,110033518076,TXR05S302,1505A,2026-06-13 02:10:12.403798+00:00,2026-06-13 02:19:52.391210+00:00
af89d2d5-3487-4541-8a71-cf4e81fc3cbe,Rathbone Septic Tank Pumping,private_regional_septage_facility,151 Cale Way,Clyde,NC,,Haywood,35.627370025576,-82.93404481794,Yes,Unknown,Unknown,,(828) 734-3844,,,,,NCS-01256,2026-06-13 02:20:07.409760+00:00,2026-06-13 02:20:07.409760+00:00
afaae92b-66e9-478d-b3aa-68f5b68e57fe,Smith Creek Resource Recovery Facility,potw_receiving_station,,,NC,,Wake,,,Yes,Yes,Unknown,,,,https://edocs.deq.nc.gov/WaterResources/Search.aspx?dbid=0&searchcommand=%7B%5B%5D%3A%5BID%20%23%5D%3D%22WQ0032757%22%7D,,,WQ0032757,2026-06-13 02:20:02.366830+00:00,2026-06-13 02:20:02.366830+00:00
afb8a195-72b1-4259-9af9-7054112f8d10,Town of Sparta RLAP,land_application_site,,,NC,,Alleghany,,,Yes,Unknown,Unknown,,,,https://edocs.deq.nc.gov/WaterResources/Search.aspx?dbid=0&searchcommand=%7B%5B%5D%3A%5BID%20%23%5D%3D%22WQ0006242%22%7D,,,WQ0006242,2026-06-13 02:20:02.366830+00:00,2026-06-13 02:20:02.366830+00:00
afbc5cc6-3f79-4aa2-9d55-e161b5121cd7,SA RECYCLING,composting_facility,1000 UPTON ST,SAN ANGELO,TX,76903-4144,Tom Green,31.472239,-100.421063,Unknown,Unknown,Unknown,,,,,110071538558,TXR05GE97,2359,2026-06-13 02:15:13.781135+00:00,2026-06-13 02:19:52.391210+00:00
afc45127-d46c-4b2a-a8c7-6e82852d13df,Kennedy Septic Tank Service Inc.,private_regional_septage_facility,2699 Saint Paul Road,Woodlawn,NC,,Montgomery,,,Yes,Unknown,Yes,,,,,,,NCS-01219,2026-06-13 02:20:14.798453+00:00,2026-06-13 02:20:14.798453+00:00
afc7eb4c-8594-4b45-ad30-22768acde5d7,Bennie A Moore Septic Tank Service Inc,private_regional_septage_facility,1150 Eli Bowen Road,Williamston,NC,,Martin,35.793615228555,-77.093785673303,Yes,Yes,Unknown,,(252) 792-5978,,,,,NCS-00107,2026-06-13 02:20:14.798453+00:00,2026-06-13 02:20:14.798453+00:00
afd596ff-8d32-4afe-92c4-866421755a3f,Little John,private_regional_septage_facility,152 Brinkley Road,Carthage,NC,,Moore,35.289890345719,-79.430116732127,Unknown,Unknown,Yes,,(910) 944-5555,,,,,NCS-01564,2026-06-13 02:20:14.798453+00:00,2026-06-13 02:20:14.798453+00:00
afee2c87-0a45-4f78-9d92-7c16a70e9594,Simple Septic,private_regional_septage_facility,156 Windward Dr.,Littleton,NC,,Warren,36.524901933588,-77.941292171316,Unknown,Unknown,Unknown,,(252) 379-0008,,,,,NCS-01766,2026-06-13 02:20:14.798453+00:00,2026-06-13 02:20:14.798453+00:00
b005827d-9476-4fec-a5c6-64fbeddb76c7,Hall Septic Tank Service,private_regional_septage_facility,1715 Steele Road,Sandy Ridge,NC,,Stokes,36.484146978594,-80.134146830551,Unknown,Unknown,Unknown,,(336) 871-3948,,,,,NCS-01062,2026-06-13 02:20:14.798453+00:00,2026-06-13 02:20:14.798453+00:00
b0aeb1c3-cefe-4411-a099-89ed138d015d,SOMERVILLE COUNTY TRANSFER STATION,transfer_station,1827 N FM 56,GLEN ROSE,TX,76043,SOMERVELL,32.43333,-97.53333,Unknown,Unknown,Unknown,,,,,,,40181,2026-06-13 02:19:41.329224+00:00,2026-06-13 02:19:41.329224+00:00
b0cca147-a56f-41b4-b8ab-90089af4e8f8,Huffman Finishing Class B Residuals Program,land_application_site,,,NC,,Caldwell,,,Unknown,Unknown,Unknown,,,,https://edocs.deq.nc.gov/WaterResources/Search.aspx?dbid=0&searchcommand=%7B%5B%5D%3A%5BID%20%23%5D%3D%22WQ0002431%22%7D,,,WQ0002431,2026-06-13 02:20:02.366830+00:00,2026-06-13 02:20:02.366830+00:00
b0de8884-6fb4-498f-b092-cbfd0f4a6ddc,Mountaineer Pumping,private_regional_septage_facility,"1655 NC Hwy 194 N, Lot 10",Boone,NC,,Watauga,36.238981030688,-81.656101333723,Unknown,Unknown,Unknown,,828.-71.6221,,,,,NCS-01877,2026-06-13 02:20:14.798453+00:00,2026-06-13 02:20:14.798453+00:00
b0eb0fb4-1412-4b25-a56b-074b0f1354a2,Johnston County Reclaimed Water Program,potw_receiving_station,,,NC,,Johnston,,,Unknown,Unknown,Unknown,,,,https://edocs.deq.nc.gov/WaterResources/Search.aspx?dbid=0&searchcommand=%7B%5B%5D%3A%5BID%20%23%5D%3D%22WQ0019632%22%7D,,,WQ0019632,2026-06-13 02:20:02.366830+00:00,2026-06-13 02:20:02.366830+00:00
b1117864-fddf-41b4-8d2b-d9780265d6e6,B & B Septic Pros,private_regional_septage_facility,429 Little Mountain Church Road Ext.,North Wilkesboro,NC,,Wilkes,36.246698878909,-81.075378625257,Unknown,Unknown,Unknown,,(336) 488-0139,,,,,NCS-01583,2026-06-13 02:20:14.798453+00:00,2026-06-13 02:20:14.798453+00:00
b14a0dc1-2181-4621-b21b-ce08f7d5d37d,"George's Grading & Septic Tank Service, LLC",private_regional_septage_facility,545 School Dr.,Taylorsville,NC,,Alexander,35.921203324287,-81.190706233496,Yes,Yes,Unknown,,(828) 312-2197,,,,,NCS-01395,2026-06-13 02:20:07.409760+00:00,2026-06-13 02:20:07.409760+00:00
b152405d-8181-4ff7-9dd8-44b5920822df,Denali Water Solutions Class B Residuals Program,land_application_site,,,NC,,Randolph,,,Unknown,Unknown,Unknown,,,,https://edocs.deq.nc.gov/WaterResources/Search.aspx?dbid=0&searchcommand=%7B%5B%5D%3A%5BID%20%23%5D%3D%22WQ0045434%22%7D,,,WQ0045434,2026-06-13 02:20:02.366830+00:00,2026-06-13 02:20:02.366830+00:00
b15ffe8c-a88c-4287-afe4-459ef3ada262,Coastal Services Inc.,private_regional_septage_facility,2088 Sandfiddler Rd,Corolla,NC,,Currituck,36.508477764279,-75.861632904181,Unknown,Unknown,Unknown,,(757) 407-7449,,,,,NCS-01783,2026-06-13 02:20:07.409760+00:00,2026-06-13 02:20:07.409760+00:00
b163d8de-9072-4871-bef6-6080c3ad8513,Chatham Park - Vine Parkway RWDL,potw_receiving_station,,,NC,,Chatham,,,Unknown,Unknown,Unknown,,,,https://edocs.deq.nc.gov/WaterResources/Search.aspx?dbid=0&searchcommand=%7B%5B%5D%3A%5BID%20%23%5D%3D%22WQ0041042%22%7D,,,WQ0041042,2026-06-13 02:20:02.366830+00:00,2026-06-13 02:20:02.366830+00:00
b165dafe-2810-4f46-a476-149006674d2a,Westmoore Family Restaurant WWTF,private_regional_septage_facility,,,NC,,Moore,,,Unknown,Unknown,Unknown,,,,https://edocs.deq.nc.gov/WaterResources/Search.aspx?dbid=0&searchcommand=%7B%5B%5D%3A%5BID%20%23%5D%3D%22WQ0021352%22%7D,,,WQ0021352,2026-06-13 02:20:02.366830+00:00,2026-06-13 02:20:02.366830+00:00
b18bf099-7dbf-41c7-a3f5-420f42b38e57,Harnett County Transfer Station,transfer_station,449 Daniels Road,Dunn,NC,28334,Harnett,35.365937,-78.649401,Unknown,Unknown,Unknown,,(910) 814-6004,,,,,4307T-TRANSFER-1997,2026-06-13 02:20:07.409760+00:00,2026-06-13 02:20:07.409760+00:00
b19750bd-6fce-4418-aa19-4c7f2a58aa26,LACOSTE WASTE WATER TREATMENT PLANT,private_regional_septage_facility,11331 LYTLE-LA COSTE RD,LA COSTE,TX,78039,MEDINA,29.52833,-98.34333,Unknown,Unknown,Unknown,,,,,,,43011,2026-06-13 02:19:52.391210+00:00,2026-06-13 02:19:52.391210+00:00
b1a470f0-e9c7-46d1-97f6-b1e8fc43a166,Raleigh Restroom Co,private_regional_septage_facility,108 Moore Hill Way,Holly Springs,NC,,Wake,35.663117249928,-78.863865341626,Unknown,Unknown,Unknown,,919.-30.9601,,,,,NCS-01888,2026-06-13 02:20:14.798453+00:00,2026-06-13 02:20:14.798453+00:00
b207cac3-3b36-49c6-85ec-b28df8c16035,Harvey Point Defense Testing Activity WWTP,private_regional_septage_facility,,,NC,,Perquimans,,,Unknown,Unknown,Unknown,,,,https://edocs.deq.nc.gov/WaterResources/Search.aspx?dbid=0&searchcommand=%7B%5B%5D%3A%5BID%20%23%5D%3D%22WQ0024003%22%7D,,,WQ0024003,2026-06-13 02:20:07.409760+00:00,2026-06-13 02:20:07.409760+00:00
b209b6ad-0c02-4ac9-a26b-9512b16b5f3e,Parcel No. 9843783293 Mt. Willing Rd. SFR,private_regional_septage_facility,,,NC,,Orange,,,Unknown,Unknown,Unknown,,,,https://edocs.deq.nc.gov/WaterResources/Search.aspx?dbid=0&searchcommand=%7B%5B%5D%3A%5BID%20%23%5D%3D%22WQ0030284%22%7D,,,WQ0030284,2026-06-13 02:20:02.366830+00:00,2026-06-13 02:20:02.366830+00:00
b263262f-90e9-4582-9a1d-0d5801f327b4,Davidson County Schools,private_regional_septage_facility,218-B County School Road,Lexington,NC,,Davidson,35.817025873568,-80.199549306889,Unknown,Unknown,Unknown,,(336) 249-6704,,,,,NCS-00704,2026-06-13 02:20:07.409760+00:00,2026-06-13 02:20:07.409760+00:00
b26532b1-bb35-4400-96b5-bf43cec3b02d,Carolina Poultry Power - La Grange CUS,potw_receiving_station,,,NC,,Lenoir,,,Unknown,Unknown,Unknown,,,,https://edocs.deq.nc.gov/WaterResources/Search.aspx?dbid=0&searchcommand=%7B%5B%5D%3A%5BID%20%23%5D%3D%22WQ0044332%22%7D,,,WQ0044332,2026-06-13 02:20:07.409760+00:00,2026-06-13 02:20:07.409760+00:00
b2690a83-1663-4a8e-ad40-88e6ab1d0224,MULCH KING,composting_facility,12622 BOUDREAUX RD,TOMBALL,TX,77375,HARRIS,30.0541,-95.6183,Unknown,Unknown,Unknown,,,,,,,100058,2026-06-13 02:19:52.391210+00:00,2026-06-13 02:19:52.391210+00:00
b298da16-d1e0-48f9-b80b-0b65c7422a85,SOUTH WASTE DISPOSAL SAN ANTONIO FACILITY,composting_facility,20805 LAMM RD,ELMENDORF,TX,78112,BEXAR,29.211487,-98.406907,Yes,Yes,Unknown,,,,,110070364913,TXR05BC61,2317,2026-06-13 02:15:37.068591+00:00,2026-06-13 02:19:52.391210+00:00
b2b30956-f6fb-4f68-8600-5603ce598246,McMahan Septic Tank,private_regional_septage_facility,10 Paddington Drive,Lexington,NC,,Davidson,35.860912210659,-80.286680156537,Yes,Unknown,Unknown,,336.-49.1558,,,,,NCS-00169,2026-06-13 02:20:07.409760+00:00,2026-06-13 02:20:07.409760+00:00
b2b55b87-a624-46be-afd8-33757310d04e,Express Jet Services,private_regional_septage_facility,PO Box 1399,Oxford,NC,,Granville,,,Unknown,Yes,Unknown,,(919) 892-7107,,,,,NCS-01515,2026-06-13 02:20:07.409760+00:00,2026-06-13 02:20:07.409760+00:00
b2d1ae8f-4d52-413f-b2cc-a1edc340faa2,BREAK IT DOWN BLUE GOOSE RECYCLING,composting_facility,5505 BLUE GOOSE RD,AUSTIN,TX,78754,Travis,30.35046,-97.63095,Unknown,Unknown,Unknown,,,,,110071945294,TXR05GR89,100615,2026-06-13 02:10:12.403798+00:00,2026-06-13 02:19:52.391210+00:00
b30370b8-defb-4a41-80be-491d30eb5dcc,L&G ENVIRONMENTAL LLC,private_regional_septage_facility,2325 HIGHWAY 105,BRENHAM,TX,77833,WASHINGTON,30.185,-96.377222,Yes,Yes,Unknown,,,,,,,2381,2026-06-13 02:19:52.391210+00:00,2026-06-13 02:19:52.391210+00:00
b307125f-c524-4ce0-99bd-bc22bc947725,"Coastal Farms and Residuals, LLC",private_regional_septage_facility,PO BOX 109,Currie,NC,,Pender,,,Unknown,Unknown,Unknown,,(910) 283-9823,,,,,NCS-01260,2026-06-13 02:20:14.798453+00:00,2026-06-13 02:20:14.798453+00:00
b3110546-339b-4fcc-abb9-b7361bcb95a4,NELSON ROAD BRUSH RECYCLING CENTER,composting_facility,"8963 NELSON ROAD, SAN ANTONIO, TX",SAN ANTONIO,TX,78252,Bexar,29.32697,-98.667861,Unknown,Unknown,Unknown,,,,,110070396088,TXR05ES94,100305,2026-06-13 02:14:01.016761+00:00,2026-06-13 02:19:52.391210+00:00
b320001c-368d-4753-9962-7e6e3e57c271,LIVING EARTH,composting_facility,16955 KATY HOCKLEY RD,HOCKLEY,TX,77447-9158,HARRIS,30.01503,-95.81522,Unknown,Unknown,Unknown,,,,,110070373763,TXR05DN11,100489,2026-06-13 02:13:19.417606+00:00,2026-06-13 02:19:52.391210+00:00
b33e2307-d337-404f-b62e-903efa4a0c05,Upstate Septics,private_regional_septage_facility,420 Sandclay Rd.,Chesnee,NC,,Cherokee,35.154492759976,-81.826185312075,Yes,Unknown,Unknown,,(864) 612-2731,,,,,NCS-01774,2026-06-13 02:20:07.409760+00:00,2026-06-13 02:20:07.409760+00:00
b37453bf-8a48-4548-a58c-8ca3765dce2a,DUNCANS,transfer_station,914 COUNTY ROAD 1642,JEFFERSON,TX,75657,CASS,32.89173,-94.38094,Unknown,Unknown,Unknown,,,,,,,110003,2026-06-13 02:19:52.391210+00:00,2026-06-13 02:19:52.391210+00:00
b37d24e1-02f6-4664-b8e3-882863cdeb12,Oak Island Satellite WRF,potw_receiving_station,,,NC,,Brunswick,,,Unknown,Unknown,Unknown,,,,https://edocs.deq.nc.gov/WaterResources/Search.aspx?dbid=0&searchcommand=%7B%5B%5D%3A%5BID%20%23%5D%3D%22WQ0031857%22%7D,,,WQ0031857,2026-06-13 02:20:02.366830+00:00,2026-06-13 02:20:02.366830+00:00
b3a7dbf3-eddc-4532-a0d4-82554349648c,Coastal Regional Solid Waste Management Authority,transfer_station,800 Hibbs Road,Newport,NC,28570,Carteret,34.762531,-76.889141,Unknown,Unknown,Unknown,,(252) 633-1564,,,,,1604-TRANSFER-1993,2026-06-13 02:20:07.409760+00:00,2026-06-13 02:20:07.409760+00:00
b3abec4e-26ae-4645-9b4f-7e23f6971468,MADISON COUNTY PRECINCT 3 CCS,transfer_station,7949 FM 39,NORMANGEE,TX,77871,MADISON,,,Unknown,Unknown,Unknown,,,,,,,120076,2026-06-13 02:19:52.391210+00:00,2026-06-13 02:19:52.391210+00:00
b3ac6f3f-c873-444d-b93f-ecb604c9e3fc,Harris & Sons Septic LLC,private_regional_septage_facility,2038 N Terrys Bridge rd,Halifax,NC,,Person,,,Yes,Unknown,Yes,,(336) 504-8398,,,,,NCS-01580,2026-06-13 02:20:14.798453+00:00,2026-06-13 02:20:14.798453+00:00
b3c24ba7-9a50-45f5-91bf-c8b00140c5c7,PCS Phosphate Class B Residuals Program,land_application_site,,,NC,,Beaufort,,,Unknown,Unknown,Unknown,,,,https://edocs.deq.nc.gov/WaterResources/Search.aspx?dbid=0&searchcommand=%7B%5B%5D%3A%5BID%20%23%5D%3D%22WQ0004095%22%7D,,,WQ0004095,2026-06-13 02:20:07.409760+00:00,2026-06-13 02:20:07.409760+00:00
b3d9b682-ce75-4cf7-ac5d-c609eca2febb,GALVESTON TRANSFER STATION,transfer_station,5515 HARBORSIDE DR,GALVESTON,TX,77554-2818,Galveston,29.297714,-94.83408,Unknown,Unknown,Unknown,,,,,110033088619,TXR05AN17,164,2026-06-13 02:11:57.469358+00:00,2026-06-13 02:19:52.391210+00:00
b3eacd2b-d525-4d10-81ff-08edc4b1c7d9,Belton's Septic Tank Service,private_regional_septage_facility,PO Box 64067,Fayetteville,NC,,Hoke,,,Yes,Unknown,Unknown,,(910) 425-8876,,,,,NCS-00280,2026-06-13 02:20:14.798453+00:00,2026-06-13 02:20:14.798453+00:00
b3ff3e29-bfb3-467b-b535-2ecba9e889ee,BERTIE DISPOSAL PIPE CREEK,transfer_station,232 DEER FOREST DR,PIPE CREEK,TX,78063,BANDERA,29.717366,-98.905219,Unknown,Unknown,Unknown,,,,,,,110055,2026-06-13 02:19:52.391210+00:00,2026-06-13 02:19:52.391210+00:00
b409b1fe-2eb5-4d6b-a38b-40d211a869ba,MidSouth Pumping LLC,private_regional_septage_facility,PO Box 1491,Rutherfordton,NC,,Rutherford,,,Yes,Yes,Yes,,(828) 755-6280,,,,,NCS-01556,2026-06-13 02:20:14.798453+00:00,2026-06-13 02:20:14.798453+00:00
b442d202-1386-4bd0-a725-72d1bc1bd168,Blackburn Resource Recovery C&D Facility,composting_facility,3993 Rocky Ford Road,Newton,NC,28658,Catawba,35.59615,-81.30886,Unknown,Unknown,Unknown,,(704) 462-1348,,,,,1803-CDLF-,2026-06-13 02:20:07.409760+00:00,2026-06-13 02:20:07.409760+00:00
b4acec75-02e1-425d-bd29-071fdbbccef8,Weyerhaeuser NR Company DCAR,land_application_site,,,NC,,Surry,,,Unknown,Unknown,Unknown,,,,https://edocs.deq.nc.gov/WaterResources/Search.aspx?dbid=0&searchcommand=%7B%5B%5D%3A%5BID%20%23%5D%3D%22WQ0042203%22%7D,,,WQ0042203,2026-06-13 02:20:02.366830+00:00,2026-06-13 02:20:02.366830+00:00
b4afe08e-29a5-4c67-9fce-bf4fa75f87f2,Southeast Cleaning Solutions,private_regional_septage_facility,118 Fred Rd,Orrum,NC,,Robeson,34.530887798444,-79.021932280993,Unknown,Unknown,Unknown,,(910) 618-7331,,,,,NCS-01647,2026-06-13 02:20:14.798453+00:00,2026-06-13 02:20:14.798453+00:00
b4c79be5-2ca2-424c-b992-96cb01100faf,Chuck Keene Septic Tank Pumping,private_regional_septage_facility,3281 Providence Church Rd.,Climax,NC,,Randolph,35.864188312705,-79.704309048221,Yes,Unknown,Unknown,,(336) 685-4444,,,,,NCS-00522,2026-06-13 02:20:14.798453+00:00,2026-06-13 02:20:14.798453+00:00
b58a8f0e-d695-4d69-b07c-e6e5da51cf0d,North Durham Class A Residuals Composting Program,land_application_site,,,NC,,Durham,,,Unknown,Unknown,Unknown,,,,https://edocs.deq.nc.gov/WaterResources/Search.aspx?dbid=0&searchcommand=%7B%5B%5D%3A%5BID%20%23%5D%3D%22WQ0040265%22%7D,,,WQ0040265,2026-06-13 02:20:02.366830+00:00,2026-06-13 02:20:02.366830+00:00
b5b73c1a-c70f-4b97-b769-293f3c702b95,Iredell County Transfer Station,transfer_station,158 MacLeod Drive,Mooresville,NC,28115,Iredell,35.586692,-80.842679,Unknown,Unknown,Unknown,,(704) 928-2024,,,,,4904T-TRANSFER-1998,2026-06-13 02:20:07.409760+00:00,2026-06-13 02:20:07.409760+00:00
b5bdde2e-0f48-4caa-aa9f-a2ddb959be9f,"Greensboro, City of Transfer Station",transfer_station,6310 Burnt Poplar Road,Greensboro,NC,27409,Guilford,36.073371,-79.920411,Unknown,Unknown,Unknown,,(336) 373-4188,,,,,4120T-TRANSFER-,2026-06-13 02:20:07.409760+00:00,2026-06-13 02:20:07.409760+00:00
b5e69d9a-f8bc-4845-8b1a-ccd57bb3e778,JTC Septic Service,private_regional_septage_facility,473 Westwood Circle,Waynesville,NC,,Haywood,35.482563928647,-83.005079034127,Unknown,Unknown,Unknown,,828.-40.1261,,,,,NCS-01900,2026-06-13 02:20:07.409760+00:00,2026-06-13 02:20:07.409760+00:00
b6150078-77a5-4fcb-b1fd-d8f346dcae68,Vickers Village WWTP,potw_receiving_station,,,NC,,Chatham,,,Unknown,Unknown,Unknown,,,,https://edocs.deq.nc.gov/WaterResources/Search.aspx?dbid=0&searchcommand=%7B%5B%5D%3A%5BID%20%23%5D%3D%22WQ0044496%22%7D,,,WQ0044496,2026-06-13 02:20:02.366830+00:00,2026-06-13 02:20:02.366830+00:00
b654bffa-5b6a-4102-9b52-19df8afbdbe0,Pee Wee's Septic Tank Cleaning,private_regional_septage_facility,1837 Swepsonville Road,Graham,NC,,Alamance,36.034894845639,-79.387378696458,Yes,Yes,Unknown,,(336) 214-7967,,,,,NCS-00310,2026-06-13 02:20:07.409760+00:00,2026-06-13 02:20:07.409760+00:00
b65bb08d-5940-47ab-989e-7a88fe31a9eb,LIVING EARTH,composting_facility,9001 JACKSBORO HWY,LAKESIDE,TX,76135-4726,TARRANT,32.8299,-97.48386,Unknown,Unknown,Unknown,,,,,110070376025,TXR05DI97,100485,2026-06-13 02:13:19.417606+00:00,2026-06-13 02:19:52.391210+00:00
b677e933-6ff1-4d4d-85ab-f911396bb7c0,For Garden's Sake WWTF,private_regional_septage_facility,,,NC,,Chatham,,,Unknown,Unknown,Unknown,,,,https://edocs.deq.nc.gov/WaterResources/Search.aspx?dbid=0&searchcommand=%7B%5B%5D%3A%5BID%20%23%5D%3D%22WQ0044207%22%7D,,,WQ0044207,2026-06-13 02:20:07.409760+00:00,2026-06-13 02:20:07.409760+00:00
b67bfe86-139b-471b-96ff-385a499eca0f,Town of Salemburg WWTF,private_regional_septage_facility,,,NC,,Sampson,,,Yes,Unknown,Unknown,,,,https://edocs.deq.nc.gov/WaterResources/Search.aspx?dbid=0&searchcommand=%7B%5B%5D%3A%5BID%20%23%5D%3D%22WQ0002621%22%7D,,,WQ0002621,2026-06-13 02:20:02.366830+00:00,2026-06-13 02:20:02.366830+00:00
b6833fc1-8977-4612-9de0-e359b810fea8,A Fresh Potti by Foster,private_regional_septage_facility,PO Box 2386,Hendeson,NC,,Franklin,,,Yes,Unknown,Yes,,(252) 438-8588,,,,,NCS-01460,2026-06-13 02:20:07.409760+00:00,2026-06-13 02:20:07.409760+00:00
b69525d8-bcb5-4f1e-929f-fd3af4444936,Pilgrim's Pride - Staley WWTP,private_regional_septage_facility,,,NC,,Randolph,,,Unknown,Unknown,Unknown,,,,https://edocs.deq.nc.gov/WaterResources/Search.aspx?dbid=0&searchcommand=%7B%5B%5D%3A%5BID%20%23%5D%3D%22WQ0005681%22%7D,,,WQ0005681,2026-06-13 02:20:02.366830+00:00,2026-06-13 02:20:02.366830+00:00
b6a1f8e8-44c1-4c31-8d4e-4ac1c669ad5f,CITY OF TAFT CITIZENS COLLECTION STATION,transfer_station,501 INDUSTRIAL ST,TAFT,TX,78390,SAN PATRICIO,29.65,-95.22,Unknown,Unknown,Unknown,,,,,,,120083,2026-06-13 02:19:52.391210+00:00,2026-06-13 02:19:52.391210+00:00
b6a4a81d-58c6-41f8-9495-0cf5122fcc0c,Elite Hydro Service LLC,private_regional_septage_facility,4090 Moncure Pittsboro Rd,Moncure,NC,,Chatham,35.659209626076,-79.132774812058,Yes,Unknown,Unknown,,(919)219-0255,,,,,NCS-01812,2026-06-13 02:20:07.409760+00:00,2026-06-13 02:20:07.409760+00:00
b6ac3354-dd58-473d-912f-521d504a5907,Cofield Feed Mill WWTF,private_regional_septage_facility,,,NC,,Hertford,,,Unknown,Unknown,Unknown,,,,https://edocs.deq.nc.gov/WaterResources/Search.aspx?dbid=0&searchcommand=%7B%5B%5D%3A%5BID%20%23%5D%3D%22WQ0001536%22%7D,,,WQ0001536,2026-06-13 02:20:07.409760+00:00,2026-06-13 02:20:07.409760+00:00
b6aea874-2ec8-41ad-a1c3-4b76afcbd885,CITY OF LAREDO CITIZEN CONVENIENCE STATION,transfer_station,6912 TX-359 UNIT N,LAREDO,TX,78043,WEBB,27.488611,-99.408333,Unknown,Unknown,Unknown,,,,,,,120215,2026-06-13 02:19:52.391210+00:00,2026-06-13 02:19:52.391210+00:00
b6bc946b-9d8d-4a9b-b946-5f5db0583466,Alljuice - Hendersonville WWTF,private_regional_septage_facility,,,NC,,Henderson,,,Unknown,Unknown,Unknown,,,,https://edocs.deq.nc.gov/WaterResources/Search.aspx?dbid=0&searchcommand=%7B%5B%5D%3A%5BID%20%23%5D%3D%22WQ0004967%22%7D,,,WQ0004967,2026-06-13 02:20:02.366830+00:00,2026-06-13 02:20:02.366830+00:00
b6c3ccd3-b138-4947-a33a-dd0d2bd18571,HENRY L ZUMWALT,composting_facility,12354 FM 1560 N,HELOTES,TX,78023,BEXAR,29.559015,-98.695699,Unknown,Unknown,Unknown,,,,,,,100003,2026-06-13 02:19:52.391210+00:00,2026-06-13 02:19:52.391210+00:00
b72a8c67-ec0c-4635-a174-e304d18293cb,Holden's Septic Service,private_regional_septage_facility,3189 Mt. Misery Rd,Leland,NC,,Brunswick,34.303869940575,-78.076550403801,Unknown,Unknown,Unknown,,,,,,,NCS-01242,2026-06-13 02:20:07.409760+00:00,2026-06-13 02:20:07.409760+00:00
b7681ca4-c12c-4616-b09c-60ed112a8a13,New Hanover County Materials Recovery & Recycling Facility,composting_facility,3002 US Highway 421 North,Wilmington,NC,28401,New Hanover,34.32409,-77.9904,Unknown,Unknown,Unknown,,(910) 798-4403,,,,,6504-MWP-2016,2026-06-13 02:20:07.409760+00:00,2026-06-13 02:20:07.409760+00:00
b76de7d4-0491-4fea-b285-90bf568dbf34,CAMPBELL FARMS,composting_facility,2332 FM 1780,PLAINS,TX,79355,YOAKUM,,,Unknown,Unknown,Unknown,,,,,,,47051,2026-06-13 02:19:41.329224+00:00,2026-06-13 02:19:41.329224+00:00
b776f465-346b-4599-afa0-28fd31ebf663,MID AMERICA CONTRACTORS LLC,transfer_station,3995 FM 1485 RD,CONROE,TX,77306,MONTGOMERY,30.3225,-95.381388,Unknown,Unknown,Unknown,,,,,,,2309,2026-06-13 02:19:52.391210+00:00,2026-06-13 02:19:52.391210+00:00
b77f94eb-515f-4951-9fd9-f82dbf0d840f,Triangle Grease Trap,private_regional_septage_facility,PO Box 649,Zebulon,NC,,Wake,,,Unknown,Yes,Unknown,,(910) 992-6874,,,,,NCS-01416,2026-06-13 02:20:14.798453+00:00,2026-06-13 02:20:14.798453+00:00
b782348e-59ef-4fb5-ba66-e6643b76c08e,"Winston-Salem, City of Compost",composting_facility,180 North Star Drive,Rural Hall,NC,27045,Forsyth,36.24074,-80.296104,Yes,Unknown,Unknown,,(336) 734-1565,,,,,3423-COMPOST-,2026-06-13 02:20:07.409760+00:00,2026-06-13 02:20:07.409760+00:00
b7c4f48a-141e-417a-9984-b7fc3a0b0d78,Dennis Hoyle Services Septic Tank Pumping & Porta-Jon Rentals,private_regional_septage_facility,PO Box 84,Vale,NC,,Lincoln,,,Yes,Unknown,Yes,,(980)429-0438,,,,,NCS-00805,2026-06-13 02:20:14.798453+00:00,2026-06-13 02:20:14.798453+00:00
b80e04da-7f90-4f17-a4f4-79d1053a1f9f,Town of Rutherfordton Class B Residuals Program,land_application_site,,,NC,,Rutherford,,,Unknown,Unknown,Unknown,,,,https://edocs.deq.nc.gov/WaterResources/Search.aspx?dbid=0&searchcommand=%7B%5B%5D%3A%5BID%20%23%5D%3D%22WQ0032855%22%7D,,,WQ0032855,2026-06-13 02:20:02.366830+00:00,2026-06-13 02:20:02.366830+00:00
b873c44a-ee6c-4f3e-a83f-97af33170d79,CITY OF CANTON TRANSFER STATION,transfer_station,1810 VZ COUNTY RD 3121,CANTON,TX,75103,VAN ZANDT,32.591111,-95.865,Unknown,Unknown,Unknown,,,,,,,40266,2026-06-13 02:19:52.391210+00:00,2026-06-13 02:19:52.391210+00:00
b8773ff4-86ee-45ef-a750-8dfe2bc84547,HAYNESWORTH HOUSTON NOVUS WOOD GROUP,composting_facility,5900 HAYNESWORTH LN,HOUSTON,TX,77034-4029,HARRIS,29.6203,-95.18723,Unknown,Unknown,Unknown,,,,,110070367368,TXR05BQ63,100095,2026-06-13 02:12:24.963664+00:00,2026-06-13 02:19:52.391210+00:00
b8aa3ce0-d775-4879-9b5f-a6883b65f253,Hertford County Transfer Station,transfer_station,227 Mount Moriah Road,Winton,NC,27986,Hertford,36.39071,-76.97363,Unknown,Unknown,Unknown,,(252) 642-3170,,,,,4602T-TRANSFER-1995,2026-06-13 02:20:07.409760+00:00,2026-06-13 02:20:07.409760+00:00
b8e3a14d-e7ea-48af-be34-35d6db104f9c,Hwy 16 Septic Tank Service,private_regional_septage_facility,1464 Kelly Court,Conover,NC,,Catawba,35.78127048137,-81.209053428549,Yes,Unknown,Unknown,,,,,,,NCS-00926,2026-06-13 02:20:07.409760+00:00,2026-06-13 02:20:07.409760+00:00
b9111c35-919e-4cfb-b76f-ef48a6c718b2,Southern Magnolia Farm WWTF,private_regional_septage_facility,,,NC,,Craven,,,Unknown,Unknown,Unknown,,,,https://edocs.deq.nc.gov/WaterResources/Search.aspx?dbid=0&searchcommand=%7B%5B%5D%3A%5BID%20%23%5D%3D%22WQ0042030%22%7D,,,WQ0042030,2026-06-13 02:20:02.366830+00:00,2026-06-13 02:20:02.366830+00:00
b93ae045-2ddb-4884-b7c2-a9ed4629cd0d,Alpek Polyester - Cape Fear Manufacturing Facility SDU,land_application_site,,,NC,,Brunswick,,,Unknown,Unknown,Unknown,,,,https://edocs.deq.nc.gov/WaterResources/Search.aspx?dbid=0&searchcommand=%7B%5B%5D%3A%5BID%20%23%5D%3D%22WQ0018087%22%7D,,,WQ0018087,2026-06-13 02:20:02.366830+00:00,2026-06-13 02:20:02.366830+00:00
b9589122-278f-4668-806d-ade00c352742,North Chatham Volunteer Fire Department Station 16,private_regional_septage_facility,,,NC,,Chatham,,,Unknown,Unknown,Unknown,,,,https://edocs.deq.nc.gov/WaterResources/Search.aspx?dbid=0&searchcommand=%7B%5B%5D%3A%5BID%20%23%5D%3D%22WQ0021204%22%7D,,,WQ0021204,2026-06-13 02:20:02.366830+00:00,2026-06-13 02:20:02.366830+00:00
b95f1039-5a24-4357-956f-d0e92fdde469,RJ Reynolds WaterHub,potw_receiving_station,,,NC,,Forsyth,,,Unknown,Unknown,Unknown,,,,https://edocs.deq.nc.gov/WaterResources/Search.aspx?dbid=0&searchcommand=%7B%5B%5D%3A%5BID%20%23%5D%3D%22WQ0044664%22%7D,,,WQ0044664,2026-06-13 02:20:02.366830+00:00,2026-06-13 02:20:02.366830+00:00
b9aec5d9-6595-45e1-8b69-da1cbe81c652,Parks Septic Tank Cleaning Service,private_regional_septage_facility,1161-B Parkstown Road,La Grange,NC,,Wayne,35.378014373998,-77.82400431536,Yes,Yes,Unknown,,(919) 778-0264,,,,,NCS-00393,2026-06-13 02:20:14.798453+00:00,2026-06-13 02:20:14.798453+00:00
b9aec84e-dc94-40ba-a466-ef407e9b6ec4,"Viridian Dewatering Facilities, LLC",private_regional_septage_facility,PO Box 8,Teachery,NC,,Sampson,,,Yes,Unknown,Unknown,,,,,,,NCS-01193,2026-06-13 02:20:14.798453+00:00,2026-06-13 02:20:14.798453+00:00
b9b5b4d4-cc5f-4ec8-a09c-5d52f44e4707,Doby's Plumbing & Repair,private_regional_septage_facility,PO Box 868,West Jefferson,NC,,Ashe,,,Yes,Unknown,Unknown,,(336) 846-3629,,,,,NCS-01285,2026-06-13 02:20:07.409760+00:00,2026-06-13 02:20:07.409760+00:00
b9cb5642-07d4-4eab-a0c3-8cdb8f210d35,New Bern Yard Waste Facility,composting_facility,1803 Country Club Road,New Bern,NC,28560,Craven,35.098373,-77.056363,Unknown,Unknown,Unknown,,(252) 639-7521,,,,,2506-COMPOST-1991,2026-06-13 02:20:07.409760+00:00,2026-06-13 02:20:07.409760+00:00
ba2e26b2-7929-422e-8a79-4a531d2fd346,A Arrow Septic Tank Service,private_regional_septage_facility,311 Davis Creek Road,Candler,NC,,Buncombe,,,Yes,Unknown,Yes,,,,,,,NCS-00712,2026-06-13 02:20:07.409760+00:00,2026-06-13 02:20:07.409760+00:00
ba427edc-ce6b-4d14-834c-f581d1786174,GUADALUPE COUNTY SEGUIN COLLECTION STATION,transfer_station,1185 FM 467,SEGUIN,TX,78155,GUADALUPE,29.53139,-97.978472,Unknown,Unknown,Unknown,,,,,,,120151,2026-06-13 02:19:52.391210+00:00,2026-06-13 02:19:52.391210+00:00
ba88d2a5-30fc-49f5-98eb-618198ff8b26,Rogers Septic Tank Service,private_regional_septage_facility,PO Box 7032,Greenville,NC,,Pitt,,,Yes,Unknown,Unknown,,(252) 758-5164,,,,,NCS-00261,2026-06-13 02:20:14.798453+00:00,2026-06-13 02:20:14.798453+00:00
babc6795-2d85-4d66-91eb-b260581dc70a,Stevens Septic Tank & Pump Service,private_regional_septage_facility,PO Box 385,Wingate,NC,,Union,,,Yes,Unknown,Yes,,(740) 776-9598,,,,,NCS-00939,2026-06-13 02:20:14.798453+00:00,2026-06-13 02:20:14.798453+00:00
bac72203-3818-4f7a-be45-abe49ab7303d,Red Carpet Services Inc,private_regional_septage_facility,PO Box 281,Locust,NC,,Cabarrus,,,Unknown,Unknown,Unknown,,(704) 668-2179,,,,,NCS-01746,2026-06-13 02:20:07.409760+00:00,2026-06-13 02:20:07.409760+00:00
bad6f949-b8a7-4234-ba8f-84bf598db1a5,We Pump It,private_regional_septage_facility,3845 McLaurin Rd.,Bear Creek,NC,,Chatham,35.65602084258,-79.378248873265,Unknown,Unknown,Yes,,(919) 545-1139,,,,,NCS-01036,2026-06-13 02:20:07.409760+00:00,2026-06-13 02:20:07.409760+00:00
bb168b89-0901-4d83-96fc-8fc216f55a10,CGO Grease Services LLC,private_regional_septage_facility,3520 Key St,Hamptonville,NC,,Forsyth,36.111193343004,-80.771544151161,Yes,Yes,Unknown,,(336) 341-0982,,,,,NCS-01695,2026-06-13 02:20:07.409760+00:00,2026-06-13 02:20:07.409760+00:00
bb1c92ca-d7d2-4563-9bf6-6c3388b3cdc7,CITY OF WACO TRANSFER STATION,transfer_station,6171 S UNIVERSITY PARKS DRIVE,WACO,TX,76706,McLennan,31.494972,-97.081858,Unknown,Unknown,Unknown,,,,,110071709198,TXR05GU80,40338,2026-06-13 02:10:47.633927+00:00,2026-06-13 02:19:52.391210+00:00
bb599762-8556-409d-a457-a619d3409ac7,JASPER CO PRECINCT 1 CCS,transfer_station,146 COUNTY ROAD 032 W,JASPER,TX,75951,JASPER,30.992554,-94.150663,Unknown,Unknown,Unknown,,,,,,,120110,2026-06-13 02:19:52.391210+00:00,2026-06-13 02:19:52.391210+00:00
bb947747-67f4-4b23-8e88-00ff1aeae425,IMC WASTE DISPOSAL,private_regional_septage_facility,1908 WAURIKA FWY,WICHITA FALLS,TX,76305,WICHITA,33.89,-98.44233,Unknown,Unknown,Unknown,,,,,,,2229A,2026-06-13 02:19:41.329224+00:00,2026-06-13 02:19:41.329224+00:00
bb9b3256-c785-4ab2-a697-fc063951daae,TRI-STATE RECYCLING TEXLINE TRANSFER,transfer_station,,,,,DALLAM,36.380442,-103.028806,Unknown,Unknown,Unknown,,,,,,,40271,2026-06-13 02:19:41.329224+00:00,2026-06-13 02:19:41.329224+00:00
bbbc9b04-5107-4a5f-a956-1de181608767,SWEET PEET AUSTIN,composting_facility,15304 DEXLER DR LOT B,AUSTIN,TX,78734,TRAVIS,30.381712,-97.939233,Unknown,Unknown,Unknown,,,,,,,100623,2026-06-13 02:19:52.391210+00:00,2026-06-13 02:19:52.391210+00:00
bbc1f33c-3763-4674-a7ff-2b283b567e04,Mobile Thrones,private_regional_septage_facility,1137 Ivy Lane,Raleigh,NC,,Wake,35.853679485358,-78.621480674251,Unknown,Unknown,Yes,,423.-67.2137,,,,,NCS-01886,2026-06-13 02:20:14.798453+00:00,2026-06-13 02:20:14.798453+00:00
bbc2b248-b80c-4c08-a8d3-60e04b0223fc,Union County Large Type 1 Compost Unit,composting_facility,2125 Austin Chaney Road,Wingate,NC,28174,Union,,,Unknown,Unknown,Unknown,,(704) 989-1949,,,,,9015-COMPOST-2020,2026-06-13 02:20:07.409760+00:00,2026-06-13 02:20:07.409760+00:00
bbc637cb-d314-4835-9fc5-926b6c4e08ee,Fontana Ventures LLC dba Fontana Village Resort,private_regional_septage_facility,PO Box 68,Fontana Dam,NC,,Graham,,,Unknown,Unknown,Unknown,,(828) 498-2119,,,,,NCS-01546,2026-06-13 02:20:07.409760+00:00,2026-06-13 02:20:07.409760+00:00
bbc9119a-201a-42c6-b9ed-877d4ae6dfa6,Apex Mini Storage WWTF,private_regional_septage_facility,,,NC,,Wake,,,Unknown,Unknown,Unknown,,,,https://edocs.deq.nc.gov/WaterResources/Search.aspx?dbid=0&searchcommand=%7B%5B%5D%3A%5BID%20%23%5D%3D%22WQ0034341%22%7D,,,WQ0034341,2026-06-13 02:20:02.366830+00:00,2026-06-13 02:20:02.366830+00:00
bc194972-e799-4ae0-a9e3-867c5b693ac5,Riverview Farm WWTP,private_regional_septage_facility,,,NC,,Iredell,,,Unknown,Unknown,Unknown,,,,https://edocs.deq.nc.gov/WaterResources/Search.aspx?dbid=0&searchcommand=%7B%5B%5D%3A%5BID%20%23%5D%3D%22WQ0046288%22%7D,,,WQ0046288,2026-06-13 02:20:02.366830+00:00,2026-06-13 02:20:02.366830+00:00
bc3c5dc5-3faa-4284-840b-23e45d9ed6e6,Novozymes - Franklinton WWTP,potw_receiving_station,,,NC,,Franklin,,,Unknown,Unknown,Unknown,,,,https://edocs.deq.nc.gov/WaterResources/Search.aspx?dbid=0&searchcommand=%7B%5B%5D%3A%5BID%20%23%5D%3D%22WQ0046265%22%7D,,,WQ0046265,2026-06-13 02:20:02.366830+00:00,2026-06-13 02:20:02.366830+00:00
bc4012b7-6617-4f7c-ab91-9d1f90e71b34,Mountaintop Golf & Lake Club WWTP,potw_receiving_station,,,NC,,Jackson,36.211825950847,-81.886964391282,Unknown,Unknown,Unknown,,,,https://edocs.deq.nc.gov/WaterResources/Search.aspx?dbid=0&searchcommand=%7B%5B%5D%3A%5BID%20%23%5D%3D%22WQ0028693%22%7D,,,WQ0028693,2026-06-13 02:20:02.366830+00:00,2026-06-13 02:20:02.366830+00:00
bc40875d-f388-442f-9c34-152655902573,US MCAS Cherry Point Class B Residuals Program,land_application_site,,,NC,,Craven,,,Unknown,Unknown,Unknown,,,,https://edocs.deq.nc.gov/WaterResources/Search.aspx?dbid=0&searchcommand=%7B%5B%5D%3A%5BID%20%23%5D%3D%22WQ0001489%22%7D,,,WQ0001489,2026-06-13 02:20:02.366830+00:00,2026-06-13 02:20:02.366830+00:00
bc8064c0-de03-475e-9bf5-f74e122f268e,Portable Restrooms Of The Carolinas,private_regional_septage_facility,212 Bulb Avenue,Gastonia,NC,,Wake,35.290022584318,-81.18678314546,Unknown,Unknown,Yes,,(803) 386-7329,,,,,NCS-01149,2026-06-13 02:20:14.798453+00:00,2026-06-13 02:20:14.798453+00:00
bc839103-f1d9-4ef8-8d87-2d8bc3ffd50f,Bares Backhoe & Septic,private_regional_septage_facility,2020 Haystack Road,Mt. Airy,NC,,Surry,36.45845995595,-80.756371985099,Unknown,Unknown,Unknown,,(336) 401-7195,,,,,NCS-01604,2026-06-13 02:20:14.798453+00:00,2026-06-13 02:20:14.798453+00:00
bc8d734f-beea-4bbc-a1be-3f7a1c349c3d,212 Nuway Packing Drive Class B Residuals Program,land_application_site,,,NC,,Rutherford,,,Unknown,Unknown,Unknown,,,,https://edocs.deq.nc.gov/WaterResources/Search.aspx?dbid=0&searchcommand=%7B%5B%5D%3A%5BID%20%23%5D%3D%22WQ0002496%22%7D,,,WQ0002496,2026-06-13 02:20:02.366830+00:00,2026-06-13 02:20:02.366830+00:00
bc911d5b-5967-4419-b285-c51e28ebad7e,Garners Septic Tanks,private_regional_septage_facility,8434 Turnpike Rd,Raeford,NC,,Hoke,34.976216491648,-79.359420218388,Yes,Yes,Unknown,,(910) 904-0609,,,,,NCS-01326,2026-06-13 02:20:14.798453+00:00,2026-06-13 02:20:14.798453+00:00
bca9e357-0ce5-45a6-adcd-23c86461c36d,MP Pumping LLC,private_regional_septage_facility,P.O. Box 6382,High Point,NC,,Guilford,,,Yes,Yes,Unknown,,(336) 906-4883,,,,,NCS-01369,2026-06-13 02:20:07.409760+00:00,2026-06-13 02:20:07.409760+00:00
bcb61cbb-3322-4401-8d06-ab1e89fec1ca,GALVESTON RNG FACILITY,anaerobic_digester,3925 AVENUE A,ALTA LOMA,TX,77510,GALVESTON,29.379045,-95.055945,Unknown,Unknown,Unknown,,,,,,,48045,2026-06-13 02:19:52.391210+00:00,2026-06-13 02:19:52.391210+00:00
bcc521f1-4d85-4733-9738-4792d2c04130,PINE VALLEY LN,transfer_station,,,,,SAN JACINTO,,,Unknown,Unknown,Unknown,,,,,,,110027,2026-06-13 02:19:52.391210+00:00,2026-06-13 02:19:52.391210+00:00
bcda25fb-b7c5-45dd-8efd-1707e2659768,CITY OF SUNDOWN LANDFILL,transfer_station,,,,,HOCKLEY,33.42,-102.5,Unknown,Unknown,Unknown,,,,,,,1733,2026-06-13 02:19:41.329224+00:00,2026-06-13 02:19:41.329224+00:00
bcf771b6-4830-4641-a8c5-93ccf9da419f,Beacons Reach WWTP,potw_receiving_station,,,NC,,Carteret,,,Unknown,Unknown,Unknown,,,,https://edocs.deq.nc.gov/WaterResources/Search.aspx?dbid=0&searchcommand=%7B%5B%5D%3A%5BID%20%23%5D%3D%22WQ0013676%22%7D,,,WQ0013676,2026-06-13 02:20:02.366830+00:00,2026-06-13 02:20:02.366830+00:00
bcfc3571-ab01-46aa-9117-17cabf06cefb,FM 1887 RD - BACK DOOR GARBAGE SERVICE,transfer_station,13137 FM 1887 RD,HEMPSTEAD,TX,77445,WALLER,29.947594,-96.048567,Unknown,Unknown,Unknown,,,,,,,110016,2026-06-13 02:19:52.391210+00:00,2026-06-13 02:19:52.391210+00:00
bd079aad-e847-41fb-b822-6c356691efb4,Bear Pen Village WWTP,private_regional_septage_facility,,,NC,,Watauga,,,Unknown,Unknown,Unknown,,,,https://edocs.deq.nc.gov/WaterResources/Search.aspx?dbid=0&searchcommand=%7B%5B%5D%3A%5BID%20%23%5D%3D%22WQ0015515%22%7D,,,WQ0015515,2026-06-13 02:20:02.366830+00:00,2026-06-13 02:20:02.366830+00:00
bd388e43-9a85-4914-ac99-f97b9d8d0795,Sterling Farms WWTP,private_regional_septage_facility,,,NC,,Onslow,,,Unknown,Unknown,Unknown,,,,https://edocs.deq.nc.gov/WaterResources/Search.aspx?dbid=0&searchcommand=%7B%5B%5D%3A%5BID%20%23%5D%3D%22WQ0029475%22%7D,,,WQ0029475,2026-06-13 02:20:02.366830+00:00,2026-06-13 02:20:02.366830+00:00
bd47aaae-c89c-4f64-b138-d873e91c343e,Hardin Rentals,private_regional_septage_facility,365 Oak St. Ext,Forest City,NC,,Rutherford,35.331374798651,-81.899862640735,Unknown,Unknown,Yes,,(828) 286-7871,,,,,NCS-01343,2026-06-13 02:20:14.798453+00:00,2026-06-13 02:20:14.798453+00:00
bd67cd4d-c466-45da-8256-024aa27d8442,Parcel No. 19556 Eagle Dr. SFR,private_regional_septage_facility,,,NC,,Chatham,,,Unknown,Unknown,Unknown,,,,https://edocs.deq.nc.gov/WaterResources/Search.aspx?dbid=0&searchcommand=%7B%5B%5D%3A%5BID%20%23%5D%3D%22WQ0022429%22%7D,,,WQ0022429,2026-06-13 02:20:02.366830+00:00,2026-06-13 02:20:02.366830+00:00
bd7e3b7b-aeb8-4fcd-b86f-fa7873538647,"Stanley Environmental Solutions, Inc.",private_regional_septage_facility,PO Box 184,Stanley,NC,,Gaston,,,Yes,Yes,Unknown,,,,,,,NCS-01132,2026-06-13 02:20:07.409760+00:00,2026-06-13 02:20:07.409760+00:00
bdba4575-8b88-4a18-b920-216617a6e54a,Wayne-Sanderson Farms - Kinston WWTP,private_regional_septage_facility,,,NC,,Lenoir,,,Unknown,Unknown,Unknown,,,,https://edocs.deq.nc.gov/WaterResources/Search.aspx?dbid=0&searchcommand=%7B%5B%5D%3A%5BID%20%23%5D%3D%22WQ0034380%22%7D,,,WQ0034380,2026-06-13 02:20:02.366830+00:00,2026-06-13 02:20:02.366830+00:00
bdcf234f-95c9-429d-8b58-010f776f52d4,Carolina Moon Outhouses,private_regional_septage_facility,PO Box 295,Watha,NC,,Pender,,,Unknown,Unknown,Yes,,(910) 612-4383,,,,,NCS-01708,2026-06-13 02:20:14.798453+00:00,2026-06-13 02:20:14.798453+00:00
bde5ef53-cd11-49af-8f5d-acf93e5baef2,SC Septic,private_regional_septage_facility,2333 Stanford Road,Greer,NC,,Polk,35.020255806277,-82.29896124726,Unknown,Unknown,Unknown,,864.-39.5539,,,,,NCS-01560,2026-06-13 02:20:14.798453+00:00,2026-06-13 02:20:14.798453+00:00
be24f61e-a287-4580-b4b3-57a9f20b7223,Charles Hughes Construction,private_regional_septage_facility,4675 Ben Dail Road,La Grange,NC,,Lenoir,35.334999844591,-77.699070759721,Unknown,Unknown,Unknown,,(252) 566-5040,,,,,NCS-01646,2026-06-13 02:20:14.798453+00:00,2026-06-13 02:20:14.798453+00:00
be33c086-1cfb-47e9-bee9-618a140e3fc6,Triple T Pumping,private_regional_septage_facility,1372 NC Hwy 194 N,Boone,NC,,Watauga,36.235369974995,-81.657265356684,Yes,Yes,Yes,,(828) 262-5745,,,,,NCS-00305,2026-06-13 02:20:14.798453+00:00,2026-06-13 02:20:14.798453+00:00
be447d1f-bff9-4b49-a424-4c54be7d1a26,G & G Pumping LLC,private_regional_septage_facility,104 Alphin Rd,Richlands,NC,,Onslow,34.965864539046,-77.669287179292,Yes,Yes,Unknown,,(910) 915-9322,,,,,NCS-01572,2026-06-13 02:20:14.798453+00:00,2026-06-13 02:20:14.798453+00:00
be6fa9d8-0100-4c9b-9384-0fbf0da62f36,"A+ Ready Restrooms & Septic, Inc.",private_regional_septage_facility,PO Box 2504,Kernersville,NC,,Forsyth,,,Yes,Unknown,Yes,,(336) 399-2617,,,,,NCS-01045,2026-06-13 02:20:07.409760+00:00,2026-06-13 02:20:07.409760+00:00
be8c06fc-836d-422f-b81b-a476997e2ab9,Chatham Park - Freedom Parkway Extension & Russet Run Roadway,potw_receiving_station,,,NC,,Chatham,,,Unknown,Unknown,Unknown,,,,https://edocs.deq.nc.gov/WaterResources/Search.aspx?dbid=0&searchcommand=%7B%5B%5D%3A%5BID%20%23%5D%3D%22WQ0038215%22%7D,,,WQ0038215,2026-06-13 02:20:02.366830+00:00,2026-06-13 02:20:02.366830+00:00
bef338b3-0a6e-40d8-ae78-5db8083e45a5,Howlett's Septic Tank Cleaning Service,private_regional_septage_facility,4225 Riverneck Road,Columbia,NC,,Tyrell,35.945744690517,-76.309954884721,Yes,Yes,Yes,,(252) 796-2000,,,,,NCS-00721,2026-06-13 02:20:14.798453+00:00,2026-06-13 02:20:14.798453+00:00
bf226bdf-b38a-4b7d-8ade-607eee3dda0b,LIVING EARTH FLOWER MOUND,composting_facility,3901 HAYNES RD,ROANOKE,TX,76262-6533,DENTON,33.042465,-97.19317,Unknown,Unknown,Unknown,,,,,110071158480,TXR05FF40,100520,2026-06-13 02:13:19.417606+00:00,2026-06-13 02:19:52.391210+00:00
bf2a1848-61f5-4d6b-a497-84ef580e3d58,EC ENTERPRISES,private_regional_septage_facility,21090 FM 1303,ELMENDORF,TX,78112,BEXAR,29.213888,-98.345,Unknown,Unknown,Unknown,,,,,,,2409,2026-06-13 02:19:52.391210+00:00,2026-06-13 02:19:52.391210+00:00
bf3c64cc-e038-4565-b67c-c94868dfd94b,Patriot Place MHC WWTF,private_regional_septage_facility,,,NC,,Onslow,,,,,,,,,https://edocs.deq.nc.gov/WaterResources/Search.aspx?dbid=0&searchcommand=%7B%5B%5D%3A%5BID%20%23%5D%3D%22WQ0002056%22%7D,,,WQ0002056,2026-06-13 02:20:02.366830+00:00,2026-06-13 02:20:02.366830+00:00
bf4d5afb-ff90-46e6-b7f9-d5dab28c6bf9,Creech's Septic & Grease Trap Cleaning,private_regional_septage_facility,P.O. Box 460,Lucama,NC,,Wilson,,,Yes,Yes,Unknown,,(252) 239-0016,,,,,NCS-00077,2026-06-13 02:20:14.798453+00:00,2026-06-13 02:20:14.798453+00:00
bf607bfb-93d9-4cac-9fc7-91e200902463,Chavis Pumping Service,private_regional_septage_facility,3618 Hamlet Chapel Rd,Pittsboro,NC,,Chatham,35.820008263571,-79.166496427627,Yes,Unknown,Unknown,,(919) 218-0877,,,,,NCS-01314,2026-06-13 02:20:07.409760+00:00,2026-06-13 02:20:07.409760+00:00
bf65312b-bf2f-4052-9546-a6b0984676c5,Town of Murfreesboro WWTF,private_regional_septage_facility,,,NC,,Hertford,,,Unknown,Unknown,Unknown,,,,https://edocs.deq.nc.gov/WaterResources/Search.aspx?dbid=0&searchcommand=%7B%5B%5D%3A%5BID%20%23%5D%3D%22WQ0006785%22%7D,,,WQ0006785,2026-06-13 02:20:02.366830+00:00,2026-06-13 02:20:02.366830+00:00
bf866dc4-d30b-477d-99ea-eb7bafa8a15b,Alamac Knit Fabrics RLAP,land_application_site,,,NC,,Bladen,,,Unknown,Unknown,Unknown,,,,https://edocs.deq.nc.gov/WaterResources/Search.aspx?dbid=0&searchcommand=%7B%5B%5D%3A%5BID%20%23%5D%3D%22WQ0004227%22%7D,,,WQ0004227,2026-06-13 02:20:02.366830+00:00,2026-06-13 02:20:02.366830+00:00
bf968aa3-04df-462f-8616-0316b1bd718c,Granville Septic Service,private_regional_septage_facility,2320 Wilkins Farm Road,Oxford,NC,,Granville,,,Yes,Yes,Yes,,(919) 691-2434,,,,,NCS-01245,2026-06-13 02:20:07.409760+00:00,2026-06-13 02:20:07.409760+00:00
bfa291fd-c8f0-4d26-9da6-5aacf5d50325,Town of Colerain WWTF,private_regional_septage_facility,,,NC,,Bertie,,,Unknown,Unknown,Unknown,,,,https://edocs.deq.nc.gov/WaterResources/Search.aspx?dbid=0&searchcommand=%7B%5B%5D%3A%5BID%20%23%5D%3D%22WQ0011119%22%7D,,,WQ0011119,2026-06-13 02:20:02.366830+00:00,2026-06-13 02:20:02.366830+00:00
bfcff7c3-6cf3-4fce-8d64-fecaeaecec44,"Sea Gate Association, Inc. DBA Sea Gate Marina",private_regional_septage_facility,729 Sea Gate Drive,Newport,NC,,Carteret,34.850263237271,-76.691754269093,Unknown,Unknown,Unknown,,(252) 728-4126,,,,,NCS-01012,2026-06-13 02:20:07.409760+00:00,2026-06-13 02:20:07.409760+00:00
bfd72d50-76cc-4f18-b8bc-dac45b7a4228,The Cooke Boys Septic Services,private_regional_septage_facility,981 Airport Road,Rockingham,NC,,Richmond,34.87660034451,-79.74304328337,Yes,Unknown,Unknown,,(910) 417-7500,,,,,NCS-01704,2026-06-13 02:20:14.798453+00:00,2026-06-13 02:20:14.798453+00:00
bfdbf9f2-69ec-4513-9639-310e1ba03423,High Country Resort Holdings WWTP,private_regional_septage_facility,,,NC,,Watauga,,,Unknown,Unknown,Unknown,,,,https://edocs.deq.nc.gov/WaterResources/Search.aspx?dbid=0&searchcommand=%7B%5B%5D%3A%5BID%20%23%5D%3D%22WQ0012694%22%7D,,,WQ0012694,2026-06-13 02:20:02.366830+00:00,2026-06-13 02:20:02.366830+00:00
bfffc68e-4b06-4e71-824c-ffc8cdf418d1,KOENIG STREET TRANSFER STATION,transfer_station,10013 KOENIG ST,HOUSTON,TX,77034-4020,Harris,29.62182,-95.19598,Unknown,Unknown,Unknown,,,,,110070375987,TXR05AH32,1483A,2026-06-13 02:13:06.605683+00:00,2026-06-13 02:19:52.391210+00:00
c0251418-cf47-471a-81d2-f49597504cc0,Enviro Sol,private_regional_septage_facility,3336 Sunset Rd,Charlotte,NC,,Mecklenburg,35.307427281571,-80.872192714092,Unknown,Yes,Unknown,,(704) 777-6199,,,,,NCS-01187,2026-06-13 02:20:14.798453+00:00,2026-06-13 02:20:14.798453+00:00
c0408588-acaa-474d-a092-384c2c121888,Metcalf Services LLC,private_regional_septage_facility,51 Cove Mountain Road,Burnsville,NC,,Yancey,35.876334804876,-82.424676273623,Yes,Unknown,Unknown,,(828) 284-8320,,,,,NCS-01599,2026-06-13 02:20:14.798453+00:00,2026-06-13 02:20:14.798453+00:00
c07075e8-a232-46ff-841c-524cb6242ffe,"S & S Coastal Rental Company, INC.",private_regional_septage_facility,244 Cedar Stretch Rd,Hertford,NC,,Perquimans,36.190920919136,-76.497735693211,Unknown,Unknown,Unknown,,(252)333-0083,,,,,NCS-01779,2026-06-13 02:20:14.798453+00:00,2026-06-13 02:20:14.798453+00:00
c08571d1-bad0-4818-bcb9-644bf412d74f,City of Statesville Class A Residuals Composting Program,land_application_site,,,NC,,Iredell,,,Unknown,Unknown,Unknown,,,,https://edocs.deq.nc.gov/WaterResources/Search.aspx?dbid=0&searchcommand=%7B%5B%5D%3A%5BID%20%23%5D%3D%22WQ0006245%22%7D,,,WQ0006245,2026-06-13 02:20:02.366830+00:00,2026-06-13 02:20:02.366830+00:00
c092caa8-f1a3-44be-8c5e-87985c26867e,Carolina Septic Inc.,private_regional_septage_facility,330 Pineview Dr,Kernersville,NC,,Forsyth,36.112887412961,-80.075296450384,Yes,Yes,Unknown,,(336) 993-5633,,,,,NCS-01093,2026-06-13 02:20:07.409760+00:00,2026-06-13 02:20:07.409760+00:00
c0c6f35f-fb89-42c9-a5c7-99643dcc8b75,AUSTIN LANDSCAPE SUPPLY,composting_facility,5317 S INTERSTATE 35,GEORGETOWN,TX,78626-7577,Williamson,30.59058,-97.69121,Unknown,Unknown,Unknown,,,,,110033411001,TXR05CF17,100428,2026-06-13 02:09:55.042677+00:00,2026-06-13 02:19:52.391210+00:00
c0e7a05d-b550-40ba-a77b-f8a978ae33eb,Dump and Pump Septic,private_regional_septage_facility,515 S New Hope Rd Suite 105,Raleigh,NC,,Wake,,,Yes,Yes,Unknown,,(919) 694-8087,,,,,NCS-01764,2026-06-13 02:20:14.798453+00:00,2026-06-13 02:20:14.798453+00:00
c0f6c763-49a8-4928-8f93-3557cfcd6304,Tobermory Well WWTF,private_regional_septage_facility,,,NC,,Bladen,,,Unknown,Unknown,Unknown,,,,https://edocs.deq.nc.gov/WaterResources/Search.aspx?dbid=0&searchcommand=%7B%5B%5D%3A%5BID%20%23%5D%3D%22WQ0033325%22%7D,,,WQ0033325,2026-06-13 02:20:02.366830+00:00,2026-06-13 02:20:02.366830+00:00
c0f7339c-99ad-4f88-8ca4-7b556c419bf8,Premier Septic Pros,private_regional_septage_facility,854 Georgia Oak Lane,Landis,NC,,Rowan,35.551071705152,-80.596498545276,Unknown,Unknown,Unknown,,413.-43.8481,,,,,NCS-01884,2026-06-13 02:20:14.798453+00:00,2026-06-13 02:20:14.798453+00:00
c0f7df66-6ddc-47e3-927c-099fb4c49e7a,SPRINT RECYCLING CENTER - PORT ARTHUR,transfer_station,1000 S BUSINESS PARK,PORT ARTHUR,TX,77640,JEFFERSON,29.924353,-94.030841,Unknown,Unknown,Unknown,,,,,,,40225,2026-06-13 02:19:52.391210+00:00,2026-06-13 02:19:52.391210+00:00
c115c92e-eeb9-48e2-8671-c83393248a63,East Coast Rent-A-John,private_regional_septage_facility,PO Box 388,Farmville,NC,,Edgecombe,,,Yes,Unknown,Yes,,(252) 813-7038,,,,,NCS-00831,2026-06-13 02:20:07.409760+00:00,2026-06-13 02:20:07.409760+00:00
c11dee50-45e8-46b8-871e-a25bdd1f7cc6,Grease Outlet.com LLC,private_regional_septage_facility,2859 Cravey Trl NE,Atlanta,NC,,Wake,33.868598497773,-84.272241525488,Unknown,Unknown,Unknown,,(910) 990-2926,,,,,NCS-01356,2026-06-13 02:20:14.798453+00:00,2026-06-13 02:20:14.798453+00:00
c1916a5d-4550-4ae1-a462-79ccf7711969,MKB Septic Service,private_regional_septage_facility,10330 Crestshire Road,Charlotte,NC,,Mecklenburg,35.190777591408,-80.594564350551,Yes,Unknown,Unknown,,(704)536-8871,,,,,NCS-01858,2026-06-13 02:20:14.798453+00:00,2026-06-13 02:20:14.798453+00:00
c1d21401-fe63-49af-b33d-49f68f41fee4,Tyson Farms - Monroe RLAP,land_application_site,,,NC,,Union,,,Unknown,Unknown,Unknown,,,,https://edocs.deq.nc.gov/WaterResources/Search.aspx?dbid=0&searchcommand=%7B%5B%5D%3A%5BID%20%23%5D%3D%22WQ0000029%22%7D,,,WQ0000029,2026-06-13 02:20:02.366830+00:00,2026-06-13 02:20:02.366830+00:00
c25b0edb-d3f9-4295-b272-effd74057f1c,Ajinomoto Health & Nutrition North America Class A Residuals Program,land_application_site,,,NC,,Wake,,,Unknown,Unknown,Unknown,,,,https://edocs.deq.nc.gov/WaterResources/Search.aspx?dbid=0&searchcommand=%7B%5B%5D%3A%5BID%20%23%5D%3D%22WQ0032618%22%7D,,,WQ0032618,2026-06-13 02:20:02.366830+00:00,2026-06-13 02:20:02.366830+00:00
c2669015-7117-42a9-a157-d5e10c1404fd,Team Carolinas DBA Dominos Pizza,private_regional_septage_facility,122 Avalon Dr Suit G,Salisbury,NC,,Rowan,35.65043882078,-80.456531459108,Unknown,Unknown,Unknown,,(980) 521-7929,,,,,NCS-01327,2026-06-13 02:20:14.798453+00:00,2026-06-13 02:20:14.798453+00:00
c269c452-1402-4f2a-8080-127a64f38c30,P D Quik,private_regional_septage_facility,133 Mason Road,Mt Airy,NC,,Surry,36.43057883102,-80.663920645091,Yes,Unknown,Unknown,,(336) 786-2286,,,,,NCS-00711,2026-06-13 02:20:14.798453+00:00,2026-06-13 02:20:14.798453+00:00
c271a72d-37ac-4403-b57a-fa89c3f66ba0,Town of Snow Hill RLAP,land_application_site,,,NC,,Greene,,,Unknown,Unknown,Unknown,,,,https://edocs.deq.nc.gov/WaterResources/Search.aspx?dbid=0&searchcommand=%7B%5B%5D%3A%5BID%20%23%5D%3D%22WQ0011448%22%7D,,,WQ0011448,2026-06-13 02:20:02.366830+00:00,2026-06-13 02:20:02.366830+00:00
c2b1e853-a68b-4566-956d-a8c50bd35d49,Piedmont Septic Solutions,private_regional_septage_facility,4761 Hwy 801,Woodleaf,NC,,Rowan,35.760004759817,-80.596237544148,Yes,Unknown,Unknown,,(336) 469-9183,,,,,NCS-01563,2026-06-13 02:20:14.798453+00:00,2026-06-13 02:20:14.798453+00:00
c2bb5596-2d8f-4dbf-a344-25db4e1d6ad3,Classic Party & Equipment Rentals,private_regional_septage_facility,2109 US Hwy 13S,Ahoskie,NC,,Hertford,36.148145157951,-76.960376665296,Unknown,Unknown,Yes,,(252)-209-8400,,,,,NCS-01848,2026-06-13 02:20:14.798453+00:00,2026-06-13 02:20:14.798453+00:00
c2bda2a0-578b-495d-9ed0-9bd193d04503,GRUB TUBS,composting_facility,761 OLD BLACK COLONY RD,BUDA,TX,78610,HAYS,30.084469,-97.860389,Unknown,Unknown,Unknown,,,,,,,47064,2026-06-13 02:19:52.391210+00:00,2026-06-13 02:19:52.391210+00:00
c2c6297c-8e89-41c1-95ab-e406e8e85d77,South Durham WRF,potw_receiving_station,,,NC,,Durham,,,Unknown,Unknown,Unknown,,,,https://edocs.deq.nc.gov/WaterResources/Search.aspx?dbid=0&searchcommand=%7B%5B%5D%3A%5BID%20%23%5D%3D%22WQ0033445%22%7D,,,WQ0033445,2026-06-13 02:20:02.366830+00:00,2026-06-13 02:20:02.366830+00:00
c2d5f648-664a-421f-b247-26947636ed22,D WILDE COMPOST,composting_facility,9978 ROBBY JONES RD,SAN ANGELO,TX,76904,TOM GREEN,31.339591,-100.347057,Unknown,Unknown,Unknown,,,,,,,100145,2026-06-13 02:19:52.391210+00:00,2026-06-13 02:19:52.391210+00:00
c2f70aeb-8094-4817-920c-549556e4dff4,CALHOUN COUNTY RECYCLING CENTER,transfer_station,OLD LANDFILL RD @,PORT LAVACA,TX,77979,CALHOUN,28.3768,-96.3727,Unknown,Unknown,Unknown,,,,,,,120203,2026-06-13 02:19:52.391210+00:00,2026-06-13 02:19:52.391210+00:00
c3128c3b-23a9-462a-9d24-b9ac4793d94f,La Grange WWTP,potw_receiving_station,,,NC,,Lenoir,,,Unknown,Unknown,Unknown,,,,https://edocs.deq.nc.gov/WaterResources/Search.aspx?dbid=0&searchcommand=%7B%5B%5D%3A%5BID%20%23%5D%3D%22WQ0034386%22%7D,,,WQ0034386,2026-06-13 02:20:07.409760+00:00,2026-06-13 02:20:07.409760+00:00
c3150a98-6ed6-4660-8e9f-3f1ac4514a88,"Gaia Farms, Inc.",composting_facility,101 Gaia Herbs Rd,Brevard,NC,28712,Transylvania,35.198629,-82.772782,Unknown,Unknown,Unknown,,,,,,,8809-COMPOST-2025,2026-06-13 02:20:07.409760+00:00,2026-06-13 02:20:07.409760+00:00
c33a4415-1f1c-4ddf-8ab4-9ce6a9bc141c,Carolina Virginia Well & Pump,private_regional_septage_facility,112 Church Street S,Stoneville,NC,,Rockingham,36.466052189589,-79.903473702639,Unknown,Unknown,Unknown,,336.-57.7291,,,,,NCS-01899,2026-06-13 02:20:14.798453+00:00,2026-06-13 02:20:14.798453+00:00
c3414a4e-af65-4ef5-8b71-bb5b272a5a1e,CITY OF QUANAH WWTP,transfer_station,1009 E NELSON ST,QUANAH,TX,79252,Hardeman,34.300139,-99.726222,Unknown,Unknown,Unknown,,,,,110006687460,TX0024139,120214,2026-06-13 02:10:47.633927+00:00,2026-06-13 02:19:41.329224+00:00
c35a3658-5469-424d-98bf-f0e7cdf48f7e,Parcel No. 20148 Eagle Dr. SFR,private_regional_septage_facility,,,NC,,Chatham,,,Unknown,Unknown,Unknown,,,,https://edocs.deq.nc.gov/WaterResources/Search.aspx?dbid=0&searchcommand=%7B%5B%5D%3A%5BID%20%23%5D%3D%22WQ0030257%22%7D,,,WQ0030257,2026-06-13 02:20:02.366830+00:00,2026-06-13 02:20:02.366830+00:00
c37696cf-77f7-430e-a1a5-c152e854f6dc,McGill Anson Composting Facility,composting_facility,TBD Dozier Drive,Polkton,NC,28135,Anson,34.99949,-80.17339,Unknown,Unknown,Unknown,,(919) 362-1161,,,,,0406-COMPOST-2024,2026-06-13 02:20:07.409760+00:00,2026-06-13 02:20:07.409760+00:00
c3779897-f863-499d-8265-89ef144542cc,Millers Septic Service,private_regional_septage_facility,PO Box 1555,Taylorsville,NC,,Alexander,,,Yes,Yes,Unknown,,(828) 632-0788,,,,,NCS-00320,2026-06-13 02:20:07.409760+00:00,2026-06-13 02:20:07.409760+00:00
c3ab8d50-890c-4739-92e9-0dba25f567cc,Parcel No. 180972 Paschal Rd. SFR,private_regional_septage_facility,,,NC,,Alamance,,,Unknown,Unknown,Unknown,,,,https://edocs.deq.nc.gov/WaterResources/Search.aspx?dbid=0&searchcommand=%7B%5B%5D%3A%5BID%20%23%5D%3D%22WQ0046079%22%7D,,,WQ0046079,2026-06-13 02:20:02.366830+00:00,2026-06-13 02:20:02.366830+00:00
c3ba4b94-c6cb-4a35-a186-1123da6dd633,Prestage Farms Truck Wash WWTF,private_regional_septage_facility,,,NC,,Sampson,,,Unknown,Unknown,Unknown,,,,https://edocs.deq.nc.gov/WaterResources/Search.aspx?dbid=0&searchcommand=%7B%5B%5D%3A%5BID%20%23%5D%3D%22WQ0016053%22%7D,,,WQ0016053,2026-06-13 02:20:02.366830+00:00,2026-06-13 02:20:02.366830+00:00
c3cfaa13-afae-4a3c-930b-0f72ebe69412,TOWN OF DARROUZETT CITIZENS COLLECTION STATION,transfer_station,,,,,LIPSCOMB,,,Unknown,Unknown,Unknown,,,,,,,120182,2026-06-13 02:19:41.329224+00:00,2026-06-13 02:19:41.329224+00:00
c3d0e87e-dfb1-4b71-9eef-f5426a5eb220,Pearce Backhoe & Septic Tank Svc.,private_regional_septage_facility,508 Dogwood Meadow Trail,Rolesville,NC,,Wake,,,Yes,Unknown,Unknown,,(919) 556-5018,,,,,NCS-00084,2026-06-13 02:20:14.798453+00:00,2026-06-13 02:20:14.798453+00:00
c3d9525f-ee61-4066-9818-3f83362f9504,SAN ANGELO PRO PUMP COMPOST FACILITY,composting_facility,6696 GRAPE CREEK RD,SAN ANGELO,TX,76901,TOM GREEN,31.54421,-100.464805,Yes,Yes,Unknown,,,,,,,2357,2026-06-13 02:19:52.391210+00:00,2026-06-13 02:19:52.391210+00:00
c3e863c6-88eb-4357-ad54-8ff06bd543aa,Town of Ahoskie WWTF,private_regional_septage_facility,,,NC,,Hertford,,,Unknown,Unknown,Unknown,,,,https://edocs.deq.nc.gov/WaterResources/Search.aspx?dbid=0&searchcommand=%7B%5B%5D%3A%5BID%20%23%5D%3D%22WQ0003885%22%7D,,,WQ0003885,2026-06-13 02:20:02.366830+00:00,2026-06-13 02:20:02.366830+00:00
c3f72798-91ec-430f-94af-9c7e9d25868c,Richmond County Class A Residuals Program,land_application_site,,,NC,,Richmond,,,Yes,Yes,Yes,,,,https://edocs.deq.nc.gov/WaterResources/Search.aspx?dbid=0&searchcommand=%7B%5B%5D%3A%5BID%20%23%5D%3D%22WQ0044435%22%7D,,,WQ0044435,2026-06-13 02:20:02.366830+00:00,2026-06-13 02:20:02.366830+00:00
c4126565-b0f0-4ea3-aa43-bdaf64f58a2f,MUSTANG COLLECTION CENTER,transfer_station,301 W CEDAR ST,MEGARGEL,TX,76370,YOUNG,33.454444,-98.9375,Unknown,Unknown,Unknown,,,,,,,120087,2026-06-13 02:19:41.329224+00:00,2026-06-13 02:19:41.329224+00:00
c4480d67-1c93-40c2-9397-3abccf88bdd0,LIQUID ENVIRONMENTAL SOLUTIONS OF TEXAS LP WASTE PROCESSING FACILITY,private_regional_septage_facility,10360 W US HIGHWAY 90,SAN ANTONIO,TX,78245,BEXAR,29.381388,-98.695277,Yes,Yes,Unknown,,,,,,,2248,2026-06-13 02:19:52.391210+00:00,2026-06-13 02:19:52.391210+00:00
c45ff864-3f1b-4b4b-a9fa-d4ca649aba11,Lago Vista Landscaping & Septic,private_regional_septage_facility,2517 Pageland Hwy,Monroe,NC,,Union,34.949834159732,-80.494386653309,Unknown,Unknown,Unknown,,(704) 242-3402,,,,,NCS-01671,2026-06-13 02:20:14.798453+00:00,2026-06-13 02:20:14.798453+00:00
c4829f2a-6876-4b28-9b41-5f680877da85,S & J Villari Livestock WWTF,private_regional_septage_facility,,,NC,,Duplin,,,Unknown,Unknown,Unknown,,,,https://edocs.deq.nc.gov/WaterResources/Search.aspx?dbid=0&searchcommand=%7B%5B%5D%3A%5BID%20%23%5D%3D%22WQ0016376%22%7D,,,WQ0016376,2026-06-13 02:20:02.366830+00:00,2026-06-13 02:20:02.366830+00:00
c4b0bcf0-0085-414a-a134-fb0216c37cc9,Parcel No. 19816 Heritage Harbor Dr. SFR,private_regional_septage_facility,,,NC,,Person,,,Unknown,Unknown,Unknown,,,,https://edocs.deq.nc.gov/WaterResources/Search.aspx?dbid=0&searchcommand=%7B%5B%5D%3A%5BID%20%23%5D%3D%22WQ0022307%22%7D,,,WQ0022307,2026-06-13 02:20:02.366830+00:00,2026-06-13 02:20:02.366830+00:00
c4b79061-8041-4159-8a8b-ff95a60aae5a,Albermarle Plantation WWTF,private_regional_septage_facility,,,NC,,Perquimans,,,Unknown,Unknown,Unknown,,,,https://edocs.deq.nc.gov/WaterResources/Search.aspx?dbid=0&searchcommand=%7B%5B%5D%3A%5BID%20%23%5D%3D%22WQ0001817%22%7D,,,WQ0001817,2026-06-13 02:20:02.366830+00:00,2026-06-13 02:20:02.366830+00:00
c4d83713-dc2e-46b9-865a-7d7d953c15cd,McDowell Co Transfer Facility,transfer_station,3809 NC Highway 226 South,Marion,NC,28752,McDowell,35.656311,-81.957891,Unknown,Unknown,Unknown,,(828) 659-2521,,,,,5602T-TRANSFER-1995,2026-06-13 02:20:07.409760+00:00,2026-06-13 02:20:07.409760+00:00
c4f193dc-1912-474a-acf5-1185cf6b5c79,Byron Hunt Septic Tank Cleaning,private_regional_septage_facility,3259 Shannon Rd,Shannon,NC,,Robeson,34.754154830135,-79.078981210253,Yes,Yes,Yes,,(910) 225-9504,,,,,NCS-01394,2026-06-13 02:20:14.798453+00:00,2026-06-13 02:20:14.798453+00:00
c527c9e0-3708-414b-9bb4-5c344fefd1fa,"Waste Management of Carolinas, Inc. - Charlotte Skyline Transfer Station (formerly O'Leary)",transfer_station,3309 Belhaven Blvd,Charlotte,NC,28216,Mecklenburg,35.2588,-80.8745,Unknown,Unknown,Unknown,,(704) 713-3148,,,,,6029-TRANSFER-2024,2026-06-13 02:20:07.409760+00:00,2026-06-13 02:20:07.409760+00:00
c54b4d6a-5396-4f50-9a23-76300ec3b510,Abel Septic Tank Cleaning,private_regional_septage_facility,1315 Old Olive Rd,Smithfield,NC,,Johnston,35.475180400908,-78.424154723331,Yes,Unknown,Unknown,,(919) 989-6741,,,,,NCS-00970,2026-06-13 02:20:14.798453+00:00,2026-06-13 02:20:14.798453+00:00
c5670e7b-3a5c-404d-97eb-4550b256ac29,Septic Blue NC L.L.C.,private_regional_septage_facility,2430 Pendley Road,Cumming,NC,,Cabarrus,34.163818601646,-84.156166367583,Unknown,Unknown,Unknown,,(707) 464-2869,,,,,NCS-01304,2026-06-13 02:20:07.409760+00:00,2026-06-13 02:20:07.409760+00:00
c5cfaf6c-9892-4943-b6a7-80cc31b923ba,WOOD AND MULCH SERVICES,composting_facility,14121 GARRETT RD,HOUSTON,TX,77044,HARRIS,29.884215,-95.164468,Unknown,Unknown,Unknown,,,,,,,100123,2026-06-13 02:19:52.391210+00:00,2026-06-13 02:19:52.391210+00:00
c5ecef8c-4a82-40de-a774-3b9c20da489c,R & J Septic Tank Service,private_regional_septage_facility,600 Bladen Circle,Fayetteville,NC,,Cumberland,35.040581550315,-78.787496957878,Yes,Yes,Yes,,(910) 237-2003,,,,,NCS-00944,2026-06-13 02:20:07.409760+00:00,2026-06-13 02:20:07.409760+00:00
c6084ed0-f998-4fc2-aad8-f8c65eea012f,Hamrick Septic Tank Inc,private_regional_septage_facility,1254 Maple Springs Ch Rd,Shelby,NC,,Cleveland,,,Unknown,Unknown,Unknown,,(704) 751-9882,,,,,NCS-01753,2026-06-13 02:20:07.409760+00:00,2026-06-13 02:20:07.409760+00:00
c62684b0-095c-48e1-8044-ea7c86f98195,Milwaukee MSD DCAR,land_application_site,,,NC,,Out of State,,,Unknown,Unknown,Unknown,,,,https://edocs.deq.nc.gov/WaterResources/Search.aspx?dbid=0&searchcommand=%7B%5B%5D%3A%5BID%20%23%5D%3D%22WQ0012980%22%7D,,,WQ0012980,2026-06-13 02:20:02.366830+00:00,2026-06-13 02:20:02.366830+00:00
c645298b-ab3a-4dc1-b33e-1b6480ef54fd,Environmental Pump & Drain Line Solutions,private_regional_septage_facility,P.O. Box 480067,Charlotte,NC,,Lincoln,,,Unknown,Unknown,Unknown,,(704) 395-6066,,,,,NCS-01555,2026-06-13 02:20:14.798453+00:00,2026-06-13 02:20:14.798453+00:00
c65f7f66-0db2-4e3a-9877-15dcb66e12a2,KILGORE FACILITY,anaerobic_digester,1312 INDUSTRIAL BLVD,KILGORE,TX,75662-6622,GREGG,32.37614,-94.88634,Unknown,Unknown,Unknown,,,,,110070373792,TXR05T395,48041,2026-06-13 02:12:59.905922+00:00,2026-06-13 02:19:52.391210+00:00
c67c7ac1-8765-41bb-af8f-7b9ad05df37a,Pink Portables,private_regional_septage_facility,351 Heritage Blvd,Fort Mill,NC,,Mecklenburg,35.070457612402,-80.922002934486,Unknown,Unknown,Yes,,(803) 526-3193,,,,,NCS-01472,2026-06-13 02:20:14.798453+00:00,2026-06-13 02:20:14.798453+00:00
c67ece14-abea-4463-861b-544b0fdc85cc,Sellers Septic Service,private_regional_septage_facility,PO Box 811,Robbinsville,NC,,Graham,,,Yes,Unknown,Yes,,(828) 735-3781,,,,,NCS-01487,2026-06-13 02:20:07.409760+00:00,2026-06-13 02:20:07.409760+00:00
c68184c7-1015-428b-8594-112cd1226c15,Ready Septic,private_regional_septage_facility,2751 Saint John Road,Lenior,NC,,McDowell,35.961087222183,-81.504804398333,Unknown,Unknown,Unknown,,718.-51.7976,,,,,NCS-01736,2026-06-13 02:20:14.798453+00:00,2026-06-13 02:20:14.798453+00:00
c69b6572-b0ca-4cd0-a1ce-07cd96d8294c,Waste Pro of North Carolina,private_regional_septage_facility,1902 Valley Parkway,Monroe,NC,,Cabarrus,35.03539981741,-80.62958183192,Unknown,Unknown,Unknown,,(704) 305-8281,,,,,NCS-01230,2026-06-13 02:20:07.409760+00:00,2026-06-13 02:20:07.409760+00:00
c6c0e1eb-8096-4de3-a504-cf8360ca5421,BRAZOS TRANSFER STATION,transfer_station,,,,,PARKER,32.726666,-97.6175,Unknown,Unknown,Unknown,,,,,,,2356,2026-06-13 02:19:41.329224+00:00,2026-06-13 02:19:41.329224+00:00
c6f14580-3465-4472-8061-7d9c123372b8,BGICO RNG FACILITY,anaerobic_digester,,,,,TRAVIS,,,Unknown,Unknown,Unknown,,,,,,,48061,2026-06-13 02:19:52.391210+00:00,2026-06-13 02:19:52.391210+00:00
c6fb160c-0edf-4f55-9aea-10a74f2cc0cc,All Seasons Marina,private_regional_septage_facility,827 Langtree Road,Mooresville,NC,,Iredell,35.519779779341,-80.890837899346,Unknown,Unknown,Unknown,,(704) 892-3478,,,,,NCS-01270,2026-06-13 02:20:14.798453+00:00,2026-06-13 02:20:14.798453+00:00
c70c1b95-981e-4bf6-a5cc-a30eab5d1e91,City of Lexington Class A Residuals Composting Program,land_application_site,,,NC,,Davidson,,,Unknown,Unknown,Unknown,,,,https://edocs.deq.nc.gov/WaterResources/Search.aspx?dbid=0&searchcommand=%7B%5B%5D%3A%5BID%20%23%5D%3D%22WQ0001318%22%7D,,,WQ0001318,2026-06-13 02:20:02.366830+00:00,2026-06-13 02:20:02.366830+00:00
c71bc601-6e57-4994-b032-2200d34cedd0,Service Plumbing,private_regional_septage_facility,PO Box 1480,Cornelius,NC,,Mecklenburg,,,Unknown,Unknown,Unknown,,(704)895-8998,,,,,NCS-01852,2026-06-13 02:20:14.798453+00:00,2026-06-13 02:20:14.798453+00:00
c72db1ff-1852-4f00-bb24-cdfed1ef299b,Brandywine Bay WWTP,potw_receiving_station,,,NC,,Carteret,,,Unknown,Unknown,Unknown,,,,https://edocs.deq.nc.gov/WaterResources/Search.aspx?dbid=0&searchcommand=%7B%5B%5D%3A%5BID%20%23%5D%3D%22WQ0007569%22%7D,,,WQ0007569,2026-06-13 02:20:07.409760+00:00,2026-06-13 02:20:07.409760+00:00
c742b142-878f-4520-9402-d31246079f1c,MUNICIPAL SOLID WASTE TRANSFER STATION BURNET COUNTY,transfer_station,2411 RR 963,BURNET,TX,78611,BURNET,30.790505,-98.211959,Unknown,Unknown,Unknown,,,,,,,40035,2026-06-13 02:19:52.391210+00:00,2026-06-13 02:19:52.391210+00:00
c757dbc8-5e09-4da5-b131-8dad04c72f74,HARDIN COUNTY LANDFILL,transfer_station,2525 FM 770 RD,KOUNTZE,TX,77625-9219,Hardin,30.341358,-94.3567,Unknown,Unknown,Yes,,,,,110033728330,TXR05DR54,2214B,2026-06-13 02:12:17.996583+00:00,2026-06-13 02:19:52.391210+00:00
c79a3fe2-facd-40a0-b1c8-5e03ec72b56b,OLD FIELD COMMUNITY/ MID CO SITE 12,transfer_station,211 CR 4100,BLEAKWOOD,TX,77614,NEWTON,,,Unknown,Unknown,Unknown,,,,,,,120057,2026-06-13 02:19:52.391210+00:00,2026-06-13 02:19:52.391210+00:00
c7c4af60-e1a4-4709-b7fa-fe5983e06721,Cargill Class A Residuals Program,land_application_site,,,NC,,Mecklenburg,,,Unknown,Unknown,Unknown,,,,https://edocs.deq.nc.gov/WaterResources/Search.aspx?dbid=0&searchcommand=%7B%5B%5D%3A%5BID%20%23%5D%3D%22WQ0017321%22%7D,,,WQ0017321,2026-06-13 02:20:02.366830+00:00,2026-06-13 02:20:02.366830+00:00
c7e7f9f1-b846-43a9-b3f8-da7e9cdebf22,New Bern Asphalt Plant WWTF,private_regional_septage_facility,,,NC,,Craven,,,Unknown,Unknown,Unknown,,,,https://edocs.deq.nc.gov/WaterResources/Search.aspx?dbid=0&searchcommand=%7B%5B%5D%3A%5BID%20%23%5D%3D%22WQ0004438%22%7D,,,WQ0004438,2026-06-13 02:20:02.366830+00:00,2026-06-13 02:20:02.366830+00:00
c7fa7772-0b17-4a46-9c70-e83418da75d2,LIVING EARTH MCCARTY ROAD LANDFILL,transfer_station,SITE IS LOCATED INSIDE THE MCCARTY ROAD LANDFILL.,HOUSTON,TX,77078,HARRIS,29.821765,-95.249134,Unknown,Unknown,Unknown,,,,,110070359332,TXR05DC30,261B,2026-06-13 02:13:19.417606+00:00,2026-06-13 02:19:52.391210+00:00
c83ced9c-0c0b-4e5a-9f8f-aac5754ada5e,KICKAPOO COMPOSTING FACILITY,composting_facility,1898 CITY FARM RD,SAN ANGELO,TX,76905,TOM GREEN,31.482174,-100.335633,Unknown,Unknown,Unknown,,,,,,,42022,2026-06-13 02:19:52.391210+00:00,2026-06-13 02:19:52.391210+00:00
c85d33c2-3477-4fc3-ad00-373d612ab85d,Carter Septic Tank Service,private_regional_septage_facility,185 Buckner Branch Road,Barnardsville,NC,,Buncombe,35.774513535853,-82.4737594298,Yes,Unknown,Unknown,,(828) 658-3545,,,,,NCS-00097,2026-06-13 02:20:07.409760+00:00,2026-06-13 02:20:07.409760+00:00
c8da9114-52a8-46d3-9341-6e6536bacc94,Jordan Lake SRA - Vista Point WWTF,private_regional_septage_facility,,,NC,,Chatham,,,Unknown,Unknown,Unknown,,,,https://edocs.deq.nc.gov/WaterResources/Search.aspx?dbid=0&searchcommand=%7B%5B%5D%3A%5BID%20%23%5D%3D%22WQ0000488%22%7D,,,WQ0000488,2026-06-13 02:20:02.366830+00:00,2026-06-13 02:20:02.366830+00:00
c8ecc607-c1d7-4024-9fc3-dbf609d13548,Peak City Church WWTF,private_regional_septage_facility,,,NC,,Wake,,,,,,,,,https://edocs.deq.nc.gov/WaterResources/Search.aspx?dbid=0&searchcommand=%7B%5B%5D%3A%5BID%20%23%5D%3D%22WQ0046800%22%7D,,,WQ0046800,2026-06-13 02:20:07.409760+00:00,2026-06-13 02:20:07.409760+00:00
c93c7c8f-67d2-404c-8693-f7ad1e4ed9d6,Accent on Stone WWTF,private_regional_septage_facility,,,NC,,Durham,,,Unknown,Unknown,Unknown,,,,https://edocs.deq.nc.gov/WaterResources/Search.aspx?dbid=0&searchcommand=%7B%5B%5D%3A%5BID%20%23%5D%3D%22WQ0031316%22%7D,,,WQ0031316,2026-06-13 02:20:02.366830+00:00,2026-06-13 02:20:02.366830+00:00
c95e094c-e09c-44d8-b16b-7a615fdc3507,Chatham Park - Thompson Street Subdivision,potw_receiving_station,,,NC,,Chatham,,,Unknown,Unknown,Unknown,,,,https://edocs.deq.nc.gov/WaterResources/Search.aspx?dbid=0&searchcommand=%7B%5B%5D%3A%5BID%20%23%5D%3D%22WQ0041029%22%7D,,,WQ0041029,2026-06-13 02:20:02.366830+00:00,2026-06-13 02:20:02.366830+00:00
c961a445-728f-45e8-a7cb-e0e81b2a68e5,Lucas Septic Tank Pumping,private_regional_septage_facility,14196 Carpenter Road,Norwood,NC,,Stanly,35.244583148213,-80.238428891028,Yes,Unknown,Unknown,,(704) 985-6453,,,,,NCS-00736,2026-06-13 02:20:14.798453+00:00,2026-06-13 02:20:14.798453+00:00
c96a9b84-eac0-48c1-a647-1fd30f5c9965,T-N-T Septic Service,private_regional_septage_facility,PO Box 1005,Sneads Ferry,NC,,Onslow,,,Yes,Yes,Yes,,(910) 327-2556,,,,,NCS-00022,2026-06-13 02:20:14.798453+00:00,2026-06-13 02:20:14.798453+00:00
c9b2e206-f6c7-462b-ad59-1e462fde804d,BRAZORIA COUNTY RECYCLING CENTER TRANSFER STATION FACILITY,transfer_station,10315 FM 523,ANGLETON,TX,77515,BRAZORIA,29.09417,-95.36917,Unknown,Unknown,Unknown,,,,,,,2235,2026-06-13 02:19:52.391210+00:00,2026-06-13 02:19:52.391210+00:00
ca28bebd-83e6-4166-bb9d-71b2b86dcc70,Davie County Class B Residuals Program,land_application_site,,,NC,,Davie,,,Unknown,Unknown,Unknown,,,,https://edocs.deq.nc.gov/WaterResources/Search.aspx?dbid=0&searchcommand=%7B%5B%5D%3A%5BID%20%23%5D%3D%22WQ0010583%22%7D,,,WQ0010583,2026-06-13 02:20:02.366830+00:00,2026-06-13 02:20:02.366830+00:00
ca633bf0-5bbd-4996-912f-74a56eb42a72,OAK ISLAND CITIZENS COLLECTION STATION,transfer_station,308 EAGLE DR,OAK ISLAND,TX,77514,CHAMBERS,29.69,-94.68,Unknown,Unknown,Unknown,,,,,,,120031,2026-06-13 02:19:52.391210+00:00,2026-06-13 02:19:52.391210+00:00
cad46ec9-abaa-4251-9797-283bcde00381,EGBERT TRANSFER STATION,transfer_station,5200 EGBERT ST,HOUSTON,TX,77007,HARRIS,29.7823,-95.4143,Unknown,Unknown,Unknown,,,,,,,40189,2026-06-13 02:19:52.391210+00:00,2026-06-13 02:19:52.391210+00:00
cae5349c-aba6-4328-9a55-9a23e51b0a1b,Dahl Septic Services,private_regional_septage_facility,508 West End Dr.,Monroe,NC,,Union,34.962313099242,-80.559910314872,Yes,Unknown,Unknown,,(704) 218-9070,,,,,NCS-01760,2026-06-13 02:20:14.798453+00:00,2026-06-13 02:20:14.798453+00:00
caf1240d-8d8f-400b-9a8d-c357b05f08d0,Doug Cox Backhoe Service,private_regional_septage_facility,8046 Old Hwy 16,Crumpler,NC,,Ashe,36.489383723693,-81.400410424719,Yes,Unknown,Unknown,,(336) 982-8640,,,,,NCS-00035,2026-06-13 02:20:07.409760+00:00,2026-06-13 02:20:07.409760+00:00
cb0dd955-a01c-4555-8d1a-bcb190c5dee8,Pamlico County Transfer Station,transfer_station,3291 Highway 306 N.,Grantsboro,NC,28570,Pamlico,35.188762,-76.849428,Unknown,Unknown,Unknown,,(252) 633-1564,,,,,6903T-TRANSFER-1993,2026-06-13 02:20:07.409760+00:00,2026-06-13 02:20:07.409760+00:00
cb1f5a95-1d0c-413d-9b85-54b150f62cb5,CITY OF EL PASO DONIPHAN CCS,transfer_station,4096 DONIPHAN DR,EL PASO,TX,79922,EL PASO,31.8177,-106.5611,Unknown,Unknown,Unknown,,,,,,,120017,2026-06-13 02:19:52.391210+00:00,2026-06-13 02:19:52.391210+00:00
cb519cb8-1a3d-4319-a4e1-8c1845b4275a,Fleming Landscaping LLC,private_regional_septage_facility,PO Box 365,Macclesfield,NC,,Edgecombe,,,Unknown,Unknown,Unknown,,(252) 827-5445,,,,,NCS-01697,2026-06-13 02:20:07.409760+00:00,2026-06-13 02:20:07.409760+00:00
cb7d1530-cf63-4c56-a5ac-1a0481c4acae,Synagro Western Piedmont Class B Residuals Program,land_application_site,,,NC,,Unknown,,,Unknown,Unknown,Unknown,,,,https://edocs.deq.nc.gov/WaterResources/Search.aspx?dbid=0&searchcommand=%7B%5B%5D%3A%5BID%20%23%5D%3D%22WQ0016247%22%7D,,,WQ0016247,2026-06-13 02:20:02.366830+00:00,2026-06-13 02:20:02.366830+00:00
cb913e82-5377-43ad-9291-1528841427da,WHARTON COUNTY SOLID WASTE TRANSFER STATION,transfer_station,,,,,WHARTON,,,Unknown,Unknown,Unknown,,,,,,,110052,2026-06-13 02:19:52.391210+00:00,2026-06-13 02:19:52.391210+00:00
cb9663ce-93d4-4905-90d7-a4f8737c63de,Wall Recycling dba Liberty Waste Solutions(Fayettville),private_regional_septage_facility,2126 Garner Road,Raleigh,NC,,Cumberland,35.750961084438,-78.631283008563,Unknown,Unknown,Yes,,(919)582-7777,,,,,NCS-01861,2026-06-13 02:20:07.409760+00:00,2026-06-13 02:20:07.409760+00:00
cbf37758-9044-47e1-8677-d5236f12d82d,Chatham Park Water System Improvements - Suttles Rd.,potw_receiving_station,,,NC,,Chatham,,,Unknown,Unknown,Unknown,,,,https://edocs.deq.nc.gov/WaterResources/Search.aspx?dbid=0&searchcommand=%7B%5B%5D%3A%5BID%20%23%5D%3D%22WQ0038596%22%7D,,,WQ0038596,2026-06-13 02:20:02.366830+00:00,2026-06-13 02:20:02.366830+00:00
cc27837a-7744-4749-9e36-4f3ae1390676,Long's Septic Pumping,private_regional_septage_facility,1935 Oyster Harbour Parkway SW,Supply,NC,,Brunswick,33.921275677643,-78.35069062631,Yes,Yes,Unknown,,(910) 540-3139,,,,,NCS-01115,2026-06-13 02:20:07.409760+00:00,2026-06-13 02:20:07.409760+00:00
cc30bdd5-6f1b-43db-97b3-dc2cec39f0ca,64 Portables Inc.,private_regional_septage_facility,280 Cunningham Brick Yard Rd,Lexington,NC,,Davidson,35.794725936138,-80.142348974095,Yes,Yes,Yes,,(336) 474-1436,,,,,NCS-00942,2026-06-13 02:20:07.409760+00:00,2026-06-13 02:20:07.409760+00:00
cc4c0536-5c71-4a4a-9e37-c0a2a68dc487,Town of Surf City WWTP,private_regional_septage_facility,,,NC,,Onslow,,,,,,,,,https://edocs.deq.nc.gov/WaterResources/Search.aspx?dbid=0&searchcommand=%7B%5B%5D%3A%5BID%20%23%5D%3D%22WQ0000795%22%7D,,,WQ0000795,2026-06-13 02:20:02.366830+00:00,2026-06-13 02:20:02.366830+00:00
cc688b7d-d1ec-4fa1-9908-a141397ac3a2,Transou's Forsyth Septic Tank Ser. Inc.,private_regional_septage_facility,5752 Hampton Rd,Clemmons,NC,,Davidson,35.972656566222,-80.365544643356,Yes,Yes,Yes,,(336) 893-6516,,,,,NCS-00641,2026-06-13 02:20:07.409760+00:00,2026-06-13 02:20:07.409760+00:00
cc8f64be-557b-4a86-85f6-232066dc5004,BIOS MULCH FACILITY,composting_facility,7930 PINEMONT DR,HOUSTON,TX,77040,HARRIS,29.847777,-95.500277,Unknown,Unknown,Unknown,,,,,,,100013,2026-06-13 02:19:52.391210+00:00,2026-06-13 02:19:52.391210+00:00
ccb27f51-967d-4b62-a841-baba3ed1b39b,TYLER COUNTY TRANSFER STATION FACILITY,transfer_station,1921 COUNTY ROAD 1010,WOODVILLE,TX,75979,TYLER,30.760806,-94.464694,Unknown,Unknown,Unknown,,,,,,,40038,2026-06-13 02:19:52.391210+00:00,2026-06-13 02:19:52.391210+00:00
ccc27e5b-8f47-45c6-8fae-87f5c506c9c3,Bell's Septic Tank Cleaning,private_regional_septage_facility,10938 Edwards Rd.,Spring Hope,NC,,Nash,36.025745627549,-78.083992523754,Yes,Unknown,Unknown,,(252) 308-3360,,,,,NCS-00469,2026-06-13 02:20:14.798453+00:00,2026-06-13 02:20:14.798453+00:00
cd13c576-e459-4343-a457-178f452c562e,COASTAL PLAINS RENEWABLE ENERGY PLANT,anaerobic_digester,,,,,GALVESTON,,,Unknown,Unknown,Unknown,,,,,,,48047,2026-06-13 02:19:52.391210+00:00,2026-06-13 02:19:52.391210+00:00
cd27842d-2a0f-41d0-b797-acaa48d35107,Town of Beech Mountain Class A Residuals Composting Program,land_application_site,,,NC,,Watauga,,,Unknown,Unknown,Unknown,,,,https://edocs.deq.nc.gov/WaterResources/Search.aspx?dbid=0&searchcommand=%7B%5B%5D%3A%5BID%20%23%5D%3D%22WQ0002523%22%7D,,,WQ0002523,2026-06-13 02:20:02.366830+00:00,2026-06-13 02:20:02.366830+00:00
cd6852e6-8af4-48d4-95ed-e6ae5e86ded7,HAYS COUNTY TRANSFER STATION,transfer_station,1691 CARNEY LN,WIMBERLEY,TX,78676,HAYS,29.99,-98.11,Unknown,Unknown,Unknown,,,,,,,1787,2026-06-13 02:19:52.391210+00:00,2026-06-13 02:19:52.391210+00:00
cda29cdb-bb4b-4c5d-affb-f59645fd3d51,Oaks at Wakefield WWTF,private_regional_septage_facility,,,NC,,Lee,,,Unknown,Unknown,Unknown,,,,https://edocs.deq.nc.gov/WaterResources/Search.aspx?dbid=0&searchcommand=%7B%5B%5D%3A%5BID%20%23%5D%3D%22WQ0045709%22%7D,,,WQ0045709,2026-06-13 02:20:02.366830+00:00,2026-06-13 02:20:02.366830+00:00
cdb016ae-42a3-454d-87bb-6d3261471fc5,KW Environmental LLC,private_regional_septage_facility,104 Berrywood Ct.,Lexington,NC,,Gaston,35.98295165613,-80.258510749555,Unknown,Yes,Unknown,,803.-38.7329,,,,,NCS-01449,2026-06-13 02:20:07.409760+00:00,2026-06-13 02:20:07.409760+00:00
cdc65d2b-625a-46d0-b0a2-aa09f0cae5a1,SOUTHWASTE DISPOSAL HURST FACILITY,private_regional_septage_facility,6407 HURST ST,HOUSTON,TX,77008-6214,Harris,29.78751,-95.42844,Unknown,Yes,Unknown,,,,,110033989405,TXR05BV26,2241A,2026-06-13 02:15:44.933737+00:00,2026-06-13 02:19:52.391210+00:00
cde146bf-0958-4f43-b539-5230197598af,Dr. Flush,private_regional_septage_facility,200 Ford St,Greer,NC,,Polk,34.828529420055,-82.196422422061,Yes,Yes,Unknown,,,,,,,NCS-01189,2026-06-13 02:20:14.798453+00:00,2026-06-13 02:20:14.798453+00:00
ce9d3e15-15b4-4cda-ba8a-41ea3ee65e5b,THE ORGANIC RECYCLER - GEORGETOWN,composting_facility,5501 RANCH TO MARKET RD 2243,GEORGETOWN,TX,78628,Williamson,30.595169,-97.780308,Unknown,Unknown,Unknown,,,,,110072002143,TXR05GU69,100475,2026-06-13 02:16:22.142926+00:00,2026-06-13 02:19:52.391210+00:00
cec64f7b-584a-446d-af47-bd0070cb1419,NORTH TEXAS MUNICIPAL WATER DISTRICT TRANSFER STATION,transfer_station,4030 W PLANO PKWY,PLANO,TX,75093,COLLIN,33.01,-96.7675,Unknown,Unknown,Unknown,,,,,,,1494A,2026-06-13 02:19:41.329224+00:00,2026-06-13 02:19:41.329224+00:00
cee05440-7096-4b9a-a0fc-b7b636e72b1b,Con Ops Solutions,private_regional_septage_facility,3407 Mountain View Road,Germanton,NC,,Stokes,36.312297024124,-80.24250063589,Unknown,Unknown,Unknown,,(336) 755-9686,,,,,NCS-01696,2026-06-13 02:20:14.798453+00:00,2026-06-13 02:20:14.798453+00:00
cf7535c2-f21f-48f7-935a-3137020f12a5,CITY OF HUNTSVILLE TRANSFER STATION FACILITY,transfer_station,590 IH 45 N,HUNTSVILLE,TX,77320-1131,Walker,30.743241,-95.598631,Unknown,Unknown,Unknown,,,,,110071158277,TXR05FE35,2387,2026-06-13 02:10:47.633927+00:00,2026-06-13 02:19:52.391210+00:00
cf9f8ad7-8b06-40ad-808a-c3dffeb0eebb,COCA-COLA EL PASO FACILITY,private_regional_septage_facility,11001 GATEWAY BLVD W,EL PASO,TX,79935-5003,EL PASO,31.74614,-106.33422,Unknown,Unknown,Unknown,,,,,110070376291,TXR05DM31,2355,2026-06-13 02:10:53.744888+00:00,2026-06-13 02:19:52.391210+00:00
cfb588cb-eb28-4bba-8da9-1a0050a4446d,Key Packing Company WWTF,private_regional_septage_facility,,,NC,,Moore,,,Unknown,Unknown,Unknown,,,,https://edocs.deq.nc.gov/WaterResources/Search.aspx?dbid=0&searchcommand=%7B%5B%5D%3A%5BID%20%23%5D%3D%22WQ0002410%22%7D,,,WQ0002410,2026-06-13 02:20:02.366830+00:00,2026-06-13 02:20:02.366830+00:00
cfd302d9-5eb6-4502-b230-d11a77a1a5ca,HOUSTON SOUTHEAST TRANSFER STATION FACILITY,transfer_station,9225 LAWNDALE ST,HOUSTON,TX,77012,HARRIS,29.7055,-95.2555,Unknown,Unknown,Unknown,,,,,,,40131,2026-06-13 02:19:52.391210+00:00,2026-06-13 02:19:52.391210+00:00
cfe66d1f-5d63-46a0-b040-ad5dece38f63,Arauco - Moncure WWTF,private_regional_septage_facility,,,NC,,Chatham,,,Unknown,Unknown,Unknown,,,,https://edocs.deq.nc.gov/WaterResources/Search.aspx?dbid=0&searchcommand=%7B%5B%5D%3A%5BID%20%23%5D%3D%22WQ0003396%22%7D,,,WQ0003396,2026-06-13 02:20:02.366830+00:00,2026-06-13 02:20:02.366830+00:00
d07b1b8e-4d10-4f13-aa1a-c34bf0840077,CROWELL COLLECTION CENTER,transfer_station,,,,,FOARD,33.976373,-99.716043,Unknown,Unknown,Unknown,,,,,,,120008,2026-06-13 02:19:41.329224+00:00,2026-06-13 02:19:41.329224+00:00
d09a511d-6c01-4a41-9621-16fabd481b77,City of Danville Class B Residuals Program,land_application_site,,,NC,,Out of State,,,Yes,Unknown,Unknown,,,,https://edocs.deq.nc.gov/WaterResources/Search.aspx?dbid=0&searchcommand=%7B%5B%5D%3A%5BID%20%23%5D%3D%22WQ0036561%22%7D,,,WQ0036561,2026-06-13 02:20:02.366830+00:00,2026-06-13 02:20:02.366830+00:00
d0a64d6b-154f-4e1c-b443-d259b617d28c,Twin Lakes RV Resort,private_regional_septage_facility,1618 Memory Ln,Chocowinity,NC,,Beaufort,35.520638710841,-77.049723868555,Unknown,Unknown,Unknown,,(252) 946-5700,,,,,NCS-01191,2026-06-13 02:20:07.409760+00:00,2026-06-13 02:20:07.409760+00:00
d0ac62d6-7917-4d50-8693-e1cfbf8c0f0a,WILSON COUNTY CITIZENS COLLECTION STATION,transfer_station,549 COUNTY ROAD 310,FLORESVILLE,TX,78114,WILSON,29.22,-98.06,No,No,No,,,,,,,120012,2026-06-13 02:19:52.391210+00:00,2026-06-13 02:19:52.391210+00:00
d0b53d84-989f-4202-960c-c8ab19ef9166,Triangle WWTP,potw_receiving_station,,,NC,,Durham,,,Unknown,Unknown,Unknown,,,,https://edocs.deq.nc.gov/WaterResources/Search.aspx?dbid=0&searchcommand=%7B%5B%5D%3A%5BID%20%23%5D%3D%22WQ0032821%22%7D,,,WQ0032821,2026-06-13 02:20:02.366830+00:00,2026-06-13 02:20:02.366830+00:00
d0cd9c74-6293-47ba-98fe-3d927c9cca90,Clay County Transfer Station,transfer_station,1160 Hinton Center Road,Hayesville,NC,28904,Clay,35.029961,-83.784741,Unknown,Unknown,Unknown,,(828) 389-9133,,,,,2202T-TRANSFER-1997,2026-06-13 02:20:07.409760+00:00,2026-06-13 02:20:07.409760+00:00
d0fbaea9-b888-43b0-ade4-1c7f76efb732,Mills Septic Tank Service,private_regional_septage_facility,3361 Prescott Lane,Greenville,NC,,Pitt,35.535236781673,-77.25820141672,Yes,Unknown,Unknown,,(252) 347-4446,,,,,NCS-01293,2026-06-13 02:20:14.798453+00:00,2026-06-13 02:20:14.798453+00:00
d1128612-5702-47c8-b8c0-204dc7ca7d80,Harnett County Class B Residuals Program,land_application_site,,,NC,,Harnett,,,Unknown,Unknown,Unknown,,,,https://edocs.deq.nc.gov/WaterResources/Search.aspx?dbid=0&searchcommand=%7B%5B%5D%3A%5BID%20%23%5D%3D%22WQ0007066%22%7D,,,WQ0007066,2026-06-13 02:20:02.366830+00:00,2026-06-13 02:20:02.366830+00:00
d12a0812-c1a0-479c-a34c-7ecb6826fa57,CAC Potty House,private_regional_septage_facility,PO Box 1015,Granite Quarry,NC,,Rowan,,,Yes,Unknown,Yes,,(704) 278-3719,,,,,NCS-01391,2026-06-13 02:20:14.798453+00:00,2026-06-13 02:20:14.798453+00:00
d1540eb3-4525-4a42-b495-58838fb99bb7,Dennis Willis Septic Service,private_regional_septage_facility,PO Box 86,Cherryville,NC,,Gaston,,,Yes,Yes,Unknown,,(704) 435-2326,,,,,NCS-00868,2026-06-13 02:20:07.409760+00:00,2026-06-13 02:20:07.409760+00:00
d1714a28-9bbb-4e1e-afa1-30718bc9cd35,SOUTH TEXAS DISPOSAL,transfer_station,2691 SH 35 BYPASS,ARANSAS PASS,TX,78336,ARANSAS,27.956388,-97.133333,Unknown,Unknown,Unknown,,,,,,,110051,2026-06-13 02:19:52.391210+00:00,2026-06-13 02:19:52.391210+00:00
d1742550-05ab-4662-b56a-9e62fe9ed330,RE INVESTMENT & VENTURES,composting_facility,7664 BURSHARD RD,SAN ANTONIO,TX,78263-4700,Bexar,29.33737,-98.34105,Unknown,Unknown,Unknown,,,,,110072073286,TXR05GV20,100593,2026-06-13 02:14:51.834762+00:00,2026-06-13 02:19:52.391210+00:00
d18ba225-979a-4125-a8f7-f25cdef5ee8d,Freeland Construction Services,private_regional_septage_facility,9200 NC 157,Rougemont,NC,,Orange,36.22543678329,-79.026464868881,Unknown,Unknown,Yes,,(919) 730-3233,,,,,NCS-01666,2026-06-13 02:20:14.798453+00:00,2026-06-13 02:20:14.798453+00:00
d18bc429-be10-487b-b36a-00e771b30157,City of Marion DCAR,land_application_site,,,NC,,McDowell,,,Unknown,Unknown,Unknown,,,,https://edocs.deq.nc.gov/WaterResources/Search.aspx?dbid=0&searchcommand=%7B%5B%5D%3A%5BID%20%23%5D%3D%22WQ0031674%22%7D,,,WQ0031674,2026-06-13 02:20:02.366830+00:00,2026-06-13 02:20:02.366830+00:00
d18ffd08-3238-4d70-aa03-8a683dff6f6f,JW Septic Service LLC,private_regional_septage_facility,402 North Franklin Rd,Mt. Airy,NC,,Surry,36.509968608532,-80.634935796633,Unknown,Yes,Unknown,,(336) 325-0899,,,,,NCS-01275,2026-06-13 02:20:14.798453+00:00,2026-06-13 02:20:14.798453+00:00
d1ac1df3-7080-4166-8552-fc5c3a92b711,REIDSVILLE WWTP,composting_facility,407 BROAD ST,Reidsville,NC,27320,Rockingham,36.323389,-79.658483,Unknown,Unknown,Unknown,,(336) 349-1074,,,110000546865,NCL024881,7908-COMPOST-2018,2026-06-13 02:09:01.189307+00:00,2026-06-13 02:20:07.409760+00:00
d1acf3d0-ffbb-4b1a-8b55-7eee934c8b3f,Seven Rentals LLC DBA Nomad Rentals,private_regional_septage_facility,PO Box 241028,Charlotte,NC,,Mecklenburg,,,Unknown,Unknown,Yes,,(980)307-3639,,,,,NCS-01819,2026-06-13 02:20:14.798453+00:00,2026-06-13 02:20:14.798453+00:00
d1c17b6d-d843-4451-b222-373e0c82982f,Oak Ridge Commons WWTP,potw_receiving_station,,,NC,,Guilford,,,Unknown,Unknown,Unknown,,,,https://edocs.deq.nc.gov/WaterResources/Search.aspx?dbid=0&searchcommand=%7B%5B%5D%3A%5BID%20%23%5D%3D%22WQ0019755%22%7D,,,WQ0019755,2026-06-13 02:20:02.366830+00:00,2026-06-13 02:20:02.366830+00:00
d1cc6880-40b7-406f-b293-4598c3eb8523,FORT BLISS LANDFILL,transfer_station,,,,,EL PASO,31.88,-106.38,No,No,Unknown,,,,,,,1422,2026-06-13 02:19:52.391210+00:00,2026-06-13 02:19:52.391210+00:00
d2051970-8bb7-4629-9a14-ebb655a78c66,Parks Family Meats WWTF,private_regional_septage_facility,,,NC,,Duplin,,,Unknown,Unknown,Unknown,,,,https://edocs.deq.nc.gov/WaterResources/Search.aspx?dbid=0&searchcommand=%7B%5B%5D%3A%5BID%20%23%5D%3D%22WQ0003717%22%7D,,,WQ0003717,2026-06-13 02:20:07.409760+00:00,2026-06-13 02:20:07.409760+00:00
d23ce642-2081-4af5-8b58-4063c875e0d1,PRECINCT 2,transfer_station,705 COUNTY ROAD 2353,QUITMAN,TX,75783,WOOD,,,Unknown,Unknown,Unknown,,,,,,,120179,2026-06-13 02:19:52.391210+00:00,2026-06-13 02:19:52.391210+00:00
d246f191-3fd2-4714-8ab3-94d3b55a129e,Hasentree Golf Community CUS,potw_receiving_station,,,NC,,Wake,,,Unknown,Unknown,Unknown,,,,https://edocs.deq.nc.gov/WaterResources/Search.aspx?dbid=0&searchcommand=%7B%5B%5D%3A%5BID%20%23%5D%3D%22WQ0033816%22%7D,,,WQ0033816,2026-06-13 02:20:02.366830+00:00,2026-06-13 02:20:02.366830+00:00
d2791ea2-804d-4040-847f-4cb8f4215c1d,CITY OF ARCHER CITY CITIZENS COLLECTION STATION,transfer_station,,,,,ARCHER,,,Unknown,Unknown,Unknown,,,,,,,120001,2026-06-13 02:19:41.329224+00:00,2026-06-13 02:19:41.329224+00:00
d2834c1a-b0be-4243-b8eb-e503ca84862f,Pamlico River Ferry Terminal WWTF,private_regional_septage_facility,,,NC,,Beaufort,,,Unknown,Unknown,Unknown,,,,https://edocs.deq.nc.gov/WaterResources/Search.aspx?dbid=0&searchcommand=%7B%5B%5D%3A%5BID%20%23%5D%3D%22WQ0012696%22%7D,,,WQ0012696,2026-06-13 02:20:07.409760+00:00,2026-06-13 02:20:07.409760+00:00
d29f05cf-4104-4fed-b6e8-ce23ddab40d8,Cherry Point Transfer Station,transfer_station,"Environmental Affairs Department, PSC 8006 MCAS",Cherry Point,NC,28533,Craven,34.890381,-76.906731,Unknown,Unknown,Unknown,,(252) 466-5391,,,,,2510T-TRANSFER-1997,2026-06-13 02:20:07.409760+00:00,2026-06-13 02:20:07.409760+00:00
d2e3e75b-ecc4-4b1c-8b00-09dd1b43204d,Durham County Reclaimed Water Distribution Extension,potw_receiving_station,,,NC,,Durham,,,Unknown,Unknown,Unknown,,,,https://edocs.deq.nc.gov/WaterResources/Search.aspx?dbid=0&searchcommand=%7B%5B%5D%3A%5BID%20%23%5D%3D%22WQ0038780%22%7D,,,WQ0038780,2026-06-13 02:20:07.409760+00:00,2026-06-13 02:20:07.409760+00:00
d317f340-0058-4367-92f5-ad18f0e0608f,HOOD COUNTY CITIZENS COLLECTION STATION,transfer_station,244 BRAY ST,GRANBURY,TX,76048,HOOD,32.427777,-97.845277,Unknown,Unknown,Unknown,,,,,,,120003,2026-06-13 02:19:52.391210+00:00,2026-06-13 02:19:52.391210+00:00
d37b917f-468d-4b3c-bf4c-621e33d82f44,Cove Key Townhomes on Lake Norman WWTP,potw_receiving_station,,,NC,,Iredell,,,Unknown,Unknown,Unknown,,,,https://edocs.deq.nc.gov/WaterResources/Search.aspx?dbid=0&searchcommand=%7B%5B%5D%3A%5BID%20%23%5D%3D%22WQ0023580%22%7D,,,WQ0023580,2026-06-13 02:20:02.366830+00:00,2026-06-13 02:20:02.366830+00:00
d3850f88-0fb3-4ef7-9b72-c951ae80ef95,Porter's Septic Service,private_regional_septage_facility,2125 Mary St,China Grove,NC,,Rowan,35.559702384254,-80.578333883484,Yes,Unknown,Unknown,,(704) 857-4604,,,,,NCS-00045,2026-06-13 02:20:14.798453+00:00,2026-06-13 02:20:14.798453+00:00
d3d3a55d-0d52-4d24-8509-fa69d1060950,"Take-A-Break Portables, Inc.",private_regional_septage_facility,PO Box 95,Hayesville,NC,,Clay,,,Unknown,Unknown,Yes,,(828) 389-4001,,,,,NCS-01061,2026-06-13 02:20:07.409760+00:00,2026-06-13 02:20:07.409760+00:00
d3f823a7-5f28-47c2-9a00-b642d057cabc,LIFE SOURCE ORGANIC COMPOSTING FACILITY,composting_facility,,,,,LIPSCOMB,36.34117,-100.52233,Unknown,Unknown,Unknown,,,,,,,47011,2026-06-13 02:19:41.329224+00:00,2026-06-13 02:19:41.329224+00:00
d41cdc86-d19c-4a34-bd78-081c1b6e4b5e,CITY OF COLEMAN CITY CONVENIENCE CENTER,transfer_station,,,,,COLEMAN,31.860421,-99.433289,Unknown,Unknown,Unknown,,,,,,,120209,2026-06-13 02:19:41.329224+00:00,2026-06-13 02:19:41.329224+00:00
d42d609c-8142-47d8-a3c1-11e1ae7493f0,B-TEXAS MULCH JB SPICEWOOD,composting_facility,201 S PALEFACE RANCH RD,SPICEWOOD,TX,78669-1786,Travis,30.441111,-98.099444,Unknown,Unknown,Unknown,,,,,110071510006,TXR1589NZ,100504,2026-06-13 02:10:00.807693+00:00,2026-06-13 02:19:52.391210+00:00
d436254c-4ff8-452a-95b7-4ecdd5da55dd,A+ Portable Toilets,private_regional_septage_facility,PO Box 816,Bryson,NC,,Swain,,,Unknown,Unknown,Yes,,(828) 736-0695,,,,,NCS-01413,2026-06-13 02:20:14.798453+00:00,2026-06-13 02:20:14.798453+00:00
d467e3ee-7262-43d4-b6e1-5d9fbe2e4c88,"Laurinburg, City of Type 1 Compost Facility",composting_facility,503 Hall Street,Lauringburg,NC,28352,Scotland,34.7615081,-79.4458203,Unknown,Unknown,Unknown,,(910) 276-2364,,,,,8303-COMPOST-2021,2026-06-13 02:20:07.409760+00:00,2026-06-13 02:20:07.409760+00:00
d4af46a9-fc3c-48b2-b99e-dadfd46101e1,BOOKER MUNICIPAL COMPOSTING FACILITY,composting_facility,,,,,LIPSCOMB,36.48333,-100.5,Unknown,Unknown,Unknown,,,,,,,47013,2026-06-13 02:19:41.329224+00:00,2026-06-13 02:19:41.329224+00:00
d4b4bf3e-9f9e-4624-83fc-d6b90e235f98,YOUR GARBAGE SERVICE,transfer_station,,,,,WALLER,,,Unknown,Unknown,Unknown,,,,,,,110001,2026-06-13 02:19:52.391210+00:00,2026-06-13 02:19:52.391210+00:00
d4bc50f3-ca36-4e14-9970-19dfc8719e84,Black Bear Development,private_regional_septage_facility,PO Box 1122,Marion,NC,,McDowell,,,Unknown,Unknown,Unknown,,(828) 442-8458,,,,,NCS-01164,2026-06-13 02:20:14.798453+00:00,2026-06-13 02:20:14.798453+00:00
d4d72576-084c-44d8-a61d-badf9c32cadb,Donahue Septic Tank Co.,private_regional_septage_facility,5506 Fairway Run Dr,McLeansville,NC,,Guilford,36.157723989125,-79.657661536775,Yes,Unknown,Unknown,,(336) 382-8346,,,,,NCS-00612,2026-06-13 02:20:07.409760+00:00,2026-06-13 02:20:07.409760+00:00
d4f09dc5-c3a7-4499-aa35-aeb1d633aef1,"A L Lowder, Inc.",private_regional_septage_facility,435 Willow Street,Albemarle,NC,,Stanly,35.345792015202,-80.203222071199,Yes,Yes,Yes,,(704) 982-4456,,,,,NCS-00274,2026-06-13 02:20:14.798453+00:00,2026-06-13 02:20:14.798453+00:00
d5147623-fecb-43c2-af02-9148a66c5ac7,Pender Packing Company WWTF,private_regional_septage_facility,,,NC,,Pender,,,Unknown,Unknown,Unknown,,,,https://edocs.deq.nc.gov/WaterResources/Search.aspx?dbid=0&searchcommand=%7B%5B%5D%3A%5BID%20%23%5D%3D%22WQ0004075%22%7D,,,WQ0004075,2026-06-13 02:20:07.409760+00:00,2026-06-13 02:20:07.409760+00:00
d5476951-ee51-421a-bfe8-67b120aab565,Triple AAA Portable Toilets,private_regional_septage_facility,5779 Manley Smith Rd,Nakina,NC,,Columbus,34.051110826379,-78.612889665589,Yes,Unknown,Yes,,(910) 642-6417,,,,,NCS-01412,2026-06-13 02:20:07.409760+00:00,2026-06-13 02:20:07.409760+00:00
d549d12d-9038-43bc-95e8-24e2811ab9f3,PRO STAR WASTE,transfer_station,7118 US HIGHWAY 59 S,GOODRICH,TX,77335-8511,Polk,30.61227,-94.94417,Unknown,Unknown,Yes,,,,,110034716216,TXR05W381,40277,2026-06-13 02:14:44.444084+00:00,2026-06-13 02:19:52.391210+00:00
d55c053c-c418-48ad-9a63-b7e5aa74cf0d,JH & Son Landscaping L.L.C. Septic Pumping,private_regional_septage_facility,8211 Highway 306 South,Arapahoe,NC,,Pamlico,35.023347987667,-76.825040774252,Yes,Unknown,Unknown,,(252) 670-0252,,,,,NCS-01828,2026-06-13 02:20:14.798453+00:00,2026-06-13 02:20:14.798453+00:00
d56a9932-8147-4d6f-8f37-242491d9287f,WISE COUNTY SLIDELL CITIZEN COLLECTION STATION,transfer_station,242 CR 2820,DECATUR,TX,76234,WISE,33.356747,-97.390086,Unknown,Unknown,Unknown,,,,,,,120166,2026-06-13 02:19:52.391210+00:00,2026-06-13 02:19:52.391210+00:00
d5bdcafa-8cf3-4c10-8600-948250be7a61,MOUNTAIRE FARMS - SCOTLAND COUNTY FEED MILL,composting_facility,10800 PELL DR,MAXTON,NC,28364,Scotland,34.7633,-79.3655,Unknown,Unknown,Unknown,,(772) 409-4044,,,110070249884,NCG060389,8304-COMPOST-2023,2026-06-13 02:18:53.688737+00:00,2026-06-13 02:20:07.409760+00:00
d5bf44a5-adee-4567-b983-9bc38df861d1,Street Septic Tank Service,private_regional_septage_facility,704 Jones Lester Rd,Roxboro,NC,,Person,36.406433603116,-79.019795612807,Yes,Unknown,Unknown,,(336) 599-1502,,,,,NCS-00594,2026-06-13 02:20:14.798453+00:00,2026-06-13 02:20:14.798453+00:00
d5c648f2-da68-4358-b4d0-818d7fcf7f22,Sea Salt Solutions LLC,private_regional_septage_facility,402 Wallace Street,Kill Devil Hills,NC,,Dare,36.050804647663,-75.688317706048,Yes,Unknown,Unknown,,(252) 455-0117,,,,,NCS-01742,2026-06-13 02:20:07.409760+00:00,2026-06-13 02:20:07.409760+00:00
d5dfc96a-804f-4b31-ad21-5d3e529d69f6,Deerhurst MHP WWTF,private_regional_septage_facility,,,NC,,Wake,,,Unknown,Unknown,Unknown,,,,https://edocs.deq.nc.gov/WaterResources/Search.aspx?dbid=0&searchcommand=%7B%5B%5D%3A%5BID%20%23%5D%3D%22WQ0002838%22%7D,,,WQ0002838,2026-06-13 02:20:07.409760+00:00,2026-06-13 02:20:07.409760+00:00
d5e118be-3b78-4864-af5d-f09665a4de12,Atlantic All Pro Septic Tank Service Inc.,private_regional_septage_facility,2032 Belgrade Swansboro Rd,Maysville,NC,,Onslow,34.820554406219,-77.226531441856,Yes,Unknown,Unknown,,(910) 330-2854,,,,,NCS-00727,2026-06-13 02:20:14.798453+00:00,2026-06-13 02:20:14.798453+00:00
d5e44cb5-9170-4d6e-a424-c371701d120f,HM Alliance - La Grange WWTF,private_regional_septage_facility,,,NC,,Greene,,,Unknown,Unknown,Unknown,,,,https://edocs.deq.nc.gov/WaterResources/Search.aspx?dbid=0&searchcommand=%7B%5B%5D%3A%5BID%20%23%5D%3D%22WQ0012796%22%7D,,,WQ0012796,2026-06-13 02:20:02.366830+00:00,2026-06-13 02:20:02.366830+00:00
d6124c38-6c0e-485e-84fa-83371a0b43e8,Golden Valley Campground WWTF,private_regional_septage_facility,,,NC,,Rutherford,,,Unknown,Unknown,Unknown,,,,https://edocs.deq.nc.gov/WaterResources/Search.aspx?dbid=0&searchcommand=%7B%5B%5D%3A%5BID%20%23%5D%3D%22WQ0039947%22%7D,,,WQ0039947,2026-06-13 02:20:02.366830+00:00,2026-06-13 02:20:02.366830+00:00
d6682bd6-8c37-4a84-bc05-59b879256c14,Maple Hill WWTP,private_regional_septage_facility,,,NC,,Pender,,,Unknown,Unknown,Unknown,,,,https://edocs.deq.nc.gov/WaterResources/Search.aspx?dbid=0&searchcommand=%7B%5B%5D%3A%5BID%20%23%5D%3D%22WQ0035049%22%7D,,,WQ0035049,2026-06-13 02:20:02.366830+00:00,2026-06-13 02:20:02.366830+00:00
d6b19c6e-11c8-4d69-95ed-81ac4f871ee6,LA VICTORIA CITIZENS COLLECTION STATION,transfer_station,1510 N FM 2360,RIO GRANDE CITY,TX,78582,STARR,26.341943,-98.634215,Unknown,Unknown,Unknown,,,,,,,120159,2026-06-13 02:19:52.391210+00:00,2026-06-13 02:19:52.391210+00:00
d6cae84d-d8c1-461b-92a4-9599d5fc995f,"Weldon, Town of Transfer Facility",transfer_station,2211 NC Hwy 301,Halifax,NC,27839,Halifax,36.400941,-77.598261,Unknown,Unknown,Unknown,,(260) 606-8451,,,,,4205T-TRANSFER-1997,2026-06-13 02:20:07.409760+00:00,2026-06-13 02:20:07.409760+00:00
d6cce7c7-956c-4a82-bd0e-5a491d709fc8,Town of Candor WWTF,private_regional_septage_facility,,,NC,,Montgomery,,,Unknown,Unknown,Unknown,,,,https://edocs.deq.nc.gov/WaterResources/Search.aspx?dbid=0&searchcommand=%7B%5B%5D%3A%5BID%20%23%5D%3D%22WQ0000633%22%7D,,,WQ0000633,2026-06-13 02:20:02.366830+00:00,2026-06-13 02:20:02.366830+00:00
d6ced8fe-3fc0-450e-b8a1-39d61717cc60,Louisiana-Pacific OSB - Roxboro WWTF,private_regional_septage_facility,,,NC,,Person,,,Unknown,Unknown,Unknown,,,,https://edocs.deq.nc.gov/WaterResources/Search.aspx?dbid=0&searchcommand=%7B%5B%5D%3A%5BID%20%23%5D%3D%22WQ0028749%22%7D,,,WQ0028749,2026-06-13 02:20:07.409760+00:00,2026-06-13 02:20:07.409760+00:00
d6deea25-d524-45ea-a878-35afd77450d1,HIGHWAY 90 BRUSH GRINDING SITE,composting_facility,5450 CASTROVILLE RD,SAN ANTONIO,TX,78227,BEXAR,,,Unknown,Unknown,Unknown,,,,,,,100544,2026-06-13 02:19:52.391210+00:00,2026-06-13 02:19:52.391210+00:00
d706f9d4-fafc-4653-a34d-db512b491a8c,Creech's Plumbing Septic & Grease,private_regional_septage_facility,3506 Jetstream Drive,Wilson,NC,,Wilson,35.766203630965,-77.948428200937,Yes,Yes,Yes,,(252) 237-7733,,,,,NCS-01370,2026-06-13 02:20:14.798453+00:00,2026-06-13 02:20:14.798453+00:00
d73fdd4a-3ada-4aa9-9d69-aae172ac43a1,Birddog Pumping,private_regional_septage_facility,2560 Ridge Road,Hendersonville,NC,,Henderson,35.360875820511,-82.362127317016,Unknown,Unknown,Unknown,,,,,,,NCS-01209,2026-06-13 02:20:07.409760+00:00,2026-06-13 02:20:07.409760+00:00
d7488b7c-57a4-4b9c-b36e-f4535eaf2247,POLK COUNTY CCS ONALASKA,transfer_station,416 ONALASKA DR E,ONALASKA,TX,77360,POLK,30.8194,-94.8593,Unknown,Unknown,Unknown,,,,,,,120107,2026-06-13 02:19:52.391210+00:00,2026-06-13 02:19:52.391210+00:00
d7681cbf-21f5-4415-90b8-19b7b9e58c82,LIVING EARTH ROYSE CITY,composting_facility,5711 W INTERSTATE 30,ROYSE CITY,TX,75189,Rockwall,32.991753,-96.251361,Unknown,Unknown,Unknown,,,,,110072113949,TXR05GX43,100644,2026-06-13 02:13:19.417606+00:00,2026-06-13 02:19:52.391210+00:00
d7cf9821-0777-448d-b3ea-739fc2014c26,Cool Park Pumping,private_regional_septage_facility,1535 Victorian Hills Circle,Conover,NC,,Catawba,35.780391883577,-81.212484065671,Yes,Yes,Unknown,,(828) 256-2926,,,,,NCS-00291,2026-06-13 02:20:07.409760+00:00,2026-06-13 02:20:07.409760+00:00
d7f3b9e5-5f0c-430e-a1bc-ca5839b14bd3,Parks Portable Toilets Inc,private_regional_septage_facility,PO Box 1611,Goldsboro,NC,,Wayne,,,Unknown,Unknown,Yes,,(919) 735-9402,,,,,NCS-00825,2026-06-13 02:20:14.798453+00:00,2026-06-13 02:20:14.798453+00:00
d8216e6e-09a8-4211-bf5e-ada7c84da012,Evans Farm Subdivision Phase 2,potw_receiving_station,,,NC,,Wake,,,Unknown,Unknown,Unknown,,,,https://edocs.deq.nc.gov/WaterResources/Search.aspx?dbid=0&searchcommand=%7B%5B%5D%3A%5BID%20%23%5D%3D%22WQ0035456%22%7D,,,WQ0035456,2026-06-13 02:20:07.409760+00:00,2026-06-13 02:20:07.409760+00:00
d822a6ab-50c6-45bc-9f99-3182c683e7bf,Edgecombe County Transfer Station,transfer_station,2797 Colonial Road,Tarboro,NC,27886,Edgecombe,35.82315,-77.560958,Unknown,Unknown,Unknown,,(252) 827-4253,,,,,3302T-TRANSFER-1998,2026-06-13 02:20:07.409760+00:00,2026-06-13 02:20:07.409760+00:00
d82482ff-b045-421b-ac99-f96580797a93,CITY OF PLANO REUSE CENTER,transfer_station,4110 W PLANO PKWY,PLANO,TX,75093,COLLIN,33.013317,-96.772669,Unknown,Unknown,Unknown,,,,,,,120176,2026-06-13 02:19:52.391210+00:00,2026-06-13 02:19:52.391210+00:00
d834f178-3d6c-4ef4-9922-0a49d38285cb,Village Oaks Mobile Home Park WWTF,private_regional_septage_facility,,,NC,,Onslow,,,Unknown,Unknown,Unknown,,,,https://edocs.deq.nc.gov/WaterResources/Search.aspx?dbid=0&searchcommand=%7B%5B%5D%3A%5BID%20%23%5D%3D%22WQ0002571%22%7D,,,WQ0002571,2026-06-13 02:20:02.366830+00:00,2026-06-13 02:20:02.366830+00:00
d83ccb3f-c2c7-4680-a2f6-465c9bc134b8,"Roberson Septic, LLC",private_regional_septage_facility,1834 Holly Springs Church Rd.,Williamston,NC,,Martin,35.815752765022,-77.02945209627,Yes,Unknown,Unknown,,(252) 799-7075,,,,,NCS-01058,2026-06-13 02:20:14.798453+00:00,2026-06-13 02:20:14.798453+00:00
d84253d0-9cf5-458d-a29c-dfd87006ce14,JJ + A Septic Services LLC,private_regional_septage_facility,367 Morning Glory Rd,Randleman,NC,,Randolph,35.775522048899,-79.800927685903,Unknown,Unknown,Unknown,,(336)302-6321,,,,,NCS-01794,2026-06-13 02:20:14.798453+00:00,2026-06-13 02:20:14.798453+00:00
d85c6d35-e3bc-4880-a074-793f42015a54,Floresta Estates - Lot 2 SFR,private_regional_septage_facility,,,NC,,Chatham,,,Unknown,Unknown,Unknown,,,,https://edocs.deq.nc.gov/WaterResources/Search.aspx?dbid=0&searchcommand=%7B%5B%5D%3A%5BID%20%23%5D%3D%22WQ0046212%22%7D,,,WQ0046212,2026-06-13 02:20:02.366830+00:00,2026-06-13 02:20:02.366830+00:00
d88fa15d-1580-4956-aa08-03704e8e166d,Highlands Transfer Station,transfer_station,1080 Rich Gap Rd,Highlands,NC,28741,Macon,35.019664,-83.174142,Unknown,Unknown,Unknown,,(828) 349-2165,,,,,5704T-TRANSFER-2008,2026-06-13 02:20:07.409760+00:00,2026-06-13 02:20:07.409760+00:00
d89260ee-f9d9-4853-9046-3450324861ce,MDM Septic Services,private_regional_septage_facility,937 Fentress Airfield Road,Chesapeake,NC,,Currituck,36.694100915997,-76.118496435583,Yes,Yes,Unknown,,(757) 426-0511,,,,,NCS-01286,2026-06-13 02:20:07.409760+00:00,2026-06-13 02:20:07.409760+00:00
d8acf5ee-2395-41f9-b982-19ba382f9fe5,SKYLINE LANDFILL & RECYCLING FACILITY,anaerobic_digester,1201 N CENTRAL ST,FERRIS,TX,75125,ELLIS,32.547222,-96.673611,Unknown,Unknown,Unknown,,,,,,,42D,2026-06-13 02:19:41.329224+00:00,2026-06-13 02:19:41.329224+00:00
d8c077b1-f8aa-40a3-99c6-1c931db2c62e,Billingsley & Brooks,private_regional_septage_facility,149 Penn Road,Reidsville,NC,,Rockingham,36.2824713671,-79.634508627509,Yes,Unknown,Yes,,(336) 342-0608,,,,,NCS-01644,2026-06-13 02:20:14.798453+00:00,2026-06-13 02:20:14.798453+00:00
d8c9b453-8b8d-44a3-b2eb-77bce1790818,CITY OF BRECKENRIDGE MONOFILL,transfer_station,1548 FM 287,BRECKENRIDGE,TX,76424,STEPHENS,32.767729,-98.899226,Unknown,Unknown,Unknown,,,,,,,9000B,2026-06-13 02:19:41.329224+00:00,2026-06-13 02:19:41.329224+00:00
d9000f1b-c266-47e6-8dfa-4764bdd6f79d,ARANSAS COUNTY TRANFER STATION FACILITY,transfer_station,1301 PRAIRIE,FULTON,TX,78358,ARANSAS,30.3908,-97.67219,Unknown,Unknown,Unknown,,,,,,,40027,2026-06-13 02:19:52.391210+00:00,2026-06-13 02:19:52.391210+00:00
d93dc105-2910-4a58-8665-97122e02b041,MILITARY INSTALLATION COLLECTION AREA SITE 1250,transfer_station,,,,,EL PASO,31.816666,-106.423055,Unknown,Unknown,Unknown,,,,,,,120192,2026-06-13 02:19:52.391210+00:00,2026-06-13 02:19:52.391210+00:00
d96b661b-4cfe-46d2-b428-e3ec463cb90d,Pittman Plumbing,private_regional_septage_facility,761 Bat Cave Rd.,Old Fort,NC,,McDowell,35.619030303661,-82.177170621573,Unknown,Unknown,Unknown,,828.-44.2633,,,,,NCS-01782,2026-06-13 02:20:14.798453+00:00,2026-06-13 02:20:14.798453+00:00
d9baf652-95c8-4113-be00-e3e5808ad8c7,Town of Stovall WWTF,private_regional_septage_facility,,,NC,,Granville,,,Unknown,Unknown,Unknown,,,,https://edocs.deq.nc.gov/WaterResources/Search.aspx?dbid=0&searchcommand=%7B%5B%5D%3A%5BID%20%23%5D%3D%22WQ0014046%22%7D,,,WQ0014046,2026-06-13 02:20:02.366830+00:00,2026-06-13 02:20:02.366830+00:00
d9d0a04c-7f09-4d09-91f8-222784e08dd9,James Septic & Portable Toilet Serv LLC,private_regional_septage_facility,PO Box 84,Reidsville,NC,,Rockingham,,,Yes,Unknown,Yes,,(336) 349-9511,,,,,NCS-00719,2026-06-13 02:20:14.798453+00:00,2026-06-13 02:20:14.798453+00:00
d9eafd45-596c-411e-9f18-aa539b4aee17,COLD SPRINGS PROCESSING,private_regional_septage_facility,1300 COLD SPRINGS RD BLDG 2,FORT WORTH,TX,76102-1401,Tarrant,32.76908,-97.32732,Yes,Yes,Unknown,,,,,110005081295,TXR05FU43,1225D,2026-06-13 02:10:53.744888+00:00,2026-06-13 02:19:41.329224+00:00
da01ebf8-101c-4820-aa2c-6292ae44ef24,Town of Bladenboro WWIS,private_regional_septage_facility,,,NC,,Bladen,,,Unknown,Unknown,Unknown,,,,https://edocs.deq.nc.gov/WaterResources/Search.aspx?dbid=0&searchcommand=%7B%5B%5D%3A%5BID%20%23%5D%3D%22WQ0021311%22%7D,,,WQ0021311,2026-06-13 02:20:07.409760+00:00,2026-06-13 02:20:07.409760+00:00
da07db9a-c875-48a3-9626-15b20d546d52,Coastal Farms and Residuals RLAP,land_application_site,,,NC,,Pender,,,Unknown,Unknown,Unknown,,,,https://edocs.deq.nc.gov/WaterResources/Search.aspx?dbid=0&searchcommand=%7B%5B%5D%3A%5BID%20%23%5D%3D%22WQ0034806%22%7D,,,WQ0034806,2026-06-13 02:20:02.366830+00:00,2026-06-13 02:20:02.366830+00:00
da332d11-8709-4305-875e-cf922b1d0d2d,Pitt County Transfer Station (formerly 7404T-MWP-1996),transfer_station,3025 Landfill Road,Greenville,NC,27834,Pitt,35.596995,-77.431601,Unknown,Unknown,Unknown,,(252) 902-3355,,,,,7404-TRANSFER-1996,2026-06-13 02:20:07.409760+00:00,2026-06-13 02:20:07.409760+00:00
da63b03b-a0f0-4b9c-b35b-3c88db31c393,Hoke County Transfer Station,transfer_station,700 C.C. Steel Road,Raeford,NC,28376,Hoke,35.007341,-79.218221,Unknown,Unknown,Unknown,,(910) 603-6543,,,,,4702-TRANSFER-1994,2026-06-13 02:20:07.409760+00:00,2026-06-13 02:20:07.409760+00:00
da912018-f418-4725-817e-0fad58c1a536,Appalachian Earthworx,private_regional_septage_facility,128 Wheelon Way,Fairview,NC,,Buncombe,,,Yes,Unknown,Unknown,,(828)-230-8962,,,,,NCS-01838,2026-06-13 02:20:07.409760+00:00,2026-06-13 02:20:07.409760+00:00
dad15155-6209-4223-80a8-4170ce5c6362,CITY OF COPPERAS COVE TRANSFER STATION FACILITY,transfer_station,2605 S FM 116,COPPERAS COVE,TX,76522-4250,CORYELL,31.089,-97.90133,Unknown,Unknown,Unknown,,,,,110070376274,TXR05AV48,40145,2026-06-13 02:10:41.740925+00:00,2026-06-13 02:19:52.391210+00:00
daf5a9eb-4275-4a1f-bf78-bf54a231b72f,New Salem Elementary School WWTF,private_regional_septage_facility,,,NC,,Union,,,Unknown,Unknown,Unknown,,,,https://edocs.deq.nc.gov/WaterResources/Search.aspx?dbid=0&searchcommand=%7B%5B%5D%3A%5BID%20%23%5D%3D%22WQ0038608%22%7D,,,WQ0038608,2026-06-13 02:20:02.366830+00:00,2026-06-13 02:20:02.366830+00:00
db127b13-50d8-4f84-8ea2-80d4c2b113d3,CERRO ALTO COMPOST FACILITY,composting_facility,,,,,HUDSPETH,31.8686,-105.8922,Unknown,Unknown,Unknown,,,,,,,42036,2026-06-13 02:19:52.391210+00:00,2026-06-13 02:19:52.391210+00:00
db26a9b5-4874-4608-9a20-f5e281e76461,Monarch Mobile Restrooms,private_regional_septage_facility,1461 4th St,Bethlehem,NC,,Robeson,,,Unknown,Unknown,Yes,,(877)777-8027,,,,,NCS-01836,2026-06-13 02:20:14.798453+00:00,2026-06-13 02:20:14.798453+00:00
dbac5259-e1f0-4f56-9f80-faf75b53c71c,JMJ ORGANICS 1,composting_facility,23995 HIGHWAY 59,PORTER,TX,77365,MONTGOMERY,32.100228,-95.236386,Unknown,Unknown,Unknown,,,,,,,100585,2026-06-13 02:19:52.391210+00:00,2026-06-13 02:19:52.391210+00:00
dbdd9df1-bffa-402a-b8e0-e868cf8e3172,CITY OF JASPER TRANSFER STATION FACILITY,transfer_station,210 TEMPLE DR,JASPER,TX,75951,JASPER,30.943506,-93.998553,Unknown,Unknown,Unknown,,,,,,,40044,2026-06-13 02:19:52.391210+00:00,2026-06-13 02:19:52.391210+00:00
dbf40c55-39a8-4eff-b9b1-1e98484754a4,CITY OF NAVASOTA CITIZENS COLLECTION STATION,transfer_station,501 N 5TH ST,NAVASOTA,TX,77868,GRIMES,30.386525,-96.098089,Unknown,Unknown,Unknown,,,,,,,120171,2026-06-13 02:19:52.391210+00:00,2026-06-13 02:19:52.391210+00:00
dc16a8b0-b319-4755-8027-55ab9e35d018,421 Feed Mill Trailer Wash WWTF,private_regional_septage_facility,,,NC,,Sampson,,,Unknown,Unknown,Unknown,,,,https://edocs.deq.nc.gov/WaterResources/Search.aspx?dbid=0&searchcommand=%7B%5B%5D%3A%5BID%20%23%5D%3D%22WQ0037185%22%7D,,,WQ0037185,2026-06-13 02:20:02.366830+00:00,2026-06-13 02:20:02.366830+00:00
dc6d932e-28df-484a-ba31-52b3ba3c422e,DOUBLE BAYOU CITIZENS COLLECTION STATION,transfer_station,2817 EAGLE FERRY RD,ANAHUAC,TX,77514,CHAMBERS,29.6605,-94.6802,Unknown,Unknown,Unknown,,,,,,,120030,2026-06-13 02:19:52.391210+00:00,2026-06-13 02:19:52.391210+00:00
dc86a98b-c52a-4974-b51e-d30f0caf75b0,CITY OF MISSION,transfer_station,,,,,HIDALGO,,,Unknown,Unknown,Unknown,,,,,,,120190,2026-06-13 02:19:52.391210+00:00,2026-06-13 02:19:52.391210+00:00
dcbd8d09-5771-4580-b6e1-182eb9d8cfb5,WESTSIDE LANDFILL GAS TO ELECTRIC FACILITY,anaerobic_digester,12280 CAMP BOWIE WEST BLVD,ALEDO,TX,76008,TARRANT,32.715833,-97.533611,Unknown,Unknown,Unknown,,,,,,,48027,2026-06-13 02:19:41.329224+00:00,2026-06-13 02:19:41.329224+00:00
dcf9eb32-af5f-42d4-95bd-c91453f23fa0,IESI BLANCO COUNTY TRANSFER STATION,transfer_station,ON 2 MILES SE OF THE INTERSECTION OF US HIGHWAY 28,JOHNSON CITY,TX,78636,Blanco,30.2525,-98.38333,Unknown,Unknown,Unknown,,,,,110033973822,TXR05AP40,2300,2026-06-13 02:12:46.409770+00:00,2026-06-13 02:19:52.391210+00:00
dd2656cd-752f-44f9-bd3a-ee77a6e22aeb,Handy's Septic,private_regional_septage_facility,13040 A. L. Philpott Hwy.,Martinsville,NC,,Rockingham,36.66214038785,-79.885043898582,Yes,Yes,Unknown,,(276) 638-5240,,,,,NCS-00745,2026-06-13 02:20:14.798453+00:00,2026-06-13 02:20:14.798453+00:00
dd4ae0cd-0e46-4929-beda-8ca17434ecbc,CITY OF KENNARD TRANSFER STATION,transfer_station,,,,,HOUSTON,31.2561,-95.3675,Unknown,Unknown,Unknown,,,,,,,120101,2026-06-13 02:19:52.391210+00:00,2026-06-13 02:19:52.391210+00:00
dd4b79c5-8fbf-4fcb-a903-d3d93cbdd2b4,Ketcham Septic Tank,private_regional_septage_facility,PO Box 1223,Welcome,NC,,Davidson,,,Yes,Unknown,Unknown,,(336) 731-4330,,,,,NCS-00167,2026-06-13 02:20:07.409760+00:00,2026-06-13 02:20:07.409760+00:00
dd5eebab-149c-4e4f-acd7-02b1bc4736aa,Camp Sea Gull WWTF,private_regional_septage_facility,,,NC,,Pamlico,,,Unknown,Unknown,Unknown,,,,https://edocs.deq.nc.gov/WaterResources/Search.aspx?dbid=0&searchcommand=%7B%5B%5D%3A%5BID%20%23%5D%3D%22WQ0007143%22%7D,,,WQ0007143,2026-06-13 02:20:02.366830+00:00,2026-06-13 02:20:02.366830+00:00
dd61a1f1-56d1-4575-87fb-e30a9f44e4a0,Meridian Waste,private_regional_septage_facility,PO Box 37010,Raleigh,NC,,Wake,,,Unknown,Unknown,Yes,,(919) 832-8234,,,,,NCS-01610,2026-06-13 02:20:14.798453+00:00,2026-06-13 02:20:14.798453+00:00
dd9ec472-5f95-408c-9a0c-235dee45aaf5,PASCON / P&S Construction Co. INC,private_regional_septage_facility,2111 Two Notch Road,Lexington,NC,,Gaston,,,Unknown,Yes,Unknown,,(803) 359-9334,,,,,NCS-01450,2026-06-13 02:20:07.409760+00:00,2026-06-13 02:20:07.409760+00:00
dda18b81-5995-41c2-8368-cb73fee0ba91,Richmond County Transfer Facility,transfer_station,191 Walter Kelly Road,Rockingham,NC,28379,Richmond,35.014495,-79.806381,Unknown,Unknown,Unknown,,(910) 997-8338,,,,,7703T-TRANSFER-1994,2026-06-13 02:20:07.409760+00:00,2026-06-13 02:20:07.409760+00:00
dda9e5ec-5c46-47aa-be53-5fec64ec36f6,HIS SOILS TECHNOLOGY,composting_facility,8855 GULF FWY,HOUSTON,TX,77017,HARRIS,29.988888,-95.423611,Unknown,Unknown,Unknown,,,,,,,100081,2026-06-13 02:19:52.391210+00:00,2026-06-13 02:19:52.391210+00:00
de2d6faf-f29e-4ecd-9119-a1923a4a4067,Highway 49 C&D Landfill & Recycling Greenway Waste,composting_facility,2105 Speedrail Court,Concord,NC,28025,Cabarrus,35.3389,-80.6103,Unknown,Unknown,Unknown,,(704) 201-5944,,,,,1306-TP-2019,2026-06-13 02:20:07.409760+00:00,2026-06-13 02:20:07.409760+00:00
de33609f-267a-422d-bdf4-8520702e8875,CITY OF HALLETTSVILLE TRANSFER STATION FACILITY,transfer_station,804 COUNTY ROAD 201,HALLETTSVILLE,TX,77964-9500,LAVACA,29.453569,-96.906197,Unknown,Unknown,Unknown,,,,,110070357941,TXRNEAK72,40011,2026-06-13 02:10:41.740925+00:00,2026-06-13 02:19:52.391210+00:00
de34b091-71a0-42d3-9d38-9a3366c446f0,Pro Service Septic,private_regional_septage_facility,681 Brooks Road,Bostic,NC,,Rutherford,35.451389939334,-81.838711967595,Unknown,Unknown,Unknown,,828.-42.7307,,,,,NCS-00667,2026-06-13 02:20:14.798453+00:00,2026-06-13 02:20:14.798453+00:00
de8a1b4f-9cd5-49c1-9f1d-9cf59a403f7c,North State Pumping Service,private_regional_septage_facility,387 R.B. Sink Rd,Lexington,NC,,Davidson,35.838303768302,-80.293098559317,Yes,Yes,Unknown,,(336) 787-4184,,,,,NCS-00330,2026-06-13 02:20:07.409760+00:00,2026-06-13 02:20:07.409760+00:00
de8cd507-a7bc-4dc5-8467-c54b7719ce78,Lance Professional Services,private_regional_septage_facility,679 Buckeye Cove Rd,Canton,NC,,Haywood,35.56605056532,-82.853006483108,Yes,Unknown,Unknown,,(828) 508-6683,,,,,NCS-01652,2026-06-13 02:20:07.409760+00:00,2026-06-13 02:20:07.409760+00:00
de9072af-f588-48c4-b4cc-280ee77bfcba,Suttle Septic LLC,private_regional_septage_facility,899 Salem Church Rd,Bostic,NC,,Rutherford,35.400226984642,-81.795812787024,Yes,Unknown,Unknown,,828.-44.3770,,,,,NCS-01826,2026-06-13 02:20:14.798453+00:00,2026-06-13 02:20:14.798453+00:00
de9a680d-ae09-493d-8c71-5cc6476cd1ae,FUJIFILM Diosynth Biotechnologies - Galaxy Campus CUS,potw_receiving_station,,,NC,,Wake,,,Unknown,Unknown,Unknown,,,,https://edocs.deq.nc.gov/WaterResources/Search.aspx?dbid=0&searchcommand=%7B%5B%5D%3A%5BID%20%23%5D%3D%22WQ0044713%22%7D,,,WQ0044713,2026-06-13 02:20:07.409760+00:00,2026-06-13 02:20:07.409760+00:00
dece0e1e-6397-442c-bc90-8581ae1e473a,Dean Brooks Farm,composting_facility,1193 Beal Road,Goldston,NC,27252,Chatham,35.551634,-79.375432,Unknown,Unknown,Unknown,,(919) 842-6063,,,,,1905-COMPOST-,2026-06-13 02:20:07.409760+00:00,2026-06-13 02:20:07.409760+00:00
decefb9a-59fa-4073-b47e-47731b57f5cb,Rainbow Trailer Wash WWTF,private_regional_septage_facility,,,NC,,Duplin,,,Unknown,Unknown,Unknown,,,,https://edocs.deq.nc.gov/WaterResources/Search.aspx?dbid=0&searchcommand=%7B%5B%5D%3A%5BID%20%23%5D%3D%22WQ0013921%22%7D,,,WQ0013921,2026-06-13 02:20:07.409760+00:00,2026-06-13 02:20:07.409760+00:00
deffd754-7fe5-46b3-b8b1-02c967e22149,CITY OF SHERMAN TRANSFER STATION,transfer_station,811 S EAST ST,SHERMAN,TX,75090,GRAYSON,33.64,-96.6,Unknown,Unknown,Unknown,,,,,,,1136,2026-06-13 02:19:41.329224+00:00,2026-06-13 02:19:41.329224+00:00
df097dd7-ec94-4bcb-86f8-74304732b45a,ARLINGTON DISPOSAL TRANSFER STATION FACILITY,transfer_station,1212 HARRISON AVE,ARLINGTON,TX,76011,TARRANT,32.737777,-97.091944,Unknown,Unknown,Unknown,,,,,,,2136A,2026-06-13 02:19:41.329224+00:00,2026-06-13 02:19:41.329224+00:00
df20e685-6f45-4243-a476-d4ebee418331,Fairview Elementary School WWTF,private_regional_septage_facility,,,NC,,Union,,,Unknown,Unknown,Unknown,,,,https://edocs.deq.nc.gov/WaterResources/Search.aspx?dbid=0&searchcommand=%7B%5B%5D%3A%5BID%20%23%5D%3D%22WQ0018497%22%7D,,,WQ0018497,2026-06-13 02:20:02.366830+00:00,2026-06-13 02:20:02.366830+00:00
df26a745-9936-4f90-9eab-bfd89799aaa5,Town of Edenton WWTF,private_regional_septage_facility,,,NC,,Chowan,,,Unknown,Unknown,Unknown,,,,https://edocs.deq.nc.gov/WaterResources/Search.aspx?dbid=0&searchcommand=%7B%5B%5D%3A%5BID%20%23%5D%3D%22WQ0004332%22%7D,,,WQ0004332,2026-06-13 02:20:07.409760+00:00,2026-06-13 02:20:07.409760+00:00
df5669b3-074b-42ac-be69-4b7e0ce488c8,Total Enviro,private_regional_septage_facility,2189 Everette Dowdy Rd.,Sanford,NC,,Lee,35.57203438551,-79.226248847653,Yes,Unknown,Unknown,,(919) 356-8950,,,,,NCS-01525,2026-06-13 02:20:14.798453+00:00,2026-06-13 02:20:14.798453+00:00
df857ef3-7303-41c2-b639-a0e721d9bdd9,Kivett & Son Inc,private_regional_septage_facility,PO Box 2918,Asheboro,NC,,Randolph,,,Yes,Yes,Unknown,,(336) 629-3263,,,,,NCS-00554,2026-06-13 02:20:14.798453+00:00,2026-06-13 02:20:14.798453+00:00
dfc7a72a-224c-4671-af3b-cd7846434583,5532A Holt Cross Rd. SFR,private_regional_septage_facility,,,NC,,Alamance,,,Unknown,Unknown,Unknown,,,,https://edocs.deq.nc.gov/WaterResources/Search.aspx?dbid=0&searchcommand=%7B%5B%5D%3A%5BID%20%23%5D%3D%22WQ0006027%22%7D,,,WQ0006027,2026-06-13 02:20:02.366830+00:00,2026-06-13 02:20:02.366830+00:00
dfcab6ef-73cd-4786-ab50-5ee6567ef9b7,Mecklenburg County Compost Central,composting_facility,5631 West Blvd.,Charlotte,NC,28217,Mecklenburg,35.194021,-80.953461,Unknown,Unknown,Unknown,,(980) 314-3873,,,,,6012-COMPOST-1991,2026-06-13 02:20:07.409760+00:00,2026-06-13 02:20:07.409760+00:00
e0047865-c5c2-41b3-91ac-a31b51f3a595,Cheek Wastewater Solutions,private_regional_septage_facility,1212 Jim Gilliand Rd,Siler City,NC,,Chatham,35.63637513569,-79.539951912568,Yes,Unknown,Unknown,,(336) 953-6801,,,,,NCS-01565,2026-06-13 02:20:07.409760+00:00,2026-06-13 02:20:07.409760+00:00
e00a10d3-40c5-407d-832f-47812781ccb0,Robinson Septic Tank Cleaning,private_regional_septage_facility,2166 Big Neck Rd NW,Ash,NC,,Brunswick,34.016009560677,-78.46340483402,Yes,Yes,Unknown,,(910) 755-7670,,,,,NCS-00033,2026-06-13 02:20:07.409760+00:00,2026-06-13 02:20:07.409760+00:00
e012d7ec-ecf5-4bc3-912a-c133ba8cc828,WESTWOOD SHORES PROPERTY OWNERS ASSOCIATION,transfer_station,205 WESTWOOD DR E,TRINITY,TX,75862,TRINITY,30.939544,-95.311178,Unknown,Unknown,Unknown,,,,,,,110020,2026-06-13 02:19:52.391210+00:00,2026-06-13 02:19:52.391210+00:00
e0273df5-1bf5-45cc-b68a-9f38a9908c87,Twelve Oaks Conjunctive Utilization System,potw_receiving_station,,,NC,,Wake,,,Unknown,Unknown,Unknown,,,,https://edocs.deq.nc.gov/WaterResources/Search.aspx?dbid=0&searchcommand=%7B%5B%5D%3A%5BID%20%23%5D%3D%22WQ0039842%22%7D,,,WQ0039842,2026-06-13 02:20:02.366830+00:00,2026-06-13 02:20:02.366830+00:00
e027c987-459b-4dc8-aff4-9ac2a1e9e776,David Sumner Pumping Service,private_regional_septage_facility,3141 Sumner Road,Trinity,NC,,Randolph,35.824547705367,-79.967716904301,Yes,Unknown,Unknown,,(336) 434-6241,,,,,NCS-00364,2026-06-13 02:20:14.798453+00:00,2026-06-13 02:20:14.798453+00:00
e040fed9-e8b7-4026-a818-98ea61946c63,Waste Management Of Raleigh/Durham Transfer Station,transfer_station,10411 Globe Road,Morrisville,NC,27560,Wake,35.893317,-78.803819,Unknown,Unknown,Unknown,,(919) 930-0125,,,,,9215T-TRANSFER-1994,2026-06-13 02:20:07.409760+00:00,2026-06-13 02:20:07.409760+00:00
e04519ef-790c-4003-b5a6-b30f61de8c4b,Town of Beaufort RLAP,land_application_site,,,NC,,Carteret,,,Unknown,Unknown,Unknown,,,,https://edocs.deq.nc.gov/WaterResources/Search.aspx?dbid=0&searchcommand=%7B%5B%5D%3A%5BID%20%23%5D%3D%22WQ0006017%22%7D,,,WQ0006017,2026-06-13 02:20:02.366830+00:00,2026-06-13 02:20:02.366830+00:00
e07b37b4-df41-47c9-b3e9-1cca15763557,GLEN ROSE CITIZEN CONVENIENCE STATION,transfer_station,1256 N FM 56,GLEN ROSE,TX,76033,SOMERVELL,32.239411,-97.7662,Unknown,Unknown,Unknown,,,,,,,120146,2026-06-13 02:19:52.391210+00:00,2026-06-13 02:19:52.391210+00:00
e09a6663-d215-4f64-9940-cc53d66fea72,Quality Home Consultants,private_regional_septage_facility,PO Box 583,Mountain Home,NC,,Henderson,,,Unknown,Unknown,Unknown,,(828) 687-7221,,,,,NCS-01542,2026-06-13 02:20:07.409760+00:00,2026-06-13 02:20:07.409760+00:00
e09f262e-1aef-4ca1-bc96-9cb75e183ae3,Fayetteville Steet Reuse Booster Pump Station,potw_receiving_station,,,NC,,Wake,,,Yes,Unknown,Yes,,,,https://edocs.deq.nc.gov/WaterResources/Search.aspx?dbid=0&searchcommand=%7B%5B%5D%3A%5BID%20%23%5D%3D%22WQ0033987%22%7D,,,WQ0033987,2026-06-13 02:20:07.409760+00:00,2026-06-13 02:20:07.409760+00:00
e0a224bc-102b-4e37-8523-62c7f9eb0523,TOLEDO BEND SITE 31,transfer_station,9550 RECREATION ROAD 255 EAST,BURKERVILLE,TX,75932,NEWTON,31.15417,-93.585,Unknown,Unknown,Unknown,,,,,,,120059,2026-06-13 02:19:52.391210+00:00,2026-06-13 02:19:52.391210+00:00
e0bc0fe8-4482-462c-b80e-2ece3a26a8c7,First Response Septic Service LLC,private_regional_septage_facility,1699 US Highway 70,Connelly Springs,NC,,Burke,35.729441484942,-81.484665708931,Yes,Yes,Unknown,,(828)390-0942,,,,,NCS-01810,2026-06-13 02:20:07.409760+00:00,2026-06-13 02:20:07.409760+00:00
e0c12f7e-cf8a-4fc5-a101-9d3771d54cd8,Craven Ag Services Inc,private_regional_septage_facility,2115 Hwy 55 West,New Bern,NC,,Craven,35.16668333743,-77.160914051132,Yes,Yes,Yes,,(252) 633-5334,,,,,NCS-00912,2026-06-13 02:20:07.409760+00:00,2026-06-13 02:20:07.409760+00:00
e0d97810-123a-40c1-a394-fee5a0434c1b,"Cary, Town of Transfer Station",transfer_station,313 North Dixon Avenue,Cary,NC,27512,Wake,35.790357,-78.789521,Unknown,Unknown,Unknown,,(919) 462-2069,,,,,9211T-TRANSFER-1990,2026-06-13 02:20:07.409760+00:00,2026-06-13 02:20:07.409760+00:00
e1039d1e-f399-4364-9319-84ddec9d5adf,UNC Charlotte CUS,potw_receiving_station,,,NC,,Mecklenburg,,,Unknown,Unknown,Unknown,,,,https://edocs.deq.nc.gov/WaterResources/Search.aspx?dbid=0&searchcommand=%7B%5B%5D%3A%5BID%20%23%5D%3D%22WQ0045961%22%7D,,,WQ0045961,2026-06-13 02:20:02.366830+00:00,2026-06-13 02:20:02.366830+00:00
e1126ac7-f61c-4195-9b00-68d8162a7261,CITY OF ARLINGTON LANDFILL GAS PROCESSING FACILITY,anaerobic_digester,800 MOSIER VALLEY RD,ARLINGTON,TX,76155,TARRANT,,,Unknown,Unknown,Unknown,,,,,,,48044,2026-06-13 02:19:41.329224+00:00,2026-06-13 02:19:41.329224+00:00
e11b6467-f0fe-440c-96df-374eb70c9c30,Rose Hill Plantation WWTP,private_regional_septage_facility,,,NC,,Buncombe,,,Unknown,Unknown,Unknown,,,,https://edocs.deq.nc.gov/WaterResources/Search.aspx?dbid=0&searchcommand=%7B%5B%5D%3A%5BID%20%23%5D%3D%22WQ0032016%22%7D,,,WQ0032016,2026-06-13 02:20:02.366830+00:00,2026-06-13 02:20:02.366830+00:00
e11b86f7-4ccd-4a18-838d-0a69016a2c83,Affordable Septic & Grease Pumping,private_regional_septage_facility,PO Box 395,Walkertown,NC,,Forsyth,,,Yes,Yes,Yes,,(336) 462-6228,,,,,NCS-00997,2026-06-13 02:20:07.409760+00:00,2026-06-13 02:20:07.409760+00:00
e14596c4-3760-4008-a565-0ee35fc4d026,Zebra Recovery,private_regional_septage_facility,310 Haley Meadows Drive,Moncure,NC,,Chatham,35.647596085401,-79.100704340855,Unknown,Unknown,Unknown,,(919) 752-7111,,,,,NCS-01673,2026-06-13 02:20:07.409760+00:00,2026-06-13 02:20:07.409760+00:00
e161928b-bd76-48df-ad27-dbaa5ad2e5c8,B & L Construction & Septic Service,private_regional_septage_facility,78 S Denise Ave,Coats,NC,,Harnett,35.403023190053,-78.665445035674,Yes,Unknown,Unknown,,(910)309-0146,,,,,NCS-01829,2026-06-13 02:20:07.409760+00:00,2026-06-13 02:20:07.409760+00:00
e173d792-c069-4df3-bb43-a0de14e6ffa9,Martin Marietta WRF,potw_receiving_station,,,NC,,Craven,,,Unknown,Unknown,Unknown,,,,https://edocs.deq.nc.gov/WaterResources/Search.aspx?dbid=0&searchcommand=%7B%5B%5D%3A%5BID%20%23%5D%3D%22WQ0017635%22%7D,,,WQ0017635,2026-06-13 02:20:02.366830+00:00,2026-06-13 02:20:02.366830+00:00
e17468d2-bc5d-4291-8e6b-1f7a91afcf67,Twelve Oaks - Phase 9 - New Hill Rd.,potw_receiving_station,,,NC,,Wake,,,Unknown,Unknown,Unknown,,,,https://edocs.deq.nc.gov/WaterResources/Search.aspx?dbid=0&searchcommand=%7B%5B%5D%3A%5BID%20%23%5D%3D%22WQ0040100%22%7D,,,WQ0040100,2026-06-13 02:20:07.409760+00:00,2026-06-13 02:20:07.409760+00:00
e175f797-8241-46bc-b5ab-ef31199e8bbb,Lake Toxaway Country Club WWTP,potw_receiving_station,,,NC,,Transylvania,,,Unknown,Unknown,Unknown,,,,https://edocs.deq.nc.gov/WaterResources/Search.aspx?dbid=0&searchcommand=%7B%5B%5D%3A%5BID%20%23%5D%3D%22WQ0000731%22%7D,,,WQ0000731,2026-06-13 02:20:02.366830+00:00,2026-06-13 02:20:02.366830+00:00
e18dc850-4e5f-412a-aaaf-368ff4b229f1,FORT HOOD BIOTREATMENT FACILITY,transfer_station,700 N 37TH ST,FORT CAVAZOS,TX,76544,CORYELL,31.147777,-97.758055,Unknown,Unknown,Unknown,,,,,,,42040,2026-06-13 02:19:52.391210+00:00,2026-06-13 02:19:52.391210+00:00
e1956915-d8d0-4c49-ae83-8e2f718106fa,Franklin,potw_receiving_station,,,NC,,Franklin,36.095719,-78.284454,Unknown,Unknown,Unknown,,,,https://edocs.deq.nc.gov/WaterResources/Search.aspx?dbid=0&searchcommand=%7B%5B%5D%3A%5BID%20%23%5D%3D%22WQ0021734%22%7D,,,WQ0021734,2026-06-13 02:09:01.189307+00:00,2026-06-13 02:20:02.366830+00:00
e1bd50b7-4d70-47e7-93e6-e31cf1d7eaf7,TEXAS DEPARTMENT OF CRIMINAL JUSTICE COFFIELD TRANSFER STATION FACILITY,transfer_station,,,,,ANDERSON,31.796578,-95.660682,Unknown,Unknown,Unknown,,,,,,,40006,2026-06-13 02:19:52.391210+00:00,2026-06-13 02:19:52.391210+00:00
e1c120ab-2fe1-4324-b426-bff0e5b8fa28,Summey Portable Restrooms,private_regional_septage_facility,2805 Miller Road,Hillsborough,NC,,Orange,36.121045073699,-79.066844076183,Yes,Unknown,Yes,,(919) 259-6266,,,,,NCS-01385,2026-06-13 02:20:14.798453+00:00,2026-06-13 02:20:14.798453+00:00
e1d19324-9e66-419e-b9d3-d77ff85e47db,SAN PATRICIO COUNTY PRECINCT 3,transfer_station,119 N ATASCOSA ST,MATHIS,TX,78368,SAN PATRICIO,28.096529,-97.830977,Unknown,Unknown,Unknown,,,,,,,120188,2026-06-13 02:19:52.391210+00:00,2026-06-13 02:19:52.391210+00:00
e1dc4191-1cea-4cc1-8723-59a24db6fe0e,POTEETS DIRT YARD,composting_facility,,,,,HARRIS,30.5528,-95.10861,Unknown,Unknown,Unknown,,,,,,,100087,2026-06-13 02:19:52.391210+00:00,2026-06-13 02:19:52.391210+00:00
e201f350-0b16-4b6d-b270-3703becfc05c,Cruse Meat Processing WWTF,private_regional_septage_facility,,,NC,,Cabarrus,,,Unknown,Unknown,Unknown,,,,https://edocs.deq.nc.gov/WaterResources/Search.aspx?dbid=0&searchcommand=%7B%5B%5D%3A%5BID%20%23%5D%3D%22WQ0034201%22%7D,,,WQ0034201,2026-06-13 02:20:02.366830+00:00,2026-06-13 02:20:02.366830+00:00
e2123833-7692-4c9d-b858-d592fa407e05,Chapel Ridge WWTP,potw_receiving_station,,,NC,,Chatham,,,Unknown,Unknown,Unknown,,,,https://edocs.deq.nc.gov/WaterResources/Search.aspx?dbid=0&searchcommand=%7B%5B%5D%3A%5BID%20%23%5D%3D%22WQ0022870%22%7D,,,WQ0022870,2026-06-13 02:20:02.366830+00:00,2026-06-13 02:20:02.366830+00:00
e269da51-1218-4874-81d8-8189049f3a1f,"Hickory, City of Compost Facility",composting_facility,702 Cloninger Mill Road,Hickory,NC,28601,Catawba,35.786091,-81.304311,Unknown,Unknown,Unknown,,(828) 323-7439,,,,,1806-COMPOST-,2026-06-13 02:20:07.409760+00:00,2026-06-13 02:20:07.409760+00:00
e26f81fd-7ec7-41aa-91d7-64e8b7728793,City of Burlington Class A Residuals Program,land_application_site,,,NC,,Alamance,,,Unknown,Unknown,Unknown,,,,https://edocs.deq.nc.gov/WaterResources/Search.aspx?dbid=0&searchcommand=%7B%5B%5D%3A%5BID%20%23%5D%3D%22WQ0021632%22%7D,,,WQ0021632,2026-06-13 02:20:02.366830+00:00,2026-06-13 02:20:02.366830+00:00
e2e63bdd-ea21-4fd3-84d9-b26304a8a371,Graham County Transfer Station,transfer_station,400 Snowbird Road,Robbinsville,NC,28771,Graham,35.314881,-83.814571,Yes,Unknown,Unknown,,(828) 479-9369,,,,,3803-TRANSFER-,2026-06-13 02:20:07.409760+00:00,2026-06-13 02:20:07.409760+00:00
e2f54bdb-d612-430f-801e-29b4d452744f,BCWCID 1 REGIONAL COMPOST FACILITY,composting_facility,,,,,BELL,31.008333,-97.743888,Unknown,Unknown,Unknown,,,,,,,42035,2026-06-13 02:19:52.391210+00:00,2026-06-13 02:19:52.391210+00:00
e32fc8b7-df51-4ad5-a52c-7b4903151e48,AAA City Plumbing,private_regional_septage_facility,"9800 Metcalf Ave, 5th Floor",Overland Park,NC,,Mecklenburg,,,Yes,Yes,Unknown,,(704) 544-1909,,,,,NCS-01175,2026-06-13 02:20:14.798453+00:00,2026-06-13 02:20:14.798453+00:00
e355f3c2-4a75-4c8d-9f0e-9564182019f6,LITTLEFIELD CITIZENS COLLECTION STATION,transfer_station,301 XIT DR,LITTLEFIELD,TX,79339,LAMB,33.970833,-102.248333,Unknown,Unknown,Unknown,,,,,,,120147,2026-06-13 02:19:41.329224+00:00,2026-06-13 02:19:41.329224+00:00
e3b9c498-b8ba-4564-85c6-a27792219e98,"NC Septic & Pump Specialist, LLC",private_regional_septage_facility,1000 Robinhood Lane,Kannapolis,NC,,Cabarrus,35.472793016064,-80.640636781918,Yes,Unknown,Unknown,,(704) 491-5619,,,,,NCS-01712,2026-06-13 02:20:07.409760+00:00,2026-06-13 02:20:07.409760+00:00
e423fdf0-7510-48af-b0a4-e0a71a8df705,CITY OF MIDLAND WEST CITIZEN COLLECTION STATION,transfer_station,6400 W HIGHWAY 80,MIDLAND,TX,79706,MIDLAND,31.955833,-102.158333,Unknown,Unknown,Unknown,,,,,,,120187,2026-06-13 02:19:52.391210+00:00,2026-06-13 02:19:52.391210+00:00
e42c8d33-ce5a-47cf-8cb4-b8ce5b3edca3,Cotton Patch Campground,private_regional_septage_facility,41697 Gurley Road,New London,NC,,Stanly,35.435523560264,-80.186329090617,Unknown,Unknown,Unknown,,(813) 317-9445,,,,,NCS-01674,2026-06-13 02:20:14.798453+00:00,2026-06-13 02:20:14.798453+00:00
e44b2ec9-ba91-4f3b-bcad-fda1909acf54,Sutton's Retirement Center WWTF,private_regional_septage_facility,,,NC,,Wayne,,,Unknown,Unknown,Unknown,,,,https://edocs.deq.nc.gov/WaterResources/Search.aspx?dbid=0&searchcommand=%7B%5B%5D%3A%5BID%20%23%5D%3D%22WQ0024577%22%7D,,,WQ0024577,2026-06-13 02:20:07.409760+00:00,2026-06-13 02:20:07.409760+00:00
e44b4fe5-2b32-4846-a339-5eb13146f2e8,Burnt Poplar Transfer Station,transfer_station,6313 Burnt Popular Road,Greensboro,NC,27409,Guilford,36.07157,-79.92496,Unknown,Unknown,Unknown,,(336) 867-9998,,,,,4122T-TRANSFER-2012,2026-06-13 02:20:07.409760+00:00,2026-06-13 02:20:07.409760+00:00
e47792b0-8637-41f1-af98-2d0d7a867715,Holly Ridge WWTF,private_regional_septage_facility,,,NC,,Onslow,,,Unknown,Unknown,Unknown,,,,https://edocs.deq.nc.gov/WaterResources/Search.aspx?dbid=0&searchcommand=%7B%5B%5D%3A%5BID%20%23%5D%3D%22WQ0019907%22%7D,,,WQ0019907,2026-06-13 02:20:07.409760+00:00,2026-06-13 02:20:07.409760+00:00
e47f1a5e-862f-4be4-ae1d-ef6a67ac94b6,CITY OF COMPOST DIVISION - PLANO PURE PRODUCTS,composting_facility,5304 FM 545,MELISSA,TX,75454,COLLIN,33.191372,-96.459,Unknown,Unknown,Unknown,,,,,,,47024,2026-06-13 02:19:52.391210+00:00,2026-06-13 02:19:52.391210+00:00
e4864759-04f5-40b8-bc12-0be38b0d0277,City of Monroe WWTP,potw_receiving_station,,,NC,,Union,,,Yes,Unknown,Unknown,,,,https://edocs.deq.nc.gov/WaterResources/Search.aspx?dbid=0&searchcommand=%7B%5B%5D%3A%5BID%20%23%5D%3D%22WQ0032605%22%7D,,,WQ0032605,2026-06-13 02:20:02.366830+00:00,2026-06-13 02:20:02.366830+00:00
e4a74192-63ea-4e1f-b8dc-3be3d1322885,Roanoke Rapids Sanitary District RLAP,land_application_site,,,NC,,Halifax,,,Unknown,Unknown,Unknown,,,,https://edocs.deq.nc.gov/WaterResources/Search.aspx?dbid=0&searchcommand=%7B%5B%5D%3A%5BID%20%23%5D%3D%22WQ0001989%22%7D,,,WQ0001989,2026-06-13 02:20:02.366830+00:00,2026-06-13 02:20:02.366830+00:00
e4caf206-0509-4011-9d97-cac159c8ae36,"Race City Residential Services, LLC DBA. The SepTechs",private_regional_septage_facility,114 Peregrin ct.,Mooresville,NC,,Iredell,35.548494626454,-80.933660819634,Yes,Unknown,Unknown,,704.-67.2630,,,,,NCS-01787,2026-06-13 02:20:14.798453+00:00,2026-06-13 02:20:14.798453+00:00
e4d41279-3bbe-4f9a-a51d-d5c825cbf5c6,JNKC Enterprises LLC,private_regional_septage_facility,197 Jane Sowers Road,Statesville,NC,,Iredell,35.833371862682,-80.866055574456,Unknown,Unknown,Yes,,(980) 248-3952,,,,,NCS-01717,2026-06-13 02:20:14.798453+00:00,2026-06-13 02:20:14.798453+00:00
e4fdb502-daa4-4912-9198-54d425452019,The Preserve at Jordan Lake WWTP,potw_receiving_station,,,NC,,Chatham,,,Unknown,Unknown,Unknown,,,,https://edocs.deq.nc.gov/WaterResources/Search.aspx?dbid=0&searchcommand=%7B%5B%5D%3A%5BID%20%23%5D%3D%22WQ0018146%22%7D,,,WQ0018146,2026-06-13 02:20:02.366830+00:00,2026-06-13 02:20:02.366830+00:00
e51901d0-460d-48ca-a6fa-6251362adf30,Santeetlah Lakeside WWTP,potw_receiving_station,,,NC,,Graham,,,Unknown,Unknown,Unknown,,,,https://edocs.deq.nc.gov/WaterResources/Search.aspx?dbid=0&searchcommand=%7B%5B%5D%3A%5BID%20%23%5D%3D%22WQ0031396%22%7D,,,WQ0031396,2026-06-13 02:20:02.366830+00:00,2026-06-13 02:20:02.366830+00:00
e550437b-a6c9-45d1-85a8-c3a215e5d68c,Leathermans Septic Tank LLC,private_regional_septage_facility,8408 Reepsville Road,Lincolnton,NC,,Catawba,35.58624618153,-81.322539820663,Yes,Unknown,Unknown,,(828) 228-8638,,,,,NCS-00236,2026-06-13 02:20:07.409760+00:00,2026-06-13 02:20:07.409760+00:00
e567901e-886b-47d0-8417-68a606cddedc,Chatham Parkway Reclaimed Water Line Extension,potw_receiving_station,,,NC,,Chatham,,,Unknown,Unknown,Unknown,,,,https://edocs.deq.nc.gov/WaterResources/Search.aspx?dbid=0&searchcommand=%7B%5B%5D%3A%5BID%20%23%5D%3D%22WQ0040392%22%7D,,,WQ0040392,2026-06-13 02:20:02.366830+00:00,2026-06-13 02:20:02.366830+00:00
e5b1bc22-be1e-4519-b6ee-d9ea04ac777b,UNC Hospitals Amberly Wellness Center,potw_receiving_station,,,NC,,Wake,,,Unknown,Unknown,Unknown,,,,https://edocs.deq.nc.gov/WaterResources/Search.aspx?dbid=0&searchcommand=%7B%5B%5D%3A%5BID%20%23%5D%3D%22WQ0036152%22%7D,,,WQ0036152,2026-06-13 02:20:07.409760+00:00,2026-06-13 02:20:07.409760+00:00
e5c2aecf-56a8-4b03-988a-692d2d6a617c,Town of La Grange Class B Residuals Program,land_application_site,,,NC,,Lenoir,,,Unknown,Unknown,Unknown,,,,https://edocs.deq.nc.gov/WaterResources/Search.aspx?dbid=0&searchcommand=%7B%5B%5D%3A%5BID%20%23%5D%3D%22WQ0010488%22%7D,,,WQ0010488,2026-06-13 02:20:07.409760+00:00,2026-06-13 02:20:07.409760+00:00
e5c36140-dd1e-471a-a261-b8fbe6befec7,Rocky River Regional WWTP,land_application_site,,,NC,,Cabarrus,,,Unknown,Unknown,Unknown,,,,https://edocs.deq.nc.gov/WaterResources/Search.aspx?dbid=0&searchcommand=%7B%5B%5D%3A%5BID%20%23%5D%3D%22WQ0032332%22%7D,,,WQ0032332,2026-06-13 02:20:02.366830+00:00,2026-06-13 02:20:02.366830+00:00
e5c83cfc-1c4f-4f6a-bd4f-79deadc47215,CITY OF ARANSAS PASS,transfer_station,,,,,ARANSAS,27.92,-97.14417,Unknown,Unknown,Unknown,,,,,,,120132,2026-06-13 02:19:52.391210+00:00,2026-06-13 02:19:52.391210+00:00
e5fda799-4a06-48ea-8a1e-0aec48ed628f,THE ORGANIC RECYCLER OF TEXAS,composting_facility,5100 FOREST HILL CIR,FOREST HILL,TX,76140-1524,TARRANT,32.66012,-97.24834,Unknown,Unknown,Unknown,,,,,110070373686,TXR05FY23,100395,2026-06-13 02:16:22.142926+00:00,2026-06-13 02:19:52.391210+00:00
e65513c6-9dea-4ed6-acd7-20170e14de53,CITY OF KINGSVILLE TRANSFER STATION FACILITY,transfer_station,2801 E SANTA GERTRUDIS ST,KINGSVILLE,TX,78363,KLEBERG,27.52111,-97.83444,Unknown,Unknown,Unknown,,,,,,,40143,2026-06-13 02:19:52.391210+00:00,2026-06-13 02:19:52.391210+00:00
e659d9d1-3074-45eb-b5a6-c177d702d1b7,"Carolina Pump & Sewer Service, Inc.",private_regional_septage_facility,PO Box 543,Nashville,NC,,Nash,,,Unknown,Unknown,Unknown,,(252) 972-2900,,,,,NCS-01298,2026-06-13 02:20:14.798453+00:00,2026-06-13 02:20:14.798453+00:00
e65dc522-df8c-47a6-8238-101862928cd9,Jackson County Scott Creek Transfer Station,transfer_station,250 Recycle Place,Sylva,NC,28779,Jackson,35.401551,-83.162491,Unknown,Unknown,Unknown,,(828) 586-2437,,,,,5003T-TRANSFER-,2026-06-13 02:20:07.409760+00:00,2026-06-13 02:20:07.409760+00:00
e66eb5ce-4b12-4263-9c88-27882a385c87,Eure,private_regional_septage_facility,P.O. Box 2207,Chesapeake,NC,,Pasquotank,,,Unknown,Unknown,Unknown,,(757) 494-8770,,,,,NCS-01363,2026-06-13 02:20:14.798453+00:00,2026-06-13 02:20:14.798453+00:00
e6768dd1-3357-4294-a395-b62ecf77cde9,WILLACY COUNTY PRECINCT 3 COLLECTION STATION,transfer_station,10588 BUSINESS 77,RAYMONDVILLE,TX,78580,WILLACY,26.4534,-97.5846,Unknown,Unknown,Unknown,,,,,,,120157,2026-06-13 02:19:52.391210+00:00,2026-06-13 02:19:52.391210+00:00
e68197d2-c658-4c32-a5a2-9028b44a969d,Town of Newton Grove RLAP,land_application_site,,,NC,,Sampson,,,Unknown,Unknown,Unknown,,,,https://edocs.deq.nc.gov/WaterResources/Search.aspx?dbid=0&searchcommand=%7B%5B%5D%3A%5BID%20%23%5D%3D%22WQ0010470%22%7D,,,WQ0010470,2026-06-13 02:20:02.366830+00:00,2026-06-13 02:20:02.366830+00:00
e6866837-fd40-4280-8ccf-4885c9f0000f,High Country Septic Solutions,private_regional_septage_facility,7008 Peyronel St.,Connelly Springs,NC,,Burke,35.627884750623,-81.498996429176,Unknown,Unknown,Unknown,,828.838.5174,,,,,NCS-01875,2026-06-13 02:20:07.409760+00:00,2026-06-13 02:20:07.409760+00:00
e68fc921-aea8-4d0d-9389-a6bff7d496ff,Davie County Compost Facility,composting_facility,Lee Jackson Road,Advance,NC,27006,Davie,35.976931,-80.508176,Unknown,Unknown,Unknown,,(229) 326-1149,,,,,3004-COMPOST-2014,2026-06-13 02:20:07.409760+00:00,2026-06-13 02:20:07.409760+00:00
e69c2215-f182-4148-94a2-5045b36fe17a,Swan Quarter Sanitary District WWTF,private_regional_septage_facility,,,NC,,Hyde,,,Unknown,Unknown,Unknown,,,,https://edocs.deq.nc.gov/WaterResources/Search.aspx?dbid=0&searchcommand=%7B%5B%5D%3A%5BID%20%23%5D%3D%22WQ0019665%22%7D,,,WQ0019665,2026-06-13 02:20:02.366830+00:00,2026-06-13 02:20:02.366830+00:00
e6a09d67-361d-46b3-abc6-ff07bd0b3ae1,ALTO FARMLAND 70,composting_facility,398 FM 1911,ALTO,TX,75925,CHEROKEE,31.638844,-95.073875,Unknown,Unknown,Unknown,,,,,,,47082,2026-06-13 02:19:52.391210+00:00,2026-06-13 02:19:52.391210+00:00
e6aac7d9-49f4-4aa7-966a-266048adcaef,Gallins Family Farm,composting_facility,222 Rocky Dale Lane,Mocksville,NC,27028,Davie,35.97512,-80.54014,Unknown,Unknown,Unknown,,(336) 448-9494,,,,,3005-COMPOST-2014,2026-06-13 02:20:07.409760+00:00,2026-06-13 02:20:07.409760+00:00
e6e06df1-6369-45c7-ad34-0d58e4c6c4af,Decker's Septic Tank Service,private_regional_septage_facility,1439 Hwy 150 West,Summerfield,NC,,Guilford,36.195194797608,-79.886762395401,Yes,Unknown,Unknown,,(336) 215-6157,,,,,NCS-00523,2026-06-13 02:20:07.409760+00:00,2026-06-13 02:20:07.409760+00:00
e76a9d24-684c-4e36-82e2-8aa706ce2771,Reliable Onsite Services (VA Beach),private_regional_septage_facility,2860 Crusader Cir,Virginia Beach,NC,,Currituck,,,Unknown,Unknown,Unknown,,757.-44.2131,,,,,NCS-01743,2026-06-13 02:20:07.409760+00:00,2026-06-13 02:20:07.409760+00:00
e76b85f6-bbb8-48db-9802-7a874f199fdf,CITY FORT STOCKTON TYPE V,private_regional_septage_facility,1296 DISPOSAL RD,FORT STOCKTON,TX,79735,PECOS,30.917777,-102.848333,Unknown,Unknown,Unknown,,,,,,,43028,2026-06-13 02:19:52.391210+00:00,2026-06-13 02:19:52.391210+00:00
e76caeeb-b4dd-4f62-91bf-da3211e16f1b,D & W Septic Tank Service,private_regional_septage_facility,2580 Hwy 11/55 South,Kinston,NC,,Lenoir,35.296540811226,-77.539603750833,Yes,Unknown,Unknown,,(252) 560-5400,,,,,NCS-01625,2026-06-13 02:20:14.798453+00:00,2026-06-13 02:20:14.798453+00:00
e77ea577-0e5a-48c2-81db-6295151e5a36,J.M. Carter Hydro Excavating & Vacuum Services LLC,private_regional_septage_facility,2337 Smithmill Rd,Lumberton,NC,,Robeson,34.681090889165,-78.852589862465,Unknown,Unknown,Unknown,,(910) 740-0688,,,,,NCS-01307,2026-06-13 02:20:14.798453+00:00,2026-06-13 02:20:14.798453+00:00
e7878c20-ffcc-4820-a524-76cbc1a7c8aa,TERRABELLA ENVIRONMENTAL SERVICES,private_regional_septage_facility,5376 FM 1784,PLEASANTON,TX,78064-6394,Atascosa,29.07817,-98.42443,Unknown,Unknown,Unknown,,,,,110038913655,TXR05DI64,40293,2026-06-13 02:16:07.600088+00:00,2026-06-13 02:19:52.391210+00:00
e78eea52-97fa-470a-aa05-50121eeb8fc4,C & B Septic Tank Pumping,private_regional_septage_facility,P.O. Box 293,Cove City,NC,,Craven,35.209193675602,-77.280205023522,Yes,Unknown,Unknown,,(252) 670-4031,,,,,NCS-00227,2026-06-13 02:20:07.409760+00:00,2026-06-13 02:20:07.409760+00:00
e7a2687c-6311-41f2-a18b-1b3a748ab481,The Plush Flush,private_regional_septage_facility,"9815 Sam Furr Road, Ste J #122",Huntersville,NC,,Lincoln,35.442014952161,-80.8615575447,Unknown,Unknown,Yes,,(704) 574-9421,,,,,NCS-01227,2026-06-13 02:20:14.798453+00:00,2026-06-13 02:20:14.798453+00:00
e7c832b8-cbd5-4e53-a7e5-38ef32e8f640,"Fontana Lake Waste Recovery, Inc.",private_regional_septage_facility,7230 Grassy Br Rd,Bryson City,NC,,Swain,35.399057820128,-83.529026087332,Yes,Unknown,Unknown,,(828) 488-3841,,,,,NCS-01165,2026-06-13 02:20:14.798453+00:00,2026-06-13 02:20:14.798453+00:00
e7ce1c5d-1c3f-43c5-a410-76457a5be45a,BURLESON COUNTY CCS RITA,transfer_station,,,,,BURLESON,30.682406,-96.608301,Unknown,Unknown,Unknown,,,,,,,120051,2026-06-13 02:19:52.391210+00:00,2026-06-13 02:19:52.391210+00:00
e7e638b7-aafd-437b-a228-ef0add077c36,WNC Portable Toilets and Roll Off Container Service,private_regional_septage_facility,1800 Skyland Drive,Sylva,NC,,Jackson,35.402790551264,-83.176691960845,Unknown,Unknown,Yes,,828.-50.1320,,,,,NCS-00137,2026-06-13 02:20:14.798453+00:00,2026-06-13 02:20:14.798453+00:00
e7eff3eb-05b4-44c2-9676-d9aa2f3ce748,"David Brantley & Sons, Inc.",private_regional_septage_facility,37 Pine Ridge Rd,Zebulon,NC,,Franklin,35.92418999597,-78.261092137129,Yes,Yes,Unknown,,(252) 478-3721,,,,,NCS-01127,2026-06-13 02:20:07.409760+00:00,2026-06-13 02:20:07.409760+00:00
e8257f1f-49df-412b-bb3e-dfd4dd037bcd,STOUTS CREEK COMPOST,composting_facility,1000 COUNTY ROAD 3372,PICKTON,TX,75471-3338,Hopkins,33.116128,-95.366512,Unknown,Unknown,Unknown,,,,,110070358942,TXR05CO68,2382,2026-06-13 02:15:52.477385+00:00,2026-06-13 02:19:52.391210+00:00
e8311824-1fe3-42b7-9191-c65cbbfdd0be,Camp Bryan Farms WWTF,private_regional_septage_facility,,,NC,,Craven,,,Unknown,Unknown,Unknown,,,,https://edocs.deq.nc.gov/WaterResources/Search.aspx?dbid=0&searchcommand=%7B%5B%5D%3A%5BID%20%23%5D%3D%22WQ0034269%22%7D,,,WQ0034269,2026-06-13 02:20:07.409760+00:00,2026-06-13 02:20:07.409760+00:00
e835d1ae-b330-4334-ba8f-42ad2c636866,Jeff Lawson Septic Tank & Pumping Service,private_regional_septage_facility,2984 NC 8 Highway North,Danbury,NC,,Stokes,,,Yes,Unknown,Unknown,,336.-40.6701,,,,,NCS-00457,2026-06-13 02:20:14.798453+00:00,2026-06-13 02:20:14.798453+00:00
e86a3aae-7c7e-4e2e-aec3-f6e07aebf35d,WESTOVER HILLS CITIZENS COLLECTION STATION,transfer_station,,,,,TARRANT,32.741876,-97.410895,Unknown,Unknown,Unknown,,,,,,,120140,2026-06-13 02:19:52.391210+00:00,2026-06-13 02:19:52.391210+00:00
e8afd790-b645-4be7-bedc-53a7c84744f3,HAYS COUNTY RECYCLING AND SOLID WASTE,transfer_station,20290 FM 150 W,DRIFTWOOD,TX,78619,HAYS,30.05,-98.0,Unknown,Unknown,Unknown,,,,,,,120170,2026-06-13 02:19:52.391210+00:00,2026-06-13 02:19:52.391210+00:00
e8ec857b-00c0-4200-ab19-17bd8acca3f4,Herds Creek Campground,private_regional_septage_facility,164 McDonald Road,Cameron,NC,,Moore,35.326520762273,-79.22816265564,Unknown,Unknown,Unknown,,(910) 245-3066,,,,,NCS-01732,2026-06-13 02:20:14.798453+00:00,2026-06-13 02:20:14.798453+00:00
e90eaf5b-a9ac-4097-9fc3-521c6f61437e,NEW EARTH,composting_facility,7800 E IH 10,SAN ANTONIO,TX,78219-4800,Bexar,29.5086,-98.55195,,,,,,,,110034461160,TXR05FB23,42032,2026-06-13 02:14:01.016761+00:00,2026-06-13 02:19:52.391210+00:00
e9122f3d-6f00-41a6-bd4d-db6a2cb31f80,"Greensboro, City of Compost Facility",composting_facility,2503 White Street,Greensboro,NC,27405,Guilford,36.11057,-79.7179,Unknown,Unknown,Unknown,,(336) 254-8096,,,,,4103-COMPOST-2003,2026-06-13 02:20:07.409760+00:00,2026-06-13 02:20:07.409760+00:00
e91cdfac-47e1-4fb2-915d-b15c832f9def,WISE COUNTY CHICO CITIZEN COLLECTION STATION,transfer_station,2897 S FM 1655,CHICO,TX,76431,WISE,33.300491,-97.732737,Unknown,Unknown,Unknown,,,,,,,120165,2026-06-13 02:19:52.391210+00:00,2026-06-13 02:19:52.391210+00:00
e92fb844-f163-4f0f-9424-129feca44e59,Precision Septic and Groundworks LLC,private_regional_septage_facility,1791 Flat Springs Rd,Elk Park,NC,,Avery,,,Yes,Unknown,Unknown,,(828)260-8019,,,,,NCS-01840,2026-06-13 02:20:07.409760+00:00,2026-06-13 02:20:07.409760+00:00
e9670ca5-6e14-4379-87cd-5f9a078fbe9e,Tuckaseigee Water and Sewer Authority Class A Residuals Program,land_application_site,,,NC,,Jackson,,,Unknown,Unknown,Unknown,,,,https://edocs.deq.nc.gov/WaterResources/Search.aspx?dbid=0&searchcommand=%7B%5B%5D%3A%5BID%20%23%5D%3D%22WQ0005763%22%7D,,,WQ0005763,2026-06-13 02:20:02.366830+00:00,2026-06-13 02:20:02.366830+00:00
e99ea245-2b04-4930-92dc-016ccdf4350d,D&D CONSTUCTION MATERIALS LLC,composting_facility,1212 SILVER CREEK AZLE RD,AZLE,TX,76020,TARRANT,32.871304,-97.539967,Unknown,Unknown,Unknown,,,,,,,100155,2026-06-13 02:19:52.391210+00:00,2026-06-13 02:19:52.391210+00:00
e9fdb01b-2e2f-464c-9e5b-c0f6553f3524,Brookwood Farms RLAP,land_application_site,,,NC,,Chatham,,,Unknown,Unknown,Unknown,,,,https://edocs.deq.nc.gov/WaterResources/Search.aspx?dbid=0&searchcommand=%7B%5B%5D%3A%5BID%20%23%5D%3D%22WQ0004956%22%7D,,,WQ0004956,2026-06-13 02:20:02.366830+00:00,2026-06-13 02:20:02.366830+00:00
ea075fb3-4869-4e0b-b9e4-311d46a7fdc9,IESI MINNIS DRIVE TRANSFER STATION,transfer_station,2120 MINNIS DR,HALTOM CITY,TX,76117-5369,Tarrant,32.789821,-97.243074,Unknown,Unknown,Unknown,,,,,110033699585,TXR05AP36,2306A,2026-06-13 02:12:46.409770+00:00,2026-06-13 02:19:41.329224+00:00
ea107c9f-b0db-42ce-ad3e-57affe25e055,CITY OF PAMPA LIQUID WASTE PROCESSING FACILITY,private_regional_septage_facility,,,,,GRAY,,,Unknown,Unknown,Unknown,,,,,,,43030,2026-06-13 02:19:41.329224+00:00,2026-06-13 02:19:41.329224+00:00
ea176337-017b-4cdd-8439-5689733db7ea,House of Raeford - Rose Hill WWTF,private_regional_septage_facility,,,NC,,Duplin,,,Unknown,Unknown,Unknown,,,,https://edocs.deq.nc.gov/WaterResources/Search.aspx?dbid=0&searchcommand=%7B%5B%5D%3A%5BID%20%23%5D%3D%22WQ0002005%22%7D,,,WQ0002005,2026-06-13 02:20:02.366830+00:00,2026-06-13 02:20:02.366830+00:00
ea603ebd-535e-4918-848c-6c455e3917af,Chatham Portables,private_regional_septage_facility,PO Box 274,Siler City,NC,,Chatham,,,Yes,Unknown,Yes,,(919) 742-7300,,,,,NCS-00852,2026-06-13 02:20:07.409760+00:00,2026-06-13 02:20:07.409760+00:00
ea662802-c6f5-4789-892d-97e34eb4b884,CITY OF CASHION CITIZENS COLLECTION STATION,transfer_station,354 BAKER RD,WICHITA FALLS,TX,76305,WICHITA,34.039725,-98.513547,Unknown,Unknown,Unknown,,,,,,,120009,2026-06-13 02:19:41.329224+00:00,2026-06-13 02:19:41.329224+00:00
ea6f1847-e5ef-46e0-bfae-5037b2af9884,Radio Island Yacht & Boating Club,private_regional_septage_facility,PO Box 2434,Beaufort,NC,,Carteret,,,Unknown,Unknown,Unknown,,(252) 659-2149,,,,,NCS-00933,2026-06-13 02:20:07.409760+00:00,2026-06-13 02:20:07.409760+00:00
ea8e5a02-3f05-491f-80bc-c4cc6f728514,Lewis Farms and Liquid Waste Class B Residuals Program,land_application_site,,,NC,,Pender,,,Yes,Yes,Unknown,,,,https://edocs.deq.nc.gov/WaterResources/Search.aspx?dbid=0&searchcommand=%7B%5B%5D%3A%5BID%20%23%5D%3D%22WQ0000455%22%7D,,,WQ0000455,2026-06-13 02:20:02.366830+00:00,2026-06-13 02:20:02.366830+00:00
eab2d1d2-9317-48af-b833-80fb196aa014,Gotta Go Portable Toilets,private_regional_septage_facility,PO Box 460,Tiger,NC,,Macon,,,Yes,Yes,Yes,,(706) 782-7114,,,,,NCS-00799,2026-06-13 02:20:14.798453+00:00,2026-06-13 02:20:14.798453+00:00
eab424bd-cae3-4ea7-af73-15404d604854,Case Farms - Morganton Hatchery WWTF,private_regional_septage_facility,,,NC,,Burke,,,Unknown,Unknown,Unknown,,,,https://edocs.deq.nc.gov/WaterResources/Search.aspx?dbid=0&searchcommand=%7B%5B%5D%3A%5BID%20%23%5D%3D%22WQ0033677%22%7D,,,WQ0033677,2026-06-13 02:20:02.366830+00:00,2026-06-13 02:20:02.366830+00:00
eb392782-44fa-4339-8d4f-4d12281e21fa,Marlin,private_regional_septage_facility,P O Box 865,West End,NC,,Moore,,,Yes,Yes,Unknown,,(919) 798-5888,,,,,NCS-00371,2026-06-13 02:20:14.798453+00:00,2026-06-13 02:20:14.798453+00:00
eb58342d-9969-4f41-9491-263de3f92d70,Old Chatham Golf Club WWTF,private_regional_septage_facility,,,NC,,Chatham,,,Unknown,Unknown,Unknown,,,,https://edocs.deq.nc.gov/WaterResources/Search.aspx?dbid=0&searchcommand=%7B%5B%5D%3A%5BID%20%23%5D%3D%22WQ0019704%22%7D,,,WQ0019704,2026-06-13 02:20:07.409760+00:00,2026-06-13 02:20:07.409760+00:00
eb7b62fa-0156-4a59-be53-3633c97bd9c6,CITY OF STRATFORD TRANSFER STATION FACILITY,transfer_station,,,,,SHERMAN,36.32633,-102.061,Unknown,Unknown,Unknown,,,,,,,40109,2026-06-13 02:19:41.329224+00:00,2026-06-13 02:19:41.329224+00:00
eb8ea816-7a54-4a51-acb4-e1766a46db20,Boyer's Port-A-Johns,private_regional_septage_facility,260 English Branch Rd,Burnsville,NC,,Yancey,35.938611590343,-82.350231457228,Unknown,Unknown,Yes,,(828) 682-3353,,,,,NCS-01037,2026-06-13 02:20:14.798453+00:00,2026-06-13 02:20:14.798453+00:00
ebbc112e-a461-4730-9242-23918928483b,Skipper Septic Tank Service,private_regional_septage_facility,225 Cherokee Trail,Wilmington,NC,,New Hanover,34.156008526194,-77.873511335113,Yes,Yes,Unknown,,(910) 791-9488,,,,,NCS-00070,2026-06-13 02:20:14.798453+00:00,2026-06-13 02:20:14.798453+00:00
ebd2dba4-a7d7-4696-a193-6d5a5fde552b,Ellis Tew & Charles Barber Septic Tank Cleaning,private_regional_septage_facility,8908 Dunn Road,Salemburg,NC,,Sampson,,,Yes,Unknown,Yes,,910.-21.2014,,,,,NCS-00999,2026-06-13 02:20:14.798453+00:00,2026-06-13 02:20:14.798453+00:00
ebe42b79-0452-4e0a-a097-0f8eab01dc17,"B & B Concrete Products, Inc.",composting_facility,1687 Georgia Road,Franklin,NC,28734,Macon,35.152184,-83.39333,Yes,Yes,Unknown,,(828) 524-6483,,,,,5705-COMPOST-,2026-06-13 02:20:07.409760+00:00,2026-06-13 02:20:07.409760+00:00
ec15a435-401c-43db-8a29-a7868ec8d65b,KINGSLAND TRANSFER STATION,transfer_station,,,,,LLANO,30.68417,-98.43333,Unknown,Unknown,Unknown,,,,,,,40003,2026-06-13 02:19:52.391210+00:00,2026-06-13 02:19:52.391210+00:00
ec1606be-4727-48f8-9875-e03775261845,Camp Durant WWTF,private_regional_septage_facility,,,NC,,Moore,,,Unknown,Unknown,Unknown,,,,https://edocs.deq.nc.gov/WaterResources/Search.aspx?dbid=0&searchcommand=%7B%5B%5D%3A%5BID%20%23%5D%3D%22WQ0029168%22%7D,,,WQ0029168,2026-06-13 02:20:02.366830+00:00,2026-06-13 02:20:02.366830+00:00
ec25ace3-ef6d-4198-b3d2-e1a580f3200c,C's Septic Tank,private_regional_septage_facility,525 Go Cart Road,Four Oaks,NC,,Johnston,35.405760520848,-78.395864235054,Yes,Unknown,Unknown,,(919) 291-0865,,,,,NCS-01478,2026-06-13 02:20:14.798453+00:00,2026-06-13 02:20:14.798453+00:00
ec598766-0920-401f-a2a6-502b2d263e79,LIVING EARTH TECHNOLOGY,composting_facility,1503 INDUSTRIAL DR,MISSOURI CITY,TX,77489-1008,Fort Bend,29.622023,-95.537791,Unknown,Unknown,Unknown,,,,,110030772590,TXR05AF98,100183,2026-06-13 02:13:19.417606+00:00,2026-06-13 02:19:52.391210+00:00
ec7f51a1-fc23-462a-b5d9-41cc81ca7cbc,US MCAS Cherry Point Reclaimed Water System,potw_receiving_station,,,NC,,Craven,,,Unknown,Unknown,Unknown,,,,https://edocs.deq.nc.gov/WaterResources/Search.aspx?dbid=0&searchcommand=%7B%5B%5D%3A%5BID%20%23%5D%3D%22WQ0012821%22%7D,,,WQ0012821,2026-06-13 02:20:02.366830+00:00,2026-06-13 02:20:02.366830+00:00
ec818950-627b-4233-bf3e-08dc22bda653,Waste Connections Monroe Transfer Station,transfer_station,3320 Westwood Industrial Drive,Monroe,NC,28110,Union,35.0142,-80.6121,Unknown,Unknown,Unknown,,(717) 659-4544,,,,,9014-TRANSFER-2014,2026-06-13 02:20:07.409760+00:00,2026-06-13 02:20:07.409760+00:00
ec8a5f0c-ae73-4dd5-a741-65e1d22e65f9,Eco-Collection Systems,private_regional_septage_facility,3121 N. Kerr Ave.,Wilimington,NC,,New Hanover,34.289916827418,-77.909024432675,Unknown,Unknown,Unknown,,,,,,,NCS-01150,2026-06-13 02:20:14.798453+00:00,2026-06-13 02:20:14.798453+00:00
eca46efb-afcc-466b-ac5d-cdc754946b62,Mountaire Farms - Lumber Bridge Processing Plant,private_regional_septage_facility,,,NC,,Robeson,,,Unknown,Unknown,Unknown,,,,https://edocs.deq.nc.gov/WaterResources/Search.aspx?dbid=0&searchcommand=%7B%5B%5D%3A%5BID%20%23%5D%3D%22WQ0000484%22%7D,,,WQ0000484,2026-06-13 02:20:02.366830+00:00,2026-06-13 02:20:02.366830+00:00
eceb43bc-51fe-4025-820c-d16e1db4b05b,CITY OF LAMESA CITIZEN COLLECTION STATION,transfer_station,609 N AUSTIN AVE,LAMESA,TX,79331,DAWSON,32.736944,-101.953611,Unknown,Unknown,Unknown,,,,,,,120217,2026-06-13 02:19:52.391210+00:00,2026-06-13 02:19:52.391210+00:00
ed3aae7f-5de3-49d6-98bf-7fee8ec9fe59,SR&R Environmental Inc,private_regional_septage_facility,PO Box 221,Wilmington,NC,,New Hanover,,,Unknown,Unknown,Unknown,,(910) 763-6274,,,,,NCS-01402,2026-06-13 02:20:14.798453+00:00,2026-06-13 02:20:14.798453+00:00
ed44bcba-0afc-4200-ba39-b98bab1bafc3,Loose Ends Repair and Septic Tank Services,private_regional_septage_facility,6499 George Hildebran School Rd,Hickory,NC,,Burke,35.664899110336,-81.476109881365,Yes,Unknown,Unknown,,(828) 217-4138,,,,,NCS-01292,2026-06-13 02:20:07.409760+00:00,2026-06-13 02:20:07.409760+00:00
ed8591bd-bc4a-4482-a005-5e7a9ef10fd3,Brocks Inc. Septic & Plumbing,private_regional_septage_facility,2932 Summerlins Crossroad Rd.,Mt. Olive,NC,,Duplin,35.137910198657,-77.995758163837,Yes,Unknown,Unknown,,,,,,,NCS-01244,2026-06-13 02:20:07.409760+00:00,2026-06-13 02:20:07.409760+00:00
ed90ce7b-3be4-4413-a462-bb65ba8f7195,CULEBRA BULKY WASTE COLLECTION CENTER,transfer_station,7030 CULEBRA RD,SAN ANTONIO,TX,78238,BEXAR,29.4368,-98.4628,Unknown,Unknown,Unknown,,,,,,,120103,2026-06-13 02:19:52.391210+00:00,2026-06-13 02:19:52.391210+00:00
ed92a5ad-7e80-4585-a98d-0c0390baf599,Yadkin Valley Sewer Authority Class B Residuals Program,land_application_site,,,NC,,Surry,,,Unknown,Unknown,Unknown,,,,https://edocs.deq.nc.gov/WaterResources/Search.aspx?dbid=0&searchcommand=%7B%5B%5D%3A%5BID%20%23%5D%3D%22WQ0007349%22%7D,,,WQ0007349,2026-06-13 02:20:02.366830+00:00,2026-06-13 02:20:02.366830+00:00
eda9fd7b-33d8-4882-8960-445c0b6894af,AUSTIN COMMUNITY RECYCLING & DISPOSAL FACILITY,transfer_station,9900 GILES LN,AUSTIN,TX,78754,TRAVIS,30.3375,-97.621388,,,,,,,,,,249D,2026-06-13 02:19:52.391210+00:00,2026-06-13 02:19:52.391210+00:00
edc1e93c-ba58-412d-9419-0e0d940174e4,Ponderosa Subdivision WWTF,private_regional_septage_facility,,,NC,,Wake,,,Unknown,Unknown,Unknown,,,,https://edocs.deq.nc.gov/WaterResources/Search.aspx?dbid=0&searchcommand=%7B%5B%5D%3A%5BID%20%23%5D%3D%22WQ0001203%22%7D,,,WQ0001203,2026-06-13 02:20:02.366830+00:00,2026-06-13 02:20:02.366830+00:00
edc92ee4-fc7b-4a81-9100-9be617858d8c,Bumgarner Septic Tank & Grading,private_regional_septage_facility,PO Box 132,Granite Falls,NC,,Caldwell,,,Yes,Yes,Yes,,(828) 396-1795,,,,,NCS-00829,2026-06-13 02:20:07.409760+00:00,2026-06-13 02:20:07.409760+00:00
ee1dbdd5-a210-4e8a-b8f0-af674de0d90b,WASTE SOLUTIONS USA,transfer_station,39981 FM 529 RD,HEMPSTEAD,TX,77445,HARRIS,29.912796,-96.053745,Unknown,Unknown,Yes,,,,,,,110049,2026-06-13 02:19:52.391210+00:00,2026-06-13 02:19:52.391210+00:00
ee51b66b-3e39-4941-8bba-1dcfad006992,Allied Home Inspection,private_regional_septage_facility,2777 Brannon Rd,Horse Shoe,NC,,Henderson,35.345594883792,-82.600842297074,Unknown,Unknown,Unknown,,(828)589-0252,,,,,NCS-01841,2026-06-13 02:20:14.798453+00:00,2026-06-13 02:20:14.798453+00:00
ee7f3b53-1fe1-4b99-becd-4a2ecfca3beb,HOUSTON SOUTHWEST TRANSFER STATION FACILITY,transfer_station,,,,,HARRIS,29.72767,-95.4675,Unknown,Unknown,Unknown,,,,,,,40132,2026-06-13 02:19:52.391210+00:00,2026-06-13 02:19:52.391210+00:00
ee8ddbca-0f47-45c4-ac8d-f43ec2578c8f,New Bern Cellulose Fibers Mill SDU,land_application_site,,,NC,,Craven,,,Unknown,Unknown,Unknown,,,,https://edocs.deq.nc.gov/WaterResources/Search.aspx?dbid=0&searchcommand=%7B%5B%5D%3A%5BID%20%23%5D%3D%22WQ0004084%22%7D,,,WQ0004084,2026-06-13 02:20:02.366830+00:00,2026-06-13 02:20:02.366830+00:00
eea9a937-df1c-4d17-85ed-049a6cb25660,Salisbury Grants Creek Compost Facility,composting_facility,1955 Grubb Ferry Road,Salisbury,NC,28144,Rowan,35.7155,-80.43357,Unknown,Unknown,Unknown,,(704) 638-5256,,,,,8006-COMPOST-2015,2026-06-13 02:20:07.409760+00:00,2026-06-13 02:20:07.409760+00:00
eeddbd96-8f1d-4888-8785-6034d9ab9bd3,Queens Septic Tank,private_regional_septage_facility,6466 Muddy Creek Road,Archdale,NC,,Randolph,35.898648639976,-79.893752154585,Yes,Yes,Unknown,,(336) 870-1144,,,,,NCS-00830,2026-06-13 02:20:14.798453+00:00,2026-06-13 02:20:14.798453+00:00
eeee3cfc-597a-46e3-b902-84f6bc3efb25,EGGEMEYER LAND CLEARING,composting_facility,,,,,COMAL,29.669819,-98.172388,Unknown,Unknown,Unknown,,,,,,,100359,2026-06-13 02:19:52.391210+00:00,2026-06-13 02:19:52.391210+00:00
ef00cb4f-ae21-4ec0-b1a4-faf117fca7fe,POLK COUNTY CCS WALDING RD,transfer_station,,,,,POLK,30.8194,-94.8593,Unknown,Unknown,Unknown,,,,,,,120106,2026-06-13 02:19:52.391210+00:00,2026-06-13 02:19:52.391210+00:00
ef056702-03c2-4afc-991a-9571fd35a458,"Tate Farm by the Pond, LLC",private_regional_septage_facility,5514 NC Hwy 11,Willard,NC,,Pender,34.671498752259,-78.025930914398,Unknown,Unknown,Unknown,,(910) 284-0116,,,,,NCS-01762,2026-06-13 02:20:14.798453+00:00,2026-06-13 02:20:14.798453+00:00
ef33790a-216e-4342-956d-1aad93b42578,HARRINGTON ENVIRONMENTAL LIQUID TRANSFER STATION,private_regional_septage_facility,6321 W FM 4,GODLEY,TX,76044,JOHNSON,32.3424,-97.3525,Yes,Yes,Unknown,,,,,,,40080,2026-06-13 02:19:41.329224+00:00,2026-06-13 02:19:41.329224+00:00
ef379b51-acf0-4255-8141-c728bcac4f38,REGIONAL LANDFILL OF BROWNWOOD,transfer_station,6800 FM 45 S,BROWNWOOD,TX,76801,BROWN,31.64778,-98.95861,No,No,Unknown,,,,,,,1562A,2026-06-13 02:19:41.329224+00:00,2026-06-13 02:19:41.329224+00:00
ef73800d-a03b-4457-8ca6-cbd9770df219,ORGANIX COMPOSTING FACILITY,composting_facility,2600 POST OAK RD,HUTCHINS,TX,75141,DALLAS,32.6357,-96.6667,Unknown,Unknown,Unknown,,,,,,,47052,2026-06-13 02:19:52.391210+00:00,2026-06-13 02:19:52.391210+00:00
ef915b86-e16d-4349-99eb-c26636cf508d,Jolly Roger Potties,private_regional_septage_facility,400 Belton St.,Charlotte,NC,,Mecklenburg,35.195824587566,-80.867561396865,Unknown,Unknown,Unknown,,704.-90.2380,,,,,NCS-01883,2026-06-13 02:20:14.798453+00:00,2026-06-13 02:20:14.798453+00:00
efca82c7-0540-4ee5-9040-6872669f4aad,Sorrells Septic Tank Pumping,private_regional_septage_facility,1241 Poplar Cove Rd,Clyde,NC,,Haywood,35.664131754744,-82.924693708285,Yes,Unknown,Unknown,,(828) 456-6327,,,,,NCS-01593,2026-06-13 02:20:07.409760+00:00,2026-06-13 02:20:07.409760+00:00
efcd4d8e-4f9c-44c4-ae76-faf174574fc7,SILVER CREEK MATERIALS RECOVERY FACILITY,composting_facility,2251 SILVER CREEK RD,FORT WORTH,TX,76108,TARRANT,32.791666,-97.5,Unknown,Unknown,Unknown,,,,,,,100036,2026-06-13 02:19:52.391210+00:00,2026-06-13 02:19:52.391210+00:00
efdaa30b-b2ef-45e4-927e-bd0616da4631,CITY OF KERRVILLE LANDFILL,transfer_station,3315 LOOP 534,KERRVILLE,TX,78028-5463,KERR,30.05117,-99.11292,Unknown,Unknown,Unknown,,,,,110070365905,TXR05AR14,1506B,2026-06-13 02:10:47.633927+00:00,2026-06-13 02:19:52.391210+00:00
efdcb9cb-141b-4afb-b462-7849cf5f32b1,Tripp's Outback,private_regional_septage_facility,333 Regal Rd,Murphy,NC,,Cherokee,35.115050170332,-84.011343795899,Yes,Yes,Yes,,(828) 837-2373,,,,,NCS-00899,2026-06-13 02:20:07.409760+00:00,2026-06-13 02:20:07.409760+00:00
f09014df-b1c7-4346-a9cd-1421275256a9,Pine Hollow Golf Club,potw_receiving_station,,,NC,,Johnston,,,Unknown,Unknown,Unknown,,,,https://edocs.deq.nc.gov/WaterResources/Search.aspx?dbid=0&searchcommand=%7B%5B%5D%3A%5BID%20%23%5D%3D%22WQ0024223%22%7D,,,WQ0024223,2026-06-13 02:20:02.366830+00:00,2026-06-13 02:20:02.366830+00:00
f0d4aefa-a345-448d-8cfb-98a7839d358a,LIVING EARTH,composting_facility,9306 FM 523 RD,FREEPORT,TX,77541-8516,BRAZORIA,29.07456,-95.361407,Unknown,Unknown,Unknown,,,,,110070363674,TXR05DR68,100500,2026-06-13 02:13:19.417606+00:00,2026-06-13 02:19:52.391210+00:00
f112b735-95f1-4435-ad3c-c2205562907d,New Bern Seven WRF,potw_receiving_station,,,NC,,Craven,,,Yes,Yes,Yes,,,,https://edocs.deq.nc.gov/WaterResources/Search.aspx?dbid=0&searchcommand=%7B%5B%5D%3A%5BID%20%23%5D%3D%22WQ0003765%22%7D,,,WQ0003765,2026-06-13 02:20:02.366830+00:00,2026-06-13 02:20:02.366830+00:00
f1222e87-ad80-4a65-be66-6add2d548d47,"Hensons' Inc., Asheville Wood Yard",composting_facility,116 Pond Road,Asheville,NC,28806,Buncombe,35.544341,-82.606301,Unknown,Unknown,Unknown,,(828) 859-5836,,,,,1109-COMPOST-,2026-06-13 02:20:07.409760+00:00,2026-06-13 02:20:07.409760+00:00
f14cda38-ac21-4180-8558-11596d86de07,BREAK IT DOWN RANCH RD,composting_facility,,,,,LEE,30.281645,-97.01771,Unknown,Unknown,Unknown,,,,,,,47084,2026-06-13 02:19:52.391210+00:00,2026-06-13 02:19:52.391210+00:00
f1845dff-3e29-465d-91f5-c0591b66aca8,AUSTIN WOOD RECYCLING - HUTTO,composting_facility,SOUTH OF THE INTERSECTION OF CR 118 AND PRIVATE RO,HUTTO,TX,78634,WILLIAMSON,30.574295,-97.577572,Unknown,Unknown,Unknown,,,,,110071149343,TXR1514GY,100578,2026-06-13 02:09:55.042677+00:00,2026-06-13 02:19:52.391210+00:00
f1afca47-a90a-42c5-9ab9-eda7e831fad8,Keith Roberts Septic Sewer & Drain Inc.,private_regional_septage_facility,3871 Gordon St.,Terrell,NC,,Catawba,35.591780268178,-80.949670703752,Yes,Unknown,Unknown,,(828) 478-9792,,,,,NCS-01047,2026-06-13 02:20:07.409760+00:00,2026-06-13 02:20:07.409760+00:00
f1c0acd6-4da6-4f3e-b1f7-a8bc71c691ec,CITY OF LEVELLAND TRANSFER STATION FACILITY,transfer_station,,,,,HOCKLEY,33.57167,-102.3525,Unknown,Unknown,Unknown,,,,,,,40051,2026-06-13 02:19:41.329224+00:00,2026-06-13 02:19:41.329224+00:00
f205c11a-bbef-4198-ae4a-7438b123b9eb,You Dig It! Septic,private_regional_septage_facility,13355 US Hwy 64 West,Murphy,NC,,Cherokee,35.025420092743,-84.217662916694,Yes,Unknown,Yes,,(828) 557-0251,,,,,NCS-01528,2026-06-13 02:20:07.409760+00:00,2026-06-13 02:20:07.409760+00:00
f208d509-e73d-46cc-83c3-f4cd7b58e0ec,Yadkin County Transfer Facility,transfer_station,1149 Landfill Road,Yadkinville,NC,27055,Yadkin,36.181203,-80.641184,Unknown,Unknown,Unknown,,(336) 244-8490,,,,,9903T-TRANSFER-1994,2026-06-13 02:20:07.409760+00:00,2026-06-13 02:20:07.409760+00:00
f2617254-8831-4914-82af-6b77f6b4372c,Bonsal Chip Mill WWTF,private_regional_septage_facility,,,NC,,Wake,,,Unknown,Unknown,Unknown,,,,https://edocs.deq.nc.gov/WaterResources/Search.aspx?dbid=0&searchcommand=%7B%5B%5D%3A%5BID%20%23%5D%3D%22WQ0002927%22%7D,,,WQ0002927,2026-06-13 02:20:02.366830+00:00,2026-06-13 02:20:02.366830+00:00
f29c1e05-37c3-4c4e-a761-de213043cc2b,Trash Masters,private_regional_septage_facility,PO Box 107,Youngsville,NC,,Franklin,,,Unknown,Unknown,Yes,,(919) 764-0002,,,,,NCS-01763,2026-06-13 02:20:07.409760+00:00,2026-06-13 02:20:07.409760+00:00
f29ef575-2041-4ab0-8008-ece21d60d90c,City of Roxboro RLAP,land_application_site,,,NC,,Person,,,Unknown,Unknown,Unknown,,,,https://edocs.deq.nc.gov/WaterResources/Search.aspx?dbid=0&searchcommand=%7B%5B%5D%3A%5BID%20%23%5D%3D%22WQ0021826%22%7D,,,WQ0021826,2026-06-13 02:20:02.366830+00:00,2026-06-13 02:20:02.366830+00:00
f2c2451c-dd5b-4d8a-bb21-95b3346f0de5,Laughlin Wash Station WWTF,private_regional_septage_facility,,,NC,,Wayne,,,Unknown,Unknown,Unknown,,,,https://edocs.deq.nc.gov/WaterResources/Search.aspx?dbid=0&searchcommand=%7B%5B%5D%3A%5BID%20%23%5D%3D%22WQ0007521%22%7D,,,WQ0007521,2026-06-13 02:20:07.409760+00:00,2026-06-13 02:20:07.409760+00:00
f2f76e2a-d8d4-4907-97d8-5b87a5e73131,A+ Septic Tank Pumping,private_regional_septage_facility,PO Box 635,Willow Spring,NC,,Wake,,,Yes,Yes,Yes,,(919) 218-6902,,,,,NCS-01463,2026-06-13 02:20:14.798453+00:00,2026-06-13 02:20:14.798453+00:00
f2fb747e-e2dc-4df2-8216-1076bcc0d301,Woodys Septic and Waste,private_regional_septage_facility,369 N Canton Rd,Canton,NC,,Haywood,35.546947664687,-82.844418914184,Yes,Unknown,Unknown,,(828) 550-6949,,,,,NCS-01755,2026-06-13 02:20:07.409760+00:00,2026-06-13 02:20:07.409760+00:00
f314d7c8-ab8a-44e6-b713-d910aeca564f,Pine Island-Currituck Club WWTP,potw_receiving_station,,,NC,,Currituck,,,Unknown,Unknown,Unknown,,,,https://edocs.deq.nc.gov/WaterResources/Search.aspx?dbid=0&searchcommand=%7B%5B%5D%3A%5BID%20%23%5D%3D%22WQ0004823%22%7D,,,WQ0004823,2026-06-13 02:20:07.409760+00:00,2026-06-13 02:20:07.409760+00:00
f31ae2aa-c2ac-4a59-97ba-1cfc89301b3d,LONE STAR RECYCLING & DISPOSAL,transfer_station,4107 S SAM HOUSTON PKWY W,HOUSTON,TX,77053-2594,HARRIS,29.59523,-95.429912,Unknown,Unknown,Unknown,,,,,110071345190,TXR05FQ08,2344,2026-06-13 02:13:26.175092+00:00,2026-06-13 02:19:52.391210+00:00
f32388ee-5abb-4474-839f-1586f693d4a4,Wrenn Road WWTF,private_regional_septage_facility,,,NC,,Wake,,,Unknown,Unknown,Unknown,,,,https://edocs.deq.nc.gov/WaterResources/Search.aspx?dbid=0&searchcommand=%7B%5B%5D%3A%5BID%20%23%5D%3D%22WQ0002708%22%7D,,,WQ0002708,2026-06-13 02:20:02.366830+00:00,2026-06-13 02:20:02.366830+00:00
f32b8d82-8ff2-4fcd-a45c-001a9177b487,MCADENVILLE WATER SYSTEM IMPROVEMENTS,private_regional_septage_facility,WESLEYAN DRIVE,MCADENVILLE,NC,28101,Gaston,35.25546,-81.07572,Unknown,Unknown,Unknown,,(704) 502-1263,,,110072001921,NCC252470,NCS-01464,2026-06-13 02:18:47.818465+00:00,2026-06-13 02:20:07.409760+00:00
f36d0c6b-a642-41cd-a342-e61d88c14850,CITY OF EL PASO TRANSFER STATION FACILITY,transfer_station,4200 DELTA DR,EL PASO,TX,79905,EL PASO,31.76333,-106.43833,Unknown,Unknown,Unknown,,,,,,,728,2026-06-13 02:19:52.391210+00:00,2026-06-13 02:19:52.391210+00:00
f38235a6-8d82-45be-ae65-3cabb351164b,The Septic and Grease Company LLC,private_regional_septage_facility,PO Box 5227,Sanford,NC,,Lee,,,Yes,Yes,Unknown,,(919) 897-4231,,,,,NCS-01772,2026-06-13 02:20:14.798453+00:00,2026-06-13 02:20:14.798453+00:00
f40ab32a-df2d-44ed-96fc-12387db6980b,CITY OF WINK CITIZENS COLLECTION STATION,transfer_station,,,,,WINKLER,35.752718,-103.147355,Unknown,Unknown,Unknown,,,,,,,120199,2026-06-13 02:19:52.391210+00:00,2026-06-13 02:19:52.391210+00:00
f432f483-5b72-4742-8180-46b8a068e05b,FORT CLARK SPRINGS TRANSFER STATION FACILITY,transfer_station,,,,,KINNEY,29.3,-100.43333,Unknown,Unknown,Unknown,,,,,,,40178,2026-06-13 02:19:52.391210+00:00,2026-06-13 02:19:52.391210+00:00
f456f692-d625-48cb-b23d-177fca6b726d,Blue Ridge Biofuels,private_regional_septage_facility,PO Box 2896,Asheville,NC,,Buncombe,,,Unknown,Unknown,Unknown,,(828)253-1034,,,,,NCS-01814,2026-06-13 02:20:07.409760+00:00,2026-06-13 02:20:07.409760+00:00
f459f954-d971-4870-8f27-8fe7f921a1ff,"Wilson, NC Processing Facility",private_regional_septage_facility,,,NC,,Wilson,,,Unknown,Unknown,Unknown,,,,https://edocs.deq.nc.gov/WaterResources/Search.aspx?dbid=0&searchcommand=%7B%5B%5D%3A%5BID%20%23%5D%3D%22WQ0003823%22%7D,,,WQ0003823,2026-06-13 02:20:02.366830+00:00,2026-06-13 02:20:02.366830+00:00
f481c05d-7c3f-48ef-9f6a-e4abbadee9b2,WISE COUNTY COTTONDALE CITIZEN COLLECTION STATION,transfer_station,6465 FM 2123,PARADISE,TX,76073,WISE,33.064481,-97.71264,Unknown,Unknown,Unknown,,,,,,,120163,2026-06-13 02:19:52.391210+00:00,2026-06-13 02:19:52.391210+00:00
f484bd2b-b492-430c-921e-6124ccef54a4,McCain Investments Inc.,private_regional_septage_facility,PO Box 7412,Greensboro,NC,,Guilford,,,Unknown,Unknown,Unknown,,(336)698-5096,,,,,NCS-01818,2026-06-13 02:20:07.409760+00:00,2026-06-13 02:20:07.409760+00:00
f49561a4-b145-406b-941e-3818198622f6,ABILENE BRUSH CENTER & CITIZENS CONVENIENCE CENTER,transfer_station,2149 SANDY ST,ABILENE,TX,79601,TAYLOR,32.444675,-99.688417,Unknown,Unknown,Unknown,,,,,,,120178,2026-06-13 02:19:41.329224+00:00,2026-06-13 02:19:41.329224+00:00
f4aef5fb-f5d1-4804-9b53-d6d983750984,Walston Mechanical Septic Tank Cleaning,private_regional_septage_facility,PO Box 571,Wilson,NC,,Wilson,,,Yes,Unknown,Unknown,,(252) 299-0983,,,,,NCS-01490,2026-06-13 02:20:14.798453+00:00,2026-06-13 02:20:14.798453+00:00
f4b0e9f0-11f9-4959-8d71-eea24f912b6d,Brunswick County Class B Residuals Program,land_application_site,,,NC,,Brunswick,,,Yes,No,Unknown,,,,https://edocs.deq.nc.gov/WaterResources/Search.aspx?dbid=0&searchcommand=%7B%5B%5D%3A%5BID%20%23%5D%3D%22WQ0034513%22%7D,,,WQ0034513,2026-06-13 02:20:02.366830+00:00,2026-06-13 02:20:02.366830+00:00
f4fcdbad-2a1c-4cbc-9cf0-d5caacec3fe5,20050 NC 902 WWTF,private_regional_septage_facility,,,NC,,Chatham,,,Unknown,Unknown,Unknown,,,,https://edocs.deq.nc.gov/WaterResources/Search.aspx?dbid=0&searchcommand=%7B%5B%5D%3A%5BID%20%23%5D%3D%22WQ0015587%22%7D,,,WQ0015587,2026-06-13 02:20:02.366830+00:00,2026-06-13 02:20:02.366830+00:00
f53e30f2-3c52-4df9-99a8-3d60648bacda,OAKS & MORE INC,composting_facility,10115 HUFSMITH RD,TOMBALL,TX,77375,HARRIS,30.124855,-95.573643,Unknown,Unknown,Unknown,,,,,,,100138,2026-06-13 02:19:52.391210+00:00,2026-06-13 02:19:52.391210+00:00
f5757830-20cc-4b79-bd53-2f18d24b29fd,DOWNSTREAM FACILITY,private_regional_septage_facility,3737 WALNUT BEND LN,HOUSTON,TX,77042,HARRIS,29.719722,-95.566388,Unknown,Unknown,Unknown,,,,,,,2298A,2026-06-13 02:19:52.391210+00:00,2026-06-13 02:19:52.391210+00:00
f57b3c29-f293-4309-ab91-1fd968211035,BURLESON ROAD FACILITY,private_regional_septage_facility,7019 BURLESON RD,AUSTIN,TX,78744-3201,TRAVIS,30.19881,-97.70637,Unknown,Unknown,Unknown,,,,,110070377521,TXRNEBP63,40285,2026-06-13 02:10:24.068110+00:00,2026-06-13 02:19:52.391210+00:00
f5a3bbe4-b3fd-4a31-ac85-bf8613b51471,K & T VENTURES,composting_facility,2685 HIGHWAY 59 S,CLEVELAND,TX,77327-6155,LIBERTY,30.29163,-95.1207,Unknown,Unknown,Unknown,,,,,110070369985,TXR05CX96,100126,2026-06-13 02:12:59.905922+00:00,2026-06-13 02:19:52.391210+00:00
f5bae5ad-cbcf-425f-8057-eddeee124241,BITTERS DROP OFF CENTER,transfer_station,1800 E BITTERS RD,SAN ANTONIO,TX,78216,BEXAR,29.545237,-98.465536,Unknown,Unknown,Unknown,,,,,,,120092,2026-06-13 02:19:52.391210+00:00,2026-06-13 02:19:52.391210+00:00
f5e9694b-80d9-429e-b556-a1800e4eef9b,City of Hendersonville Class A Residuals Program,land_application_site,,,NC,,Henderson,,,Unknown,Unknown,Unknown,,,,https://edocs.deq.nc.gov/WaterResources/Search.aspx?dbid=0&searchcommand=%7B%5B%5D%3A%5BID%20%23%5D%3D%22WQ0011381%22%7D,,,WQ0011381,2026-06-13 02:20:02.366830+00:00,2026-06-13 02:20:02.366830+00:00
f6267605-1cab-45fe-a139-08b4b8fedc72,"Capitol Waste Transfer, LLC",transfer_station,424 Warehouse Drive,Raleigh,NC,27614,Wake,35.752261,-78.631431,Unknown,Unknown,Yes,,(678) 936-2728,,,,,9237T-TRANSFER-2020,2026-06-13 02:20:07.409760+00:00,2026-06-13 02:20:07.409760+00:00
f63a7a1e-74c5-43a7-b1f4-0da7d19d7364,Champion Hills WWTP,potw_receiving_station,,,NC,,Henderson,,,Unknown,Unknown,Unknown,,,,https://edocs.deq.nc.gov/WaterResources/Search.aspx?dbid=0&searchcommand=%7B%5B%5D%3A%5BID%20%23%5D%3D%22WQ0004115%22%7D,,,WQ0004115,2026-06-13 02:20:02.366830+00:00,2026-06-13 02:20:02.366830+00:00
f6767db1-b3d2-4848-b264-3e06384fb429,WASTE WATER RESIDUAL MANAGEMENT WWTP,private_regional_septage_facility,10217 A WALLISVILLE RD,HOUSTON,TX,77013,Harris,29.799639,-95.249861,Unknown,Unknown,Unknown,,,,,110009771906,TX0119075,2370A,2026-06-13 02:17:14.573066+00:00,2026-06-13 02:19:52.391210+00:00
f692ba0e-afb7-4103-9466-5f35bbaae8df,Uwharrie Ridge Six-Twelve WWTF,private_regional_septage_facility,,,NC,,Randolph,,,Unknown,Unknown,Unknown,,,,https://edocs.deq.nc.gov/WaterResources/Search.aspx?dbid=0&searchcommand=%7B%5B%5D%3A%5BID%20%23%5D%3D%22WQ0017824%22%7D,,,WQ0017824,2026-06-13 02:20:02.366830+00:00,2026-06-13 02:20:02.366830+00:00
f6a24576-e2dc-4c7d-b905-afb25282e7b6,MJ Mountain Builders and Septic,private_regional_septage_facility,724 Gray Fox Rd.,Rosman,NC,,Transylvania,35.141023038621,-82.834318082305,Unknown,Unknown,Unknown,,828.-57.6798,,,,,NCS-01922,2026-06-13 02:20:14.798453+00:00,2026-06-13 02:20:14.798453+00:00
f6b2a446-c7da-4218-bf65-dbff146933ba,"Rocky River Disposal Service, Inc.",private_regional_septage_facility,P.O. Box 545,Locust,NC,,Stanly,,,Yes,Unknown,Unknown,,,,,,,NCS-01114,2026-06-13 02:20:14.798453+00:00,2026-06-13 02:20:14.798453+00:00
f6d93a67-dc8e-47db-ac11-0541c352f8bb,Septic Innovations,private_regional_septage_facility,5209 Winfree Ln,Wake Forest,NC,,Wake,35.927199894961,-78.421923137137,Unknown,Unknown,Unknown,,919.-62.3590,,,,,NCS-01919,2026-06-13 02:20:14.798453+00:00,2026-06-13 02:20:14.798453+00:00
f7098c75-c5cd-4b5d-9415-74a3d825194e,Bishop Road Transfer Station,transfer_station,2140 Bishop Road,Greensboro,NC,27406,Guilford,35.992721,-79.854471,Unknown,Unknown,Unknown,,(540) 355-0967,,,,,4118T-TRANSFER-,2026-06-13 02:20:07.409760+00:00,2026-06-13 02:20:07.409760+00:00
f7507e81-384f-4d4b-93ca-745af97b1017,TRAVIS EQUIPMENT COMPANY,composting_facility,3876 E MAIN ST,MIDLOTHIAN,TX,76065,ELLIS,32.46228,-96.946305,Unknown,Unknown,Unknown,,,,,,,100372,2026-06-13 02:19:52.391210+00:00,2026-06-13 02:19:52.391210+00:00
f759e18f-e40f-4010-9f44-1312f8f96667,Harnett County DCAR,land_application_site,,,NC,,Harnett,,,Unknown,Unknown,Unknown,,,,https://edocs.deq.nc.gov/WaterResources/Search.aspx?dbid=0&searchcommand=%7B%5B%5D%3A%5BID%20%23%5D%3D%22WQ0014885%22%7D,,,WQ0014885,2026-06-13 02:20:02.366830+00:00,2026-06-13 02:20:02.366830+00:00
f7d5476a-9650-4dd2-9315-dc219d59a40f,HARRINGTON ORGANIC PRODUCE,composting_facility,1632 ROYALWOOD CIR,JOSHUA,TX,76058,JOHNSON,32.454103,-97.35136,Yes,Yes,Yes,,,,,,,47058,2026-06-13 02:19:52.391210+00:00,2026-06-13 02:19:52.391210+00:00
f7e6dd1c-bd28-41ef-bf8d-705df25d70a5,Town of Bailey WWTF,private_regional_septage_facility,,,NC,,Nash,,,Unknown,Unknown,Unknown,,,,https://edocs.deq.nc.gov/WaterResources/Search.aspx?dbid=0&searchcommand=%7B%5B%5D%3A%5BID%20%23%5D%3D%22WQ0002560%22%7D,,,WQ0002560,2026-06-13 02:20:02.366830+00:00,2026-06-13 02:20:02.366830+00:00
f81bac07-2008-4d95-81c5-3104c3030987,Appalachian State University Compost Facility,composting_facility,265 Dale Street,Boone,NC,28608,Watauga,36.20597,-81.65582,Unknown,Unknown,Unknown,,(828) 262-7296,,,,,9504-COMPOST-2001,2026-06-13 02:20:07.409760+00:00,2026-06-13 02:20:07.409760+00:00
f826d1bb-87cd-4ace-b168-aba58aff97c3,ARBOR CARE INC,composting_facility,336 MCFARLAND RD,HOUSTON,TX,77060,HARRIS,29.911944,-95.393611,Unknown,Unknown,Unknown,,,,,,,100128,2026-06-13 02:19:52.391210+00:00,2026-06-13 02:19:52.391210+00:00
f82bfc72-d8ce-4260-8ddb-aace68240e60,City of Lenoir DCAR,land_application_site,,,NC,,Caldwell,,,Unknown,Unknown,Unknown,,,,https://edocs.deq.nc.gov/WaterResources/Search.aspx?dbid=0&searchcommand=%7B%5B%5D%3A%5BID%20%23%5D%3D%22WQ0010059%22%7D,,,WQ0010059,2026-06-13 02:20:02.366830+00:00,2026-06-13 02:20:02.366830+00:00
f82f8677-737b-47af-a46b-1836f579f58d,"C. S. Hines, Inc.",private_regional_septage_facility,3152 Caratoke Hwy,Currituck,NC,,Currituck,36.43196772396,-76.007675015193,Yes,Yes,Unknown,,(757) 482-7001,,,,,NCS-00242,2026-06-13 02:20:07.409760+00:00,2026-06-13 02:20:07.409760+00:00
f844fceb-fe4b-4274-a7cc-1949b88afa62,Town of Boiling Springs Class B Residuals Program,land_application_site,,,NC,,Cleveland,,,Unknown,Unknown,Unknown,,,,https://edocs.deq.nc.gov/WaterResources/Search.aspx?dbid=0&searchcommand=%7B%5B%5D%3A%5BID%20%23%5D%3D%22WQ0018352%22%7D,,,WQ0018352,2026-06-13 02:20:02.366830+00:00,2026-06-13 02:20:02.366830+00:00
f84e35ed-c615-4384-9e63-33d603358223,DICKENS COUNTY ROLL-OFF SITE,transfer_station,,,,,DICKENS,33.522777,-100.844166,Unknown,Unknown,Unknown,,,,,,,120206,2026-06-13 02:19:41.329224+00:00,2026-06-13 02:19:41.329224+00:00
f867ee87-7c7e-4b6b-9284-ab8c59894418,Russell & Son's Septic,private_regional_septage_facility,64 Kellogg Fork Road,Sunbury,NC,,Gates,36.457011865261,-76.608698207612,Yes,Unknown,Unknown,,(252) 599-7130,,,,,NCS-01497,2026-06-13 02:20:07.409760+00:00,2026-06-13 02:20:07.409760+00:00
f873fb1d-8e4f-4d44-ab32-2b448275cf7d,Town of Pink Hill WWTF,private_regional_septage_facility,,,NC,,Lenoir,,,Unknown,Unknown,Unknown,,,,https://edocs.deq.nc.gov/WaterResources/Search.aspx?dbid=0&searchcommand=%7B%5B%5D%3A%5BID%20%23%5D%3D%22WQ0005721%22%7D,,,WQ0005721,2026-06-13 02:20:02.366830+00:00,2026-06-13 02:20:02.366830+00:00
f8c2ed6c-a3a8-4639-825f-31089df24797,CITY OF ATHENS CITIZENS COLLECTION STATION,transfer_station,500 AARON ST,TYLER,TX,75751,HENDERSON,32.196204,-95.873841,Unknown,Unknown,Unknown,,,,,,,120153,2026-06-13 02:19:52.391210+00:00,2026-06-13 02:19:52.391210+00:00
f8dfeac7-f488-465d-8dcf-83c8db1f199c,Kendrick's Sanitation Services,private_regional_septage_facility,3637 Durham Rd,Roxboro,NC,,Person,36.34428292483,-78.98089271428,Yes,Unknown,Yes,,(336) 599-9736,,,,,NCS-00307,2026-06-13 02:20:14.798453+00:00,2026-06-13 02:20:14.798453+00:00
f8fb41f8-7347-4b3f-9f34-aa3636e482fe,PORT ARANSAS CITIZENS COLLECTION STATION,transfer_station,,,,,NUECES,27.825,-97.08,Unknown,Unknown,Unknown,,,,,,,120070,2026-06-13 02:19:52.391210+00:00,2026-06-13 02:19:52.391210+00:00
f940bcce-81e1-4d6b-a6f9-870c31838856,CITY OF NIXON WWTP,transfer_station,784 NORTH ST HWY 80,NIXON,TX,78140,Gonzales,29.284167,-97.769139,Unknown,Unknown,Unknown,,,,,110009778213,TX0070785,120086,2026-06-13 02:10:47.633927+00:00,2026-06-13 02:19:52.391210+00:00
f99718e1-81d5-4be7-b7c3-0fa039247d90,"M.P.H. Driveways & Septic Tanks, Inc.",private_regional_septage_facility,3510 Summerlin Crossroad Rd.,Mount Olive,NC,,Duplin,35.167009181084,-78.012827469979,Unknown,Unknown,Unknown,,(919) 252-0316,,,,,NCS-01731,2026-06-13 02:20:07.409760+00:00,2026-06-13 02:20:07.409760+00:00
f998a561-48e2-4252-b6ad-9d910028f7b8,Parcel No. 9833582932 Bushy Cook Rd. SFR,private_regional_septage_facility,,,NC,,Orange,,,Unknown,Unknown,Unknown,,,,https://edocs.deq.nc.gov/WaterResources/Search.aspx?dbid=0&searchcommand=%7B%5B%5D%3A%5BID%20%23%5D%3D%22WQ0041910%22%7D,,,WQ0041910,2026-06-13 02:20:02.366830+00:00,2026-06-13 02:20:02.366830+00:00
f9e8f2a2-fa94-4f00-8316-097ea3d38cdd,H & T Truck Wash WWTF,private_regional_septage_facility,,,NC,,Greene,,,Unknown,Unknown,Unknown,,,,https://edocs.deq.nc.gov/WaterResources/Search.aspx?dbid=0&searchcommand=%7B%5B%5D%3A%5BID%20%23%5D%3D%22WQ0022523%22%7D,,,WQ0022523,2026-06-13 02:20:02.366830+00:00,2026-06-13 02:20:02.366830+00:00
fa49ae0b-a39b-4ddd-96e9-f3e8f2fb548f,Deluxe Restrooms,private_regional_septage_facility,2028 Metacomet Way,Raleigh,NC,,Wake,35.812962003001,-78.544156344807,Unknown,Unknown,Unknown,,805.-23.1895,,,,,NCS-01910,2026-06-13 02:20:14.798453+00:00,2026-06-13 02:20:14.798453+00:00
fa665f20-fe91-49e0-ae9e-252c92f34bc9,Braxton Septic Tank Service,private_regional_septage_facility,9900 US Hwy 17 N,Vanceboro,NC,,Craven,35.34099755462,-77.151004244757,Yes,Yes,Unknown,,(252) 244-0713,,,,,NCS-01000,2026-06-13 02:20:07.409760+00:00,2026-06-13 02:20:07.409760+00:00
fa708822-af60-4a1d-9b14-f5e2f08d7ba7,COVE CITIZENS COLLECTION STATION,transfer_station,8138 F M 3246,BAYTOWN,TX,77523,CHAMBERS,29.826323,-94.809621,Unknown,Unknown,Unknown,,,,,,,120189,2026-06-13 02:19:52.391210+00:00,2026-06-13 02:19:52.391210+00:00
fa8020cf-84c8-469b-821d-5f3e0748bf84,Town of Denton RLAP,land_application_site,,,NC,,Davidson,,,Unknown,Unknown,Unknown,,,,https://edocs.deq.nc.gov/WaterResources/Search.aspx?dbid=0&searchcommand=%7B%5B%5D%3A%5BID%20%23%5D%3D%22WQ0016966%22%7D,,,WQ0016966,2026-06-13 02:20:02.366830+00:00,2026-06-13 02:20:02.366830+00:00
fa8bdf3f-0a7e-4d34-bb80-e17050a8f578,Rocky River Farms,private_regional_septage_facility,,,NC,,Union,,,Unknown,Unknown,Unknown,,,,https://edocs.deq.nc.gov/WaterResources/Search.aspx?dbid=0&searchcommand=%7B%5B%5D%3A%5BID%20%23%5D%3D%22WQ0031869%22%7D,,,WQ0031869,2026-06-13 02:20:02.366830+00:00,2026-06-13 02:20:02.366830+00:00
fa91a8c8-dc3f-4cbf-a957-fa94770ab9e5,GWG WOOD GROUP,composting_facility,2797 MILLER FERRY RD,FERRIS,TX,75125-8920,Dallas,32.566024,-96.669146,Unknown,Unknown,Unknown,,,,,110033683477,TXR05T372,100141,2026-06-13 02:12:17.996583+00:00,2026-06-13 02:19:52.391210+00:00
fab7ab2c-e8b7-4be8-a655-5bc5ea1ab647,City of Durham Class B Residuals Program,land_application_site,,,NC,,Durham,,,Unknown,Unknown,Unknown,,,,https://edocs.deq.nc.gov/WaterResources/Search.aspx?dbid=0&searchcommand=%7B%5B%5D%3A%5BID%20%23%5D%3D%22WQ0003504%22%7D,,,WQ0003504,2026-06-13 02:20:02.366830+00:00,2026-06-13 02:20:02.366830+00:00
fac5d91b-6d10-4b8f-ac25-e86f3a3a6bd4,Wilmington Compost Company Facility,composting_facility,7336 NC HWY 210,Rocky Point,NC,28457,Pender,34.430187,-77.784771,Unknown,Unknown,Unknown,,(910) 660-9117,,,,,7105-COMPOST-2024,2026-06-13 02:20:07.409760+00:00,2026-06-13 02:20:07.409760+00:00
fae624e0-9db7-429e-a8e1-789e18a9723a,Queen City Transfer Station,transfer_station,3130 Jeff Adams Drive,Charlotte,NC,28206,Mecklenburg,35.271768,-80.829167,Unknown,Unknown,Unknown,,(717) 659-4544,,,,,6014-TRANSFER-2009,2026-06-13 02:20:07.409760+00:00,2026-06-13 02:20:07.409760+00:00
faf145e9-53fa-47a0-9bf2-b5326aef4036,Hurley Backhoe Services Inc,private_regional_septage_facility,184 Hurley Farm Road,Star,NC,,Montgomery,35.484412189392,-79.907192906238,Yes,Unknown,Yes,,(910) 571-0698,,,,,NCS-00759,2026-06-13 02:20:14.798453+00:00,2026-06-13 02:20:14.798453+00:00
fb121cad-777b-4324-b2c9-2d8aba2bd968,Great China Restaurant,private_regional_septage_facility,3548 Yadkinville Road,Winston-Salem,NC,,Forsyth,36.154030920135,-80.314518391817,Unknown,Unknown,Unknown,,,,,,,NCS-00960,2026-06-13 02:20:07.409760+00:00,2026-06-13 02:20:07.409760+00:00
fb198e71-896b-469c-abba-1e11a5059858,Bobby Davis Jr Septic Tank Service,private_regional_septage_facility,P O Box 157,Morrisville,NC,,Wake,,,Yes,Yes,Unknown,,(919) 481-6929,,,,,NCS-00737,2026-06-13 02:20:14.798453+00:00,2026-06-13 02:20:14.798453+00:00
fb261b8a-45b1-4890-a13e-344f03e26498,MULLER FARM COMPOSTING PROJECT,composting_facility,4250 CENTERPOINT,SAN MARCOS,TX,,HAYS,,,Unknown,Unknown,Unknown,,,,,,,47040,2026-06-13 02:19:52.391210+00:00,2026-06-13 02:19:52.391210+00:00
fb74a5e1-090d-43ba-a8da-d23d40a518f5,Wallace Farm Compost Facility,composting_facility,14410 Eastfield Road,Huntersville,NC,28078,Mecklenburg,35.396765,-80.768878,Unknown,Unknown,Unknown,,(229) 326-1149,,,,,6022-COMPOST-,2026-06-13 02:20:07.409760+00:00,2026-06-13 02:20:07.409760+00:00
fb9d3765-b528-4ca8-8def-c39dd66d1cbb,ORGANIC RECYCLER DALLAS,composting_facility,2101 MANANA DR,DALLAS,TX,75220-7110,DALLAS,32.87509,-96.90977,Unknown,Unknown,Unknown,,,,,110071344992,TXR05FR59,47079,2026-06-13 02:14:15.584891+00:00,2026-06-13 02:19:52.391210+00:00
fba87214-77f6-4806-b1a4-de21cb6257f5,Safari Septic LLC,private_regional_septage_facility,141 N. Gibbs Road,c,NC,,Iredell,,,Yes,Unknown,Unknown,,(704) 977-3557,,,,,NCS-01596,2026-06-13 02:20:14.798453+00:00,2026-06-13 02:20:14.798453+00:00
fbc84682-a3c3-478a-b097-388f604255c9,Hardee's Septic Tank Service,private_regional_septage_facility,1061 White Memorial Church Rd,Willow Springs,NC,,Johnston,35.535305981647,-78.630941808538,Yes,Unknown,Unknown,,(919) 639-2060,,,,,NCS-00086,2026-06-13 02:20:14.798453+00:00,2026-06-13 02:20:14.798453+00:00
fbd6dcd1-caf0-4a5f-8c7a-19e7a58d8b6d,"Asheboro, City of Recycling/SW Transfer Station",transfer_station,630 Transfer Station Place,Asheboro,NC,27203,Randolph,35.719438,-79.795816,Unknown,Unknown,Unknown,,(336) 625-2944,,,,,7605T-TRANSFER-2002,2026-06-13 02:20:07.409760+00:00,2026-06-13 02:20:07.409760+00:00
fbee6838-6ff1-486a-9c05-06531dd1827c,Union Septic Solutions LLC,private_regional_septage_facility,3329 Ansonville Road,Marshville,NC,,Union,35.04081581494,-80.370371827202,Yes,Yes,Unknown,,980.-32.1499,,,,,NCS-01682,2026-06-13 02:20:14.798453+00:00,2026-06-13 02:20:14.798453+00:00
fc0cf7a5-8973-4e58-921a-7239237f321e,Blue Diamond Portable Restrooms,private_regional_septage_facility,115 Juniper Ridge Road,Conway,,,,,,Unknown,Unknown,Yes,,(843)798-8737,,,,,NCS-01837,2026-06-13 02:20:07.409760+00:00,2026-06-13 02:20:07.409760+00:00
fc227204-aa42-4cf3-9cae-6a2d20d7f13e,FYL Industries Corp,private_regional_septage_facility,180 Kingsland Rd,Clifton,NC,,Richmond,,,Unknown,Unknown,Unknown,,(862)249-1109,,,,,NCS-01864,2026-06-13 02:20:14.798453+00:00,2026-06-13 02:20:14.798453+00:00
fc6d8c89-616f-4fc8-ae92-293bc08842a1,Acre Station Meat Farm WWTF,private_regional_septage_facility,,,NC,,Beaufort,,,Unknown,Unknown,Unknown,,,,https://edocs.deq.nc.gov/WaterResources/Search.aspx?dbid=0&searchcommand=%7B%5B%5D%3A%5BID%20%23%5D%3D%22WQ0010034%22%7D,,,WQ0010034,2026-06-13 02:20:02.366830+00:00,2026-06-13 02:20:02.366830+00:00
fc852a34-a144-4861-9a00-4d0683b68442,MULCH MATTERS,composting_facility,9911 C E KING PKWY,HOUSTON,TX,77044,HARRIS,29.8432,-95.44,Unknown,Unknown,Unknown,,,,,,,100067,2026-06-13 02:19:52.391210+00:00,2026-06-13 02:19:52.391210+00:00
fcbce232-4677-4763-a284-cfbd5ce7ec0b,Camp Boddie WWTF,private_regional_septage_facility,,,NC,,Beaufort,,,Unknown,Unknown,Unknown,,,,https://edocs.deq.nc.gov/WaterResources/Search.aspx?dbid=0&searchcommand=%7B%5B%5D%3A%5BID%20%23%5D%3D%22WQ0011655%22%7D,,,WQ0011655,2026-06-13 02:20:02.366830+00:00,2026-06-13 02:20:02.366830+00:00
fcc1056f-a8a3-4371-93c8-aa2d83091b70,CITY OF EAGLE PASS PUBLIC WORKS,transfer_station,1100 BROWN ST,EAGLE PASS,TX,78852,MAVERICK,28.64,-100.39,Unknown,Unknown,Unknown,,,,,,,120152,2026-06-13 02:19:52.391210+00:00,2026-06-13 02:19:52.391210+00:00
fcf58ad2-0ea3-42e9-9bc8-c214b1240e1c,Camp Lejeune Compost Facility,composting_facility,Piney Green Road,Camp Lejeune,NC,28542,Onslow,34.687191,-77.325071,Unknown,Unknown,Unknown,,(910) 451-5836,,,,,6710-COMPOST-1999,2026-06-13 02:20:07.409760+00:00,2026-06-13 02:20:07.409760+00:00
fd2460e4-7977-44f5-9b02-250984e7ab1e,Anderson Septic Tank Cleaning Service,private_regional_septage_facility,3249 Flat Gap Road,Valdese,NC,,Burke,35.718519138105,-81.573588593674,Yes,Yes,Unknown,,(828) 874-5005,,,,,NCS-00765,2026-06-13 02:20:07.409760+00:00,2026-06-13 02:20:07.409760+00:00
fd35dc8a-f0fa-442d-b8c5-e11bcea98696,LIVING EARTH TECHNOLOGY,composting_facility,20611 US HIGHWAY 59,NEW CANEY,TX,77357-8273,MONTGOMERY,30.146951,-95.22056,Unknown,Unknown,Unknown,,,,,110070362983,TXR05AF99,100189,2026-06-13 02:13:19.417606+00:00,2026-06-13 02:19:52.391210+00:00
fd374a6e-18ea-4065-9523-b6d6980ba015,Dunbar Foods WWIS,private_regional_septage_facility,,,NC,,Harnett,,,Unknown,Unknown,Unknown,,,,https://edocs.deq.nc.gov/WaterResources/Search.aspx?dbid=0&searchcommand=%7B%5B%5D%3A%5BID%20%23%5D%3D%22WQ0005614%22%7D,,,WQ0005614,2026-06-13 02:20:02.366830+00:00,2026-06-13 02:20:02.366830+00:00
fd7e1157-ad34-4d09-a6f4-bf13d5e0f803,SAN PATRICIO COUNTY PRECINCT 3 - ODEM OFFICE,transfer_station,324 MAIN ST,ODEM,TX,78370,SAN PATRICIO,27.951324,-97.583541,Unknown,Unknown,Unknown,,,,,,,120219,2026-06-13 02:19:52.391210+00:00,2026-06-13 02:19:52.391210+00:00
fda50f82-f14d-4a22-b03a-97bf0220cac0,AMERESCO MCCARTY ENERGY LLC,anaerobic_digester,5755 OATES RD,HOUSTON,TX,77078,HARRIS,29.821388,-95.240555,Unknown,Unknown,Unknown,,,,,,,48025,2026-06-13 02:19:52.391210+00:00,2026-06-13 02:19:52.391210+00:00
fdd6ac42-056d-44cc-9a3e-01b9eb5e3738,Granville Farms Class A Residuals Program,land_application_site,,,NC,,Unknown,,,Unknown,Unknown,Unknown,,,,https://edocs.deq.nc.gov/WaterResources/Search.aspx?dbid=0&searchcommand=%7B%5B%5D%3A%5BID%20%23%5D%3D%22WQ0033587%22%7D,,,WQ0033587,2026-06-13 02:20:02.366830+00:00,2026-06-13 02:20:02.366830+00:00
fdf24b52-a2c7-47eb-a67f-99eab673b223,JSI TRANSFER STATION,transfer_station,11028 CORDOBA DR,HOUSTON,TX,77088-1760,Harris,29.893292,-95.448147,Unknown,Unknown,Unknown,,,,,110071711109,TXR05FG46,2405,2026-06-13 02:12:53.281620+00:00,2026-06-13 02:19:52.391210+00:00
fe4553bc-60a4-47b3-baf7-3e95aa86355b,Stay Clean,private_regional_septage_facility,670 Wiggins Road,Angier,NC,,Johnston,35.509616562675,-78.622232688512,Yes,Unknown,Yes,,(919) 427-1623,,,,,NCS-00304,2026-06-13 02:20:14.798453+00:00,2026-06-13 02:20:14.798453+00:00
fe7bb6f5-c933-40c1-a2c9-004e916391ae,Scotch Hall Preserve WWTF,private_regional_septage_facility,,,NC,,Bertie,,,Unknown,Unknown,Unknown,,,,https://edocs.deq.nc.gov/WaterResources/Search.aspx?dbid=0&searchcommand=%7B%5B%5D%3A%5BID%20%23%5D%3D%22WQ0029653%22%7D,,,WQ0029653,2026-06-13 02:20:02.366830+00:00,2026-06-13 02:20:02.366830+00:00
fe7bd293-5aed-4f84-a8a0-5476dc76fa3a,Maxton Plant and Silgan Can Company WWTF,private_regional_septage_facility,,,NC,,Robeson,,,Unknown,Unknown,Unknown,,,,https://edocs.deq.nc.gov/WaterResources/Search.aspx?dbid=0&searchcommand=%7B%5B%5D%3A%5BID%20%23%5D%3D%22WQ0003626%22%7D,,,WQ0003626,2026-06-13 02:20:02.366830+00:00,2026-06-13 02:20:02.366830+00:00
fe7e7555-9539-4d73-9d59-69f0dd52fe95,Greasecycle (Charlotte),private_regional_septage_facility,3900 Commerce Park Drive,Raleigh,NC,,Mecklenburg,35.792356761701,-78.57074208551,Unknown,Yes,Unknown,,(919) 817-6792,,,,,NCS-01667,2026-06-13 02:20:14.798453+00:00,2026-06-13 02:20:14.798453+00:00
fe918016-b757-4f04-929c-c0e651dff120,PECOS TRANSFER STATION,transfer_station,,,,,REEVES,31.376111,-103.516388,Unknown,Unknown,Unknown,,,,,,,40292,2026-06-13 02:19:52.391210+00:00,2026-06-13 02:19:52.391210+00:00
fee5958b-3b2e-4a32-9375-27e895ae6ba1,Coastal Protein WWTF,private_regional_septage_facility,,,NC,,Sampson,,,Unknown,Unknown,Unknown,,,,https://edocs.deq.nc.gov/WaterResources/Search.aspx?dbid=0&searchcommand=%7B%5B%5D%3A%5BID%20%23%5D%3D%22WQ0007240%22%7D,,,WQ0007240,2026-06-13 02:20:02.366830+00:00,2026-06-13 02:20:02.366830+00:00
ff0ec004-4e8a-45cb-adc6-375f49197f3d,J-V DIRT + LOAM,composting_facility,3600 N FM 973,AUSTIN,TX,78725,Travis,30.19789,-97.64268,Unknown,Unknown,Unknown,,,,,110033846006,TX0136654,2310,2026-06-13 02:12:53.281620+00:00,2026-06-13 02:19:52.391210+00:00
ff450dd6-f06a-4a32-88b4-5693f4bd5dd9,Rollingview Marina WWTF,private_regional_septage_facility,,,NC,,Durham,,,Unknown,Unknown,Unknown,,,,https://edocs.deq.nc.gov/WaterResources/Search.aspx?dbid=0&searchcommand=%7B%5B%5D%3A%5BID%20%23%5D%3D%22WQ0001189%22%7D,,,WQ0001189,2026-06-13 02:20:02.366830+00:00,2026-06-13 02:20:02.366830+00:00
ff6bd29f-0ec2-46a2-9b1d-9a848207a443,MONSTER DUMPSTER,transfer_station,2166 US HIGHWAY 190,HUNTSVILLE,TX,77340,WALKER,30.724444,-95.408056,Unknown,Unknown,Unknown,,,,,,,110054,2026-06-13 02:19:52.391210+00:00,2026-06-13 02:19:52.391210+00:00
ff86a741-13cc-4c0e-b34f-e43c98954873,CITY OF NEWTON CITIZENS COLLECTION STATION,transfer_station,301 N KAUFMAN ST,NEWTON,TX,75966,NEWTON,30.853333,-93.763055,Unknown,Unknown,Unknown,,,,,,,120082,2026-06-13 02:19:52.391210+00:00,2026-06-13 02:19:52.391210+00:00
ffd31194-ecc9-4eac-82eb-8c3e459153e2,Waters Edge WWTP,private_regional_septage_facility,,,NC,,Rowan,,,Unknown,Unknown,Unknown,,,,https://edocs.deq.nc.gov/WaterResources/Search.aspx?dbid=0&searchcommand=%7B%5B%5D%3A%5BID%20%23%5D%3D%22WQ0002001%22%7D,,,WQ0002001,2026-06-13 02:20:02.366830+00:00,2026-06-13 02:20:02.366830+00:00
ffe57eb0-d27d-496c-9aab-2e53fc6c8ee5,Rose Acre Farms,composting_facility,1560 Hyde Park Canal Road,Pantego,NC,27860,Hyde,35.654583,-76.519383,Unknown,Unknown,Unknown,,(252) 935-5800,,,,,4801-COMPOST-,2026-06-13 02:20:07.409760+00:00,2026-06-13 02:20:07.409760+00:00
fffed078-a673-4cf6-82a8-bae2deb8cf34,FM 362 TRANSFER STATION,transfer_station,29749 FM 362 RD,WALLER,TX,77484,GRIMES,30.210524,-95.94149,Unknown,Unknown,Unknown,,,,,,,110014,2026-06-13 02:19:52.391210+00:00,2026-06-13 02:19:52.391210+00:00
